"STATION","NAME","LATITUDE","LONGITUDE","ELEVATION","DATE","AWND","PRCP","SNOW","SNWD","TAVG","TMAX","TMIN","WDF2","WDF5","WSF2","WSF5","WT01","WT02","WT08"
"USW00093134","LOS ANGELES DOWNTOWN USC, CA US","34.0236","-118.2911","54.6","2020-01-01","1.34","0.00",,,,"70","49","  270","  270","8.9","13.0",,,
"USW00093134","LOS ANGELES DOWNTOWN USC, CA US","34.0236","-118.2911","54.6","2020-01-02","1.34","0.00",,,,"70","50","   90","   90","8.9","14.1",,,"    1"
"USW00093134","LOS ANGELES DOWNTOWN USC, CA US","34.0236","-118.2911","54.6","2020-01-03","0.89","0.00",,,,"76","51","  270","  270","6.9","10.1",,,
"USW00093134","LOS ANGELES DOWNTOWN USC, CA US","34.0236","-118.2911","54.6","2020-01-04","0.67","0.00",,,,"72","48","  260","  270","6.9","11.0","    1",,"    1"
"USW00093134","LOS ANGELES DOWNTOWN USC, CA US","34.0236","-118.2911","54.6","2020-01-05","0.67","0.00",,,,"71","48","  260","  260","8.9","12.1","    1",,"    1"
"USW00093134","LOS ANGELES DOWNTOWN USC, CA US","34.0236","-118.2911","54.6","2020-01-06","0.89","0.00",,,,"79","48","   40","   40","6.0","8.1",,,
"USW00093134","LOS ANGELES DOWNTOWN USC, CA US","34.0236","-118.2911","54.6","2020-01-07","2.46","0.00",,,,"79","56","  100","  100","6.9","11.0",,,
"USW00093134","LOS ANGELES DOWNTOWN USC, CA US","34.0236","-118.2911","54.6","2020-01-08","1.57","0.00",,,,"66","53","  260","  270","8.1","12.1",,,"    1"
"USW00093134","LOS ANGELES DOWNTOWN USC, CA US","34.0236","-118.2911","54.6","2020-01-09","1.57","0.00",,,,"64","51","  260","  270","8.1","12.1",,,"    1"
"USW00093134","LOS ANGELES DOWNTOWN USC, CA US","34.0236","-118.2911","54.6","2020-01-10","1.12","0.00",,,,"67","47","  270","  270","8.1","12.1",,,
"USW00093134","LOS ANGELES DOWNTOWN USC, CA US","34.0236","-118.2911","54.6","2020-01-11","0.89","0.00",,,,"65","46","  260","  260","6.9","11.0",,,
"USW00093134","LOS ANGELES DOWNTOWN USC, CA US","34.0236","-118.2911","54.6","2020-01-12","1.12","0.00",,,,"65","49","  260","  270","8.1","13.0",,,"    1"
"USW00093134","LOS ANGELES DOWNTOWN USC, CA US","34.0236","-118.2911","54.6","2020-01-13","0.67","0.00",,,,"65","49","  270","  280","6.0","11.0","    1",,"    1"
"USW00093134","LOS ANGELES DOWNTOWN USC, CA US","34.0236","-118.2911","54.6","2020-01-14","0.45","0.00",,,,"65","48","  270","  270","8.1","12.1",,,"    1"
"USW00093134","LOS ANGELES DOWNTOWN USC, CA US","34.0236","-118.2911","54.6","2020-01-15","0.22","0.00",,,,"67","47","  260","  260","6.9","10.1",,,"    1"
"USW00093134","LOS ANGELES DOWNTOWN USC, CA US","34.0236","-118.2911","54.6","2020-01-16","1.34","0.15",,,,"63","50","  260","  270","10.1","18.1","    1",,"    1"
"USW00093134","LOS ANGELES DOWNTOWN USC, CA US","34.0236","-118.2911","54.6","2020-01-17","2.01","0.15",,,,"65","49","   90","   70","8.1","12.1","    1",,
"USW00093134","LOS ANGELES DOWNTOWN USC, CA US","34.0236","-118.2911","54.6","2020-01-18","1.57","0.00",,,,"73","49","  270","  270","6.9","12.1",,,
"USW00093134","LOS ANGELES DOWNTOWN USC, CA US","34.0236","-118.2911","54.6","2020-01-19","2.01","0.00",,,,"77","54","  270","  270","8.1","13.0",,,
"USW00093134","LOS ANGELES DOWNTOWN USC, CA US","34.0236","-118.2911","54.6","2020-01-20","0.67","0.00",,,,"65","56","   90","  120","6.0","8.9",,,
"USW00093134","LOS ANGELES DOWNTOWN USC, CA US","34.0236","-118.2911","54.6","2020-01-21","0.89","0.02",,,,"65","54","  260","  260","8.1","14.1",,,
"USW00093134","LOS ANGELES DOWNTOWN USC, CA US","34.0236","-118.2911","54.6","2020-01-22","0.45","0.00",,,,"67","52","  260","  260","6.0","10.1",,,"    1"
"USW00093134","LOS ANGELES DOWNTOWN USC, CA US","34.0236","-118.2911","54.6","2020-01-23","1.57","0.00",,,,"76","51","  260","  270","8.1","12.1",,,"    1"
"USW00093134","LOS ANGELES DOWNTOWN USC, CA US","34.0236","-118.2911","54.6","2020-01-24","0.89","0.00",,,,"75","52","  270","  270","8.1","11.0","    1","    1","    1"
"USW00093134","LOS ANGELES DOWNTOWN USC, CA US","34.0236","-118.2911","54.6","2020-01-25","0.67","0.00",,,,"72","53","  260","  270","6.9","10.1","    1","    1","    1"
"USW00093134","LOS ANGELES DOWNTOWN USC, CA US","34.0236","-118.2911","54.6","2020-01-26","1.34","0.00",,,,"63","56","  280","  260","6.9","11.0",,,"    1"
"USW00093134","LOS ANGELES DOWNTOWN USC, CA US","34.0236","-118.2911","54.6","2020-01-27","1.57","0.00",,,,"73","53","  360","  330","6.9","11.0","    1",,"    1"
"USW00093134","LOS ANGELES DOWNTOWN USC, CA US","34.0236","-118.2911","54.6","2020-01-28","2.01","0.00",,,,"77","55","  320","  320","10.1","18.1",,,
"USW00093134","LOS ANGELES DOWNTOWN USC, CA US","34.0236","-118.2911","54.6","2020-01-29","3.13","0.00",,,,"78","57","   10","   20","14.1","23.9",,,
"USW00093134","LOS ANGELES DOWNTOWN USC, CA US","34.0236","-118.2911","54.6","2020-01-30","0.89","0.00",,,,"76","52","  260","  260","6.9","11.0",,,
"USW00093134","LOS ANGELES DOWNTOWN USC, CA US","34.0236","-118.2911","54.6","2020-01-31","0.89","0.00",,,,"83","51","  260","  270","8.1","12.1",,,
"USW00093134","LOS ANGELES DOWNTOWN USC, CA US","34.0236","-118.2911","54.6","2020-02-01","1.57","0.00",,,,"86","55","  260","  260","8.1","13.0",,,
"USW00093134","LOS ANGELES DOWNTOWN USC, CA US","34.0236","-118.2911","54.6","2020-02-02","2.46","0.00",,,,"72","55","  350","  360","8.9","17.0",,,
"USW00093134","LOS ANGELES DOWNTOWN USC, CA US","34.0236","-118.2911","54.6","2020-02-03","5.82","0.00",,,,"63","48","  340","  330","19.9","34.0",,,
"USW00093134","LOS ANGELES DOWNTOWN USC, CA US","34.0236","-118.2911","54.6","2020-02-04","1.12","0.00",,,,"62","42","  260","  270","8.9","15.0",,,
"USW00093134","LOS ANGELES DOWNTOWN USC, CA US","34.0236","-118.2911","54.6","2020-02-05","1.12","0.00",,,,"64","44","  260","  270","8.1","13.0",,,
"USW00093134","LOS ANGELES DOWNTOWN USC, CA US","34.0236","-118.2911","54.6","2020-02-06","0.45","0.00",,,,"67","47","  260","  260","6.9","12.1",,,
"USW00093134","LOS ANGELES DOWNTOWN USC, CA US","34.0236","-118.2911","54.6","2020-02-07","1.34","0.00",,,,"69","48","  270","  260","6.0","10.1",,,"    1"
"USW00093134","LOS ANGELES DOWNTOWN USC, CA US","34.0236","-118.2911","54.6","2020-02-08","1.12","0.00",,,,"70","51","  270","  260","8.1","13.0","    1",,"    1"
"USW00093134","LOS ANGELES DOWNTOWN USC, CA US","34.0236","-118.2911","54.6","2020-02-09","2.91","0.00",,,,"63","54","  100","   90","10.1","17.0",,,"    1"
"USW00093134","LOS ANGELES DOWNTOWN USC, CA US","34.0236","-118.2911","54.6","2020-02-10","2.24","0.00",,,,"76","52","  360","  350","12.1","21.9",,,"    1"
"USW00093134","LOS ANGELES DOWNTOWN USC, CA US","34.0236","-118.2911","54.6","2020-02-11","0.67","0.00",,,,"74","52","  260","  280","8.9","16.1",,,
"USW00093134","LOS ANGELES DOWNTOWN USC, CA US","34.0236","-118.2911","54.6","2020-02-12","0.89","0.00",,,,"69","50","  260","  260","6.9","14.1",,,"    1"
"USW00093134","LOS ANGELES DOWNTOWN USC, CA US","34.0236","-118.2911","54.6","2020-02-13","1.12","0.00",,,,"71","50","  260","  270","8.1","13.0",,,
"USW00093134","LOS ANGELES DOWNTOWN USC, CA US","34.0236","-118.2911","54.6","2020-02-14","0.67","0.00",,,,"71","49","  260","  260","8.1","13.0",,,"    1"
"USW00093134","LOS ANGELES DOWNTOWN USC, CA US","34.0236","-118.2911","54.6","2020-02-15","0.89","0.00",,,,"70","49","  260","  270","8.1","13.0",,,"    1"
"USW00093134","LOS ANGELES DOWNTOWN USC, CA US","34.0236","-118.2911","54.6","2020-02-16","0.45","0.00",,,,"72","51","  260","  270","8.1","13.0","    1","    1","    1"
"USW00093134","LOS ANGELES DOWNTOWN USC, CA US","34.0236","-118.2911","54.6","2020-02-17","1.12","0.00",,,,"70","51","  270","  270","6.9","12.1",,,"    1"
"USW00093134","LOS ANGELES DOWNTOWN USC, CA US","34.0236","-118.2911","54.6","2020-02-18","1.12","0.00",,,,"72","56","  260","  270","8.1","14.1","    1",,"    1"
"USW00093134","LOS ANGELES DOWNTOWN USC, CA US","34.0236","-118.2911","54.6","2020-02-19","1.34","0.00",,,,"70","57","  250","  260","6.9","13.0",,,"    1"
"USW00093134","LOS ANGELES DOWNTOWN USC, CA US","34.0236","-118.2911","54.6","2020-02-20","1.12","0.00",,,,"81","52","  260","  260","8.9","19.0","    1",,"    1"
"USW00093134","LOS ANGELES DOWNTOWN USC, CA US","34.0236","-118.2911","54.6","2020-02-21","2.24","0.00",,,,"80","58","  130","  170","8.1","12.1",,,"    1"
"USW00093134","LOS ANGELES DOWNTOWN USC, CA US","34.0236","-118.2911","54.6","2020-02-22","2.24","0.04",,,,"66","59","  260","  140","10.1","18.1",,,
"USW00093134","LOS ANGELES DOWNTOWN USC, CA US","34.0236","-118.2911","54.6","2020-02-23","1.12","0.00",,,,"68","53","  260","  270","8.1","12.1",,,
"USW00093134","LOS ANGELES DOWNTOWN USC, CA US","34.0236","-118.2911","54.6","2020-02-24","0.67","0.00",,,,"71","52","  270","  260","8.9","14.1",,,"    1"
"USW00093134","LOS ANGELES DOWNTOWN USC, CA US","34.0236","-118.2911","54.6","2020-02-25","0.67","0.00",,,,"83","52","  270","  260","8.1","13.0",,,"    1"
"USW00093134","LOS ANGELES DOWNTOWN USC, CA US","34.0236","-118.2911","54.6","2020-02-26","0.89","0.00",,,,"81","53","  260","  260","8.9","13.0",,,
"USW00093134","LOS ANGELES DOWNTOWN USC, CA US","34.0236","-118.2911","54.6","2020-02-27","1.57","0.00",,,,"86","57","  270","  260","6.9","11.0",,,"    1"
"USW00093134","LOS ANGELES DOWNTOWN USC, CA US","34.0236","-118.2911","54.6","2020-02-28","2.46","0.00",,,,"88","64","  270","  260","8.1","14.1",,,
"USW00093134","LOS ANGELES DOWNTOWN USC, CA US","34.0236","-118.2911","54.6","2020-02-29","2.68","0.00",,,,"73","60","  280","  260","8.1","14.1",,,"    1"
"USW00093134","LOS ANGELES DOWNTOWN USC, CA US","34.0236","-118.2911","54.6","2020-03-01","2.68","0.01",,,,"63","54","  260","  250","12.1","19.9",,,"    1"
"USW00093134","LOS ANGELES DOWNTOWN USC, CA US","34.0236","-118.2911","54.6","2020-03-02","2.91","0.00",,,,"74","50","   10","   30","12.1","19.9",,,
"USW00093134","LOS ANGELES DOWNTOWN USC, CA US","34.0236","-118.2911","54.6","2020-03-03","1.12","0.00",,,,"82","56","  260","  270","6.9","12.1",,,
"USW00093134","LOS ANGELES DOWNTOWN USC, CA US","34.0236","-118.2911","54.6","2020-03-04","1.34","0.00",,,,"75","58","  260","  270","8.9","17.0",,,"    1"
"USW00093134","LOS ANGELES DOWNTOWN USC, CA US","34.0236","-118.2911","54.6","2020-03-05","1.34","0.00",,,,"75","58","  270","  280","8.9","14.1",,,"    1"
"USW00093134","LOS ANGELES DOWNTOWN USC, CA US","34.0236","-118.2911","54.6","2020-03-06","1.57","0.00",,,,"72","57","  260","  260","8.9","15.0","    1",,"    1"
"USW00093134","LOS ANGELES DOWNTOWN USC, CA US","34.0236","-118.2911","54.6","2020-03-07","1.57","0.00",,,,"67","57","  260","  260","12.1","19.0",,,
"USW00093134","LOS ANGELES DOWNTOWN USC, CA US","34.0236","-118.2911","54.6","2020-03-08","1.79","0.00",,,,"67","52","  270","  260","8.9","15.0",,,
"USW00093134","LOS ANGELES DOWNTOWN USC, CA US","34.0236","-118.2911","54.6","2020-03-09","2.46","0.04",,,,"75","53","  160","  160","12.1","21.9",,,
"USW00093134","LOS ANGELES DOWNTOWN USC, CA US","34.0236","-118.2911","54.6","2020-03-10","4.92","0.25",,,,"67","59","   80","   80","15.0","21.9",,,"    1"
"USW00093134","LOS ANGELES DOWNTOWN USC, CA US","34.0236","-118.2911","54.6","2020-03-11","2.24","0.00",,,,"73","60","  270","  270","8.9","14.1",,,
"USW00093134","LOS ANGELES DOWNTOWN USC, CA US","34.0236","-118.2911","54.6","2020-03-12","1.34","1.30",,,,"64","56","  350","  350","10.1","17.0","    1",,
"USW00093134","LOS ANGELES DOWNTOWN USC, CA US","34.0236","-118.2911","54.6","2020-03-13","0.89","0.50",,,,"60","55","  100","   90","6.9","8.9","    1",,"    1"
"USW00093134","LOS ANGELES DOWNTOWN USC, CA US","34.0236","-118.2911","54.6","2020-03-14","1.12","0.26",,,,"61","57","  270","  260","6.9","10.1","    1",,"    1"
"USW00093134","LOS ANGELES DOWNTOWN USC, CA US","34.0236","-118.2911","54.6","2020-03-15","2.24","0.05",,,,"65","54","  270","  260","10.1","16.1","    1",,
"USW00093134","LOS ANGELES DOWNTOWN USC, CA US","34.0236","-118.2911","54.6","2020-03-16","2.91","0.38",,,,"65","52","  140","  140","13.0","23.0",,,
"USW00093134","LOS ANGELES DOWNTOWN USC, CA US","34.0236","-118.2911","54.6","2020-03-17","1.57","0.00",,,,"63","47","  270","  270","10.1","14.1",,,
"USW00093134","LOS ANGELES DOWNTOWN USC, CA US","34.0236","-118.2911","54.6","2020-03-18","2.01","0.00",,,,"65","48","  260","  270","10.1","19.9",,,
"USW00093134","LOS ANGELES DOWNTOWN USC, CA US","34.0236","-118.2911","54.6","2020-03-19","2.46","0.00",,,,"64","51","  270","  280","10.1","19.0",,,
"USW00093134","LOS ANGELES DOWNTOWN USC, CA US","34.0236","-118.2911","54.6","2020-03-20","2.91","0.00",,,,"66","54","  100","  110","8.1","12.1",,,
"USW00093134","LOS ANGELES DOWNTOWN USC, CA US","34.0236","-118.2911","54.6","2020-03-21","1.79","0.01",,,,"69","55","  270","  260","10.1","17.0",,,
"USW00093134","LOS ANGELES DOWNTOWN USC, CA US","34.0236","-118.2911","54.6","2020-03-22","1.57","1.51",,,,"74","53","  100","   90","12.1","16.1","    1",,
"USW00093134","LOS ANGELES DOWNTOWN USC, CA US","34.0236","-118.2911","54.6","2020-03-23","2.24","0.03",,,,"67","55","  260","  260","12.1","17.0","    1",,
"USW00093134","LOS ANGELES DOWNTOWN USC, CA US","34.0236","-118.2911","54.6","2020-03-24","2.68","0.00",,,,"66","52","  260","  280","10.1","18.1",,,"    1"
"USW00093134","LOS ANGELES DOWNTOWN USC, CA US","34.0236","-118.2911","54.6","2020-03-25","2.68","0.00",,,,"66","54","  270","  250","12.1","19.0",,,
"USW00093134","LOS ANGELES DOWNTOWN USC, CA US","34.0236","-118.2911","54.6","2020-03-26","3.58","0.00",,,,"64","49","  270","  270","16.1","25.9",,,
"USW00093134","LOS ANGELES DOWNTOWN USC, CA US","34.0236","-118.2911","54.6","2020-03-27","2.91","0.00",,,,"67","50","  260","  280","12.1","19.9",,,
"USW00093134","LOS ANGELES DOWNTOWN USC, CA US","34.0236","-118.2911","54.6","2020-03-28","2.68","0.00",,,,"68","54","  260","  280","8.9","15.0",,,
"USW00093134","LOS ANGELES DOWNTOWN USC, CA US","34.0236","-118.2911","54.6","2020-03-29","3.36","0.00",,,,"69","54","  270","  260","13.0","21.0",,,
"USW00093134","LOS ANGELES DOWNTOWN USC, CA US","34.0236","-118.2911","54.6","2020-03-30","2.01","0.00",,,,"75","54","  260","  260","10.1","17.0",,,
"USW00093134","LOS ANGELES DOWNTOWN USC, CA US","34.0236","-118.2911","54.6","2020-03-31","1.57","0.00",,,,"78","56","  270","  280","8.9","13.0",,,
"USW00093134","LOS ANGELES DOWNTOWN USC, CA US","34.0236","-118.2911","54.6","2020-04-01","1.79","0.00",,,,"75","60","  270","  280","12.1","18.1",,,"    1"
"USW00093134","LOS ANGELES DOWNTOWN USC, CA US","34.0236","-118.2911","54.6","2020-04-02","2.01","0.00",,,,"72","60","  260","  270","8.9","16.1",,,
"USW00093134","LOS ANGELES DOWNTOWN USC, CA US","34.0236","-118.2911","54.6","2020-04-03","1.79","0.00",,,,"71","57","  270","  270","12.1","16.1",,,"    1"
"USW00093134","LOS ANGELES DOWNTOWN USC, CA US","34.0236","-118.2911","54.6","2020-04-04","2.68","0.00",,,,"70","57","  260","  260","10.1","16.1",,,"    1"
"USW00093134","LOS ANGELES DOWNTOWN USC, CA US","34.0236","-118.2911","54.6","2020-04-05","1.57","0.12",,,,"65","57","  140","  130","8.1","14.1",,,"    1"
"USW00093134","LOS ANGELES DOWNTOWN USC, CA US","34.0236","-118.2911","54.6","2020-04-06","2.01","1.10",,,,"64","56","  250","  170","8.1","14.1","    1",,
"USW00093134","LOS ANGELES DOWNTOWN USC, CA US","34.0236","-118.2911","54.6","2020-04-07","2.01","0.82",,,,"67","53","  270","  270","8.9","15.0","    1",,
"USW00093134","LOS ANGELES DOWNTOWN USC, CA US","34.0236","-118.2911","54.6","2020-04-08","2.91","0.01",,,,"64","52","  260","  260","10.1","19.0","    1",,"    1"
"USW00093134","LOS ANGELES DOWNTOWN USC, CA US","34.0236","-118.2911","54.6","2020-04-09","5.82","0.75",,,,"57","52","   80","   90","10.1","15.0",,,
"USW00093134","LOS ANGELES DOWNTOWN USC, CA US","34.0236","-118.2911","54.6","2020-04-10","3.13","0.16",,,,"67","51","   90","  100","12.1","16.1",,,
"USW00093134","LOS ANGELES DOWNTOWN USC, CA US","34.0236","-118.2911","54.6","2020-04-11","2.24","0.00",,,,"73","53","  260","  260","8.9","15.0",,,
"USW00093134","LOS ANGELES DOWNTOWN USC, CA US","34.0236","-118.2911","54.6","2020-04-12","0.89","0.06",,,,"63","58","  270",,"4.9",,"    1",,"    1"
"USW00093134","LOS ANGELES DOWNTOWN USC, CA US","34.0236","-118.2911","54.6","2020-04-13","2.01","0.00",,,,"67","56","  270","  270","10.1","17.0",,,"    1"
"USW00093134","LOS ANGELES DOWNTOWN USC, CA US","34.0236","-118.2911","54.6","2020-04-14","1.57","0.00",,,,"74","53","  270","  270","8.9","14.1",,,"    1"
"USW00093134","LOS ANGELES DOWNTOWN USC, CA US","34.0236","-118.2911","54.6","2020-04-15","1.79","0.00",,,,"83","56","  270","  260","12.1","18.1",,,
"USW00093134","LOS ANGELES DOWNTOWN USC, CA US","34.0236","-118.2911","54.6","2020-04-16","1.57","0.00",,,,"78","58","  260","  270","8.9","15.0",,,"    1"
"USW00093134","LOS ANGELES DOWNTOWN USC, CA US","34.0236","-118.2911","54.6","2020-04-17","1.79","0.00",,,,"71","59","  270","  260","10.1","18.1",,,"    1"
"USW00093134","LOS ANGELES DOWNTOWN USC, CA US","34.0236","-118.2911","54.6","2020-04-18","2.01","0.00",,,,"69","60","  260","  270","12.1","17.0",,,"    1"
"USW00093134","LOS ANGELES DOWNTOWN USC, CA US","34.0236","-118.2911","54.6","2020-04-19","2.24","0.00",,,,"70","59","  270","  270","12.1","19.9",,,"    1"
"USW00093134","LOS ANGELES DOWNTOWN USC, CA US","34.0236","-118.2911","54.6","2020-04-20","2.24","0.00",,,,"69","59","  270","  260","12.1","16.1",,,"    1"
"USW00093134","LOS ANGELES DOWNTOWN USC, CA US","34.0236","-118.2911","54.6","2020-04-21","1.79","0.00",,,,"74","58","  270","  270","10.1","17.0",,,"    1"
"USW00093134","LOS ANGELES DOWNTOWN USC, CA US","34.0236","-118.2911","54.6","2020-04-22","2.46","0.00",,,,"82","58","  270","  260","8.9","14.1",,,"    1"
"USW00093134","LOS ANGELES DOWNTOWN USC, CA US","34.0236","-118.2911","54.6","2020-04-23","2.01","0.00",,,,"92","65","  130","  280","8.9","15.0",,,"    1"
"USW00093134","LOS ANGELES DOWNTOWN USC, CA US","34.0236","-118.2911","54.6","2020-04-24","1.57","0.00",,,,"93","66","  100","  340","8.9","13.0",,,"    1"
"USW00093134","LOS ANGELES DOWNTOWN USC, CA US","34.0236","-118.2911","54.6","2020-04-25","1.34","0.00",,,,"93","69","  260","  260","8.1","12.1",,,"    1"
"USW00093134","LOS ANGELES DOWNTOWN USC, CA US","34.0236","-118.2911","54.6","2020-04-26","1.57","0.00",,,,"88","64","  270","  260","8.1","13.0",,,"    1"
"USW00093134","LOS ANGELES DOWNTOWN USC, CA US","34.0236","-118.2911","54.6","2020-04-27","1.34","0.00",,,,"81","63","  280","  270","8.1","13.0",,,"    1"
"USW00093134","LOS ANGELES DOWNTOWN USC, CA US","34.0236","-118.2911","54.6","2020-04-28","1.12","0.00",,,,"85","64","  280","  260","8.9","15.0",,,"    1"
"USW00093134","LOS ANGELES DOWNTOWN USC, CA US","34.0236","-118.2911","54.6","2020-04-29","1.57","0.00",,,,"79","64","  270","  260","10.1","18.1",,,"    1"
"USW00093134","LOS ANGELES DOWNTOWN USC, CA US","34.0236","-118.2911","54.6","2020-04-30","1.57","0.00",,,,"76","64","  270","  270","10.1","16.1",,,"    1"
"USW00093134","LOS ANGELES DOWNTOWN USC, CA US","34.0236","-118.2911","54.6","2020-05-01","1.34","0.00",,,,"79","62","  260","  260","8.9","15.0",,,"    1"
"USW00093134","LOS ANGELES DOWNTOWN USC, CA US","34.0236","-118.2911","54.6","2020-05-02","2.24","0.00",,,,"79","63","  270","  270","12.1","19.0",,,
"USW00093134","LOS ANGELES DOWNTOWN USC, CA US","34.0236","-118.2911","54.6","2020-05-03","1.34","0.00",,,,"77","61","  270","  260","8.9","17.0",,,
"USW00093134","LOS ANGELES DOWNTOWN USC, CA US","34.0236","-118.2911","54.6","2020-05-04","1.79","0.00",,,,"83","60","  260","  270","8.9","13.0",,,"    1"
"USW00093134","LOS ANGELES DOWNTOWN USC, CA US","34.0236","-118.2911","54.6","2020-05-05","2.01","0.00",,,,"89","64","  260","  260","8.9","13.0",,,"    1"
"USW00093134","LOS ANGELES DOWNTOWN USC, CA US","34.0236","-118.2911","54.6","2020-05-06","1.57","0.00",,,,"92","65","  260","  280","8.9","14.1",,,"    1"
"USW00093134","LOS ANGELES DOWNTOWN USC, CA US","34.0236","-118.2911","54.6","2020-05-07","1.57","0.00",,,,"95","68","  260","  270","10.1","14.1",,,"    1"
"USW00093134","LOS ANGELES DOWNTOWN USC, CA US","34.0236","-118.2911","54.6","2020-05-08","0.89","0.00",,,,"89","65","  260","  270","8.1","14.1",,,"    1"
"USW00093134","LOS ANGELES DOWNTOWN USC, CA US","34.0236","-118.2911","54.6","2020-05-09","2.01","0.00",,,,"79","64","  260","  270","8.9","15.0",,,"    1"
"USW00093134","LOS ANGELES DOWNTOWN USC, CA US","34.0236","-118.2911","54.6","2020-05-10","2.01","0.00",,,,"76","63","  270","  270","10.1","17.0",,,"    1"
"USW00093134","LOS ANGELES DOWNTOWN USC, CA US","34.0236","-118.2911","54.6","2020-05-11","2.68","0.00",,,,"75","61","  270",,"8.1",,,,"    1"
"USW00093134","LOS ANGELES DOWNTOWN USC, CA US","34.0236","-118.2911","54.6","2020-05-12","2.24","0.00",,,,"73","60","  260","  270","12.1","19.0",,,"    1"
"USW00093134","LOS ANGELES DOWNTOWN USC, CA US","34.0236","-118.2911","54.6","2020-05-13","2.01","0.00",,,,"75","59","  260","  270","12.1","18.1",,,
"USW00093134","LOS ANGELES DOWNTOWN USC, CA US","34.0236","-118.2911","54.6","2020-05-14","3.58","0.00",,,,"77","62","  260","  270","13.0","19.9",,,
"USW00093134","LOS ANGELES DOWNTOWN USC, CA US","34.0236","-118.2911","54.6","2020-05-15","2.01","0.00",,,,"80","65","  260","  270","8.9","14.1",,,
"USW00093134","LOS ANGELES DOWNTOWN USC, CA US","34.0236","-118.2911","54.6","2020-05-16","2.01","0.00",,,,"82","62","  260","  260","10.1","15.0",,,
"USW00093134","LOS ANGELES DOWNTOWN USC, CA US","34.0236","-118.2911","54.6","2020-05-17","2.24","0.00",,,,"83","65","  260","  270","12.1","18.1",,,"    1"
"USW00093134","LOS ANGELES DOWNTOWN USC, CA US","34.0236","-118.2911","54.6","2020-05-18","3.13","0.14",,,,"75","61","  270","  270","13.0","19.9",,,"    1"
"USW00093134","LOS ANGELES DOWNTOWN USC, CA US","34.0236","-118.2911","54.6","2020-05-19","3.36","0.00",,,,"73","57","  260","  260","15.0","23.0",,,
"USW00093134","LOS ANGELES DOWNTOWN USC, CA US","34.0236","-118.2911","54.6","2020-05-20","2.91","0.00",,,,"77","61","  260","  270","12.1","19.0",,,
"USW00093134","LOS ANGELES DOWNTOWN USC, CA US","34.0236","-118.2911","54.6","2020-05-21","2.01","0.00",,,,"80","59","  260","  260","10.1","15.0",,,
"USW00093134","LOS ANGELES DOWNTOWN USC, CA US","34.0236","-118.2911","54.6","2020-05-22","2.91","0.00",,,,"79","62","  260","  270","12.1","19.0",,,"    1"
"USW00093134","LOS ANGELES DOWNTOWN USC, CA US","34.0236","-118.2911","54.6","2020-05-23","3.13","0.00",,,,"75","61","  260","  260","10.1","16.1",,,
"USW00093134","LOS ANGELES DOWNTOWN USC, CA US","34.0236","-118.2911","54.6","2020-05-24","1.57","0.00",,,,"79","58","  260","  260","10.1","16.1",,,"    1"
"USW00093134","LOS ANGELES DOWNTOWN USC, CA US","34.0236","-118.2911","54.6","2020-05-25","1.34","0.00",,,,"77","59","  260","  260","8.1","14.1",,,
"USW00093134","LOS ANGELES DOWNTOWN USC, CA US","34.0236","-118.2911","54.6","2020-05-26","1.57","0.00",,,,"82","60","  260","  270","10.1","15.0","    1",,"    1"
"USW00093134","LOS ANGELES DOWNTOWN USC, CA US","34.0236","-118.2911","54.6","2020-05-27","1.34","0.00",,,,"81","60","  270","  260","10.1","16.1","    1",,"    1"
"USW00093134","LOS ANGELES DOWNTOWN USC, CA US","34.0236","-118.2911","54.6","2020-05-28","2.01","0.00",,,,"75","62","  270","  270","10.1","18.1",,,"    1"
"USW00093134","LOS ANGELES DOWNTOWN USC, CA US","34.0236","-118.2911","54.6","2020-05-29","1.34","0.00",,,,"73","63","  260","  280","8.9","14.1",,,"    1"
"USW00093134","LOS ANGELES DOWNTOWN USC, CA US","34.0236","-118.2911","54.6","2020-05-30","3.13","0.00",,,,"75","61","  260","  280","13.0","21.9",,,
"USW00093134","LOS ANGELES DOWNTOWN USC, CA US","34.0236","-118.2911","54.6","2020-05-31","1.79","0.00",,,,"75","59","  270","  260","12.1","17.0",,,
"USW00093134","LOS ANGELES DOWNTOWN USC, CA US","34.0236","-118.2911","54.6","2020-06-01","1.57","0.00",,,,"81","61","  260","  260","8.9","16.1",,,
"USW00093134","LOS ANGELES DOWNTOWN USC, CA US","34.0236","-118.2911","54.6","2020-06-02","1.12","0.00",,,,"83","62","  260","  260","8.1","11.0",,,
"USW00093134","LOS ANGELES DOWNTOWN USC, CA US","34.0236","-118.2911","54.6","2020-06-03","1.57","0.00",,,,"91","64","  270","  270","8.9","16.1",,,
"USW00093134","LOS ANGELES DOWNTOWN USC, CA US","34.0236","-118.2911","54.6","2020-06-04","1.34","0.00",,,,"79","64","  150","  170","6.9","11.0",,,"    1"
"USW00093134","LOS ANGELES DOWNTOWN USC, CA US","34.0236","-118.2911","54.6","2020-06-05","1.79","0.00",,,,"73","64","  260","  270","10.1","17.0",,,
"USW00093134","LOS ANGELES DOWNTOWN USC, CA US","34.0236","-118.2911","54.6","2020-06-06","2.46","0.00",,,,"74","62","  260","  270","8.9","14.1",,,
"USW00093134","LOS ANGELES DOWNTOWN USC, CA US","34.0236","-118.2911","54.6","2020-06-07","3.80","0.00",,,,"77","62","  350","  360","13.0","21.9",,,
"USW00093134","LOS ANGELES DOWNTOWN USC, CA US","34.0236","-118.2911","54.6","2020-06-08","2.46","0.00",,,,"88","65","  360","  360","14.1","25.9",,,
"USW00093134","LOS ANGELES DOWNTOWN USC, CA US","34.0236","-118.2911","54.6","2020-06-09","1.79","0.00",,,,"98","66","  260","  270","14.1","21.9",,,
"USW00093134","LOS ANGELES DOWNTOWN USC, CA US","34.0236","-118.2911","54.6","2020-06-10","2.46","0.00",,,,"98","67","  260","  260","12.1","19.0",,,
"USW00093134","LOS ANGELES DOWNTOWN USC, CA US","34.0236","-118.2911","54.6","2020-06-11","2.01","0.00",,,,"91","63","  270","  270","10.1","15.0",,,"    1"
"USW00093134","LOS ANGELES DOWNTOWN USC, CA US","34.0236","-118.2911","54.6","2020-06-12","1.79","0.00",,,,"79","62","  270","  270","10.1","19.9",,,
"USW00093134","LOS ANGELES DOWNTOWN USC, CA US","34.0236","-118.2911","54.6","2020-06-13","2.91","0.00",,,,"77","62","  260","  260","13.0","23.0",,,
"USW00093134","LOS ANGELES DOWNTOWN USC, CA US","34.0236","-118.2911","54.6","2020-06-14","3.36","0.00",,,,"80","61","  260","  260","10.1","16.1",,,
"USW00093134","LOS ANGELES DOWNTOWN USC, CA US","34.0236","-118.2911","54.6","2020-06-15","1.57","0.00",,,,"80","62","  260","  270","10.1","17.0",,,
"USW00093134","LOS ANGELES DOWNTOWN USC, CA US","34.0236","-118.2911","54.6","2020-06-16","2.46","0.00",,,,"76","64","  260","  270","8.9","15.0",,,
"USW00093134","LOS ANGELES DOWNTOWN USC, CA US","34.0236","-118.2911","54.6","2020-06-17","2.01","0.00",,,,"75","64","  270","  260","8.9","14.1",,,
"USW00093134","LOS ANGELES DOWNTOWN USC, CA US","34.0236","-118.2911","54.6","2020-06-18","2.01","0.00",,,,"73","63","  270","  270","10.1","15.0",,,"    1"
"USW00093134","LOS ANGELES DOWNTOWN USC, CA US","34.0236","-118.2911","54.6","2020-06-19","2.01","0.00",,,,"76","63","  270","  260","8.9","14.1",,,"    1"
"USW00093134","LOS ANGELES DOWNTOWN USC, CA US","34.0236","-118.2911","54.6","2020-06-20","2.24","0.00",,,,"72","64","  270","  260","10.1","16.1",,,
"USW00093134","LOS ANGELES DOWNTOWN USC, CA US","34.0236","-118.2911","54.6","2020-06-21","2.24","0.00",,,,"76","64","  260","  280","8.9","17.0",,,"    1"
"USW00093134","LOS ANGELES DOWNTOWN USC, CA US","34.0236","-118.2911","54.6","2020-06-22","2.24","0.00",,,,"80","64","  270","  280","10.1","15.0",,,"    1"
"USW00093134","LOS ANGELES DOWNTOWN USC, CA US","34.0236","-118.2911","54.6","2020-06-23","1.34","0.00",,,,"78","63","  260","  270","8.9","15.0",,,"    1"
"USW00093134","LOS ANGELES DOWNTOWN USC, CA US","34.0236","-118.2911","54.6","2020-06-24","2.24","0.00",,,,"79","62","  260","  260","8.9","14.1",,,"    1"
"USW00093134","LOS ANGELES DOWNTOWN USC, CA US","34.0236","-118.2911","54.6","2020-06-25","1.79","0.00",,,,"78","64","  270","  270","8.9","17.0",,,
"USW00093134","LOS ANGELES DOWNTOWN USC, CA US","34.0236","-118.2911","54.6","2020-06-26","2.24","0.00",,,,"76","62","  270","  260","8.9","15.0","    1",,"    1"
"USW00093134","LOS ANGELES DOWNTOWN USC, CA US","34.0236","-118.2911","54.6","2020-06-27","2.24","0.00",,,,"77","62","  260","  260","8.9","16.1",,,"    1"
"USW00093134","LOS ANGELES DOWNTOWN USC, CA US","34.0236","-118.2911","54.6","2020-06-28","2.46","0.00",,,,"72","64","  260","  270","6.9","12.1",,,
"USW00093134","LOS ANGELES DOWNTOWN USC, CA US","34.0236","-118.2911","54.6","2020-06-29","2.46","0.00",,,,"74","63","  270","  280","8.9","17.0",,,
"USW00093134","LOS ANGELES DOWNTOWN USC, CA US","34.0236","-118.2911","54.6","2020-06-30","1.57","0.00",,,,"75","61","  260","  270","8.9","16.1",,,
"USW00093134","LOS ANGELES DOWNTOWN USC, CA US","34.0236","-118.2911","54.6","2020-07-01","1.57","0.00",,,,"76","63","  250","  270","8.1","14.1",,,
"USW00093134","LOS ANGELES DOWNTOWN USC, CA US","34.0236","-118.2911","54.6","2020-07-02","2.68","0.00",,,,"79","64","  260","  280","8.1","14.1",,,"    1"
"USW00093134","LOS ANGELES DOWNTOWN USC, CA US","34.0236","-118.2911","54.6","2020-07-03","1.79","0.00",,,,"81","61","  270","  260","8.1","14.1",,,"    1"
"USW00093134","LOS ANGELES DOWNTOWN USC, CA US","34.0236","-118.2911","54.6","2020-07-04","2.24","0.00",,,,"85","64","  260","  270","10.1","16.1",,,"    1"
"USW00093134","LOS ANGELES DOWNTOWN USC, CA US","34.0236","-118.2911","54.6","2020-07-05","1.79","0.00",,,,"91","64","  270","  270","10.1","14.1",,,"    1"
"USW00093134","LOS ANGELES DOWNTOWN USC, CA US","34.0236","-118.2911","54.6","2020-07-06","0.89","0.00",,,,"87","65","  260","  270","6.9","12.1","    1",,"    1"
"USW00093134","LOS ANGELES DOWNTOWN USC, CA US","34.0236","-118.2911","54.6","2020-07-07","1.57","0.00",,,,"84","65","  270","  270","8.1","16.1",,,"    1"
"USW00093134","LOS ANGELES DOWNTOWN USC, CA US","34.0236","-118.2911","54.6","2020-07-08","1.79","0.00",,,,"84","64","  270","  260","6.9","12.1",,,"    1"
"USW00093134","LOS ANGELES DOWNTOWN USC, CA US","34.0236","-118.2911","54.6","2020-07-09","1.57","0.00",,,,"83","64","  260","  260","10.1","15.0","    1",,"    1"
"USW00093134","LOS ANGELES DOWNTOWN USC, CA US","34.0236","-118.2911","54.6","2020-07-10","1.34","0.00",,,,"86","63","  260","  270","8.1","13.0","    1",,"    1"
"USW00093134","LOS ANGELES DOWNTOWN USC, CA US","34.0236","-118.2911","54.6","2020-07-11","1.79","0.00",,,,"90","65","  260","  270","10.1","18.1",,,
"USW00093134","LOS ANGELES DOWNTOWN USC, CA US","34.0236","-118.2911","54.6","2020-07-12","2.01","0.00",,,,"92","68","  260","  270","8.1","15.0",,,
"USW00093134","LOS ANGELES DOWNTOWN USC, CA US","34.0236","-118.2911","54.6","2020-07-13","1.12","0.00",,,,"85","66","  270","  270","6.9","11.0",,,"    1"
"USW00093134","LOS ANGELES DOWNTOWN USC, CA US","34.0236","-118.2911","54.6","2020-07-14","2.01","0.00",,,,"81","64","  270","  270","10.1","17.0",,,
"USW00093134","LOS ANGELES DOWNTOWN USC, CA US","34.0236","-118.2911","54.6","2020-07-15","2.46","0.00",,,,"80","63","  260","  270","10.1","15.0",,,
"USW00093134","LOS ANGELES DOWNTOWN USC, CA US","34.0236","-118.2911","54.6","2020-07-16","2.24","0.00",,,,"79","63","  260","  270","8.9","15.0",,,
"USW00093134","LOS ANGELES DOWNTOWN USC, CA US","34.0236","-118.2911","54.6","2020-07-17","2.01","0.00",,,,"78","63","  260","  270","8.1","13.0",,,
"USW00093134","LOS ANGELES DOWNTOWN USC, CA US","34.0236","-118.2911","54.6","2020-07-18","1.34","0.00",,,,"77","62","  270","  270","10.1","15.0",,,
"USW00093134","LOS ANGELES DOWNTOWN USC, CA US","34.0236","-118.2911","54.6","2020-07-19","1.57","0.00",,,,"80","62","  260","  270","12.1","17.0","    1",,"    1"
"USW00093134","LOS ANGELES DOWNTOWN USC, CA US","34.0236","-118.2911","54.6","2020-07-20","2.01","0.00",,,,"79","62","  270","  270","8.1","12.1",,,
"USW00093134","LOS ANGELES DOWNTOWN USC, CA US","34.0236","-118.2911","54.6","2020-07-21","2.01","0.00",,,,"81","61","  260","  270","8.9","14.1",,,
"USW00093134","LOS ANGELES DOWNTOWN USC, CA US","34.0236","-118.2911","54.6","2020-07-22","1.57","0.00",,,,"74","60","  260","  270","8.1","14.1","    1",,"    1"
"USW00093134","LOS ANGELES DOWNTOWN USC, CA US","34.0236","-118.2911","54.6","2020-07-23","1.57","0.00",,,,"76","62","  270","  260","10.1","16.1",,,
"USW00093134","LOS ANGELES DOWNTOWN USC, CA US","34.0236","-118.2911","54.6","2020-07-24","1.79","0.00",,,,"79","61","  280","  270","8.1","14.1",,,"    1"
"USW00093134","LOS ANGELES DOWNTOWN USC, CA US","34.0236","-118.2911","54.6","2020-07-25","1.79","0.00",,,,"80","61","  260","  260","8.9","15.0",,,"    1"
"USW00093134","LOS ANGELES DOWNTOWN USC, CA US","34.0236","-118.2911","54.6","2020-07-26","1.34","0.00",,,,"77","60","  270","  260","8.9","14.1","    1",,"    1"
"USW00093134","LOS ANGELES DOWNTOWN USC, CA US","34.0236","-118.2911","54.6","2020-07-27","1.34","0.00",,,,"75","61","  260","  270","8.9","15.0",,,"    1"
"USW00093134","LOS ANGELES DOWNTOWN USC, CA US","34.0236","-118.2911","54.6","2020-07-28","2.01","0.00",,,,"77","61","  260","  270","8.9","15.0","    1",,"    1"
"USW00093134","LOS ANGELES DOWNTOWN USC, CA US","34.0236","-118.2911","54.6","2020-07-29","1.12","0.00",,,,"78","61","  270","  260","8.9","14.1","    1",,"    1"
"USW00093134","LOS ANGELES DOWNTOWN USC, CA US","34.0236","-118.2911","54.6","2020-07-30","1.12","0.00",,,,"83","61","  280","  280","8.9","15.0","    1",,"    1"
"USW00093134","LOS ANGELES DOWNTOWN USC, CA US","34.0236","-118.2911","54.6","2020-07-31","1.12","0.00",,,,"89","64","  270","  270","8.9","14.1",,,"    1"
"USW00093134","LOS ANGELES DOWNTOWN USC, CA US","34.0236","-118.2911","54.6","2020-08-01","1.12","0.00",,,,"91","62","  260","  280","6.0","10.1",,,"    1"
"USW00093134","LOS ANGELES DOWNTOWN USC, CA US","34.0236","-118.2911","54.6","2020-08-02","0.89","0.00",,,,"88","66","  260","  270","8.1","13.0","    1",,"    1"
"USW00093134","LOS ANGELES DOWNTOWN USC, CA US","34.0236","-118.2911","54.6","2020-08-03","1.34","0.00",,,,"84","67","  260","  260","8.1","14.1",,,"    1"
"USW00093134","LOS ANGELES DOWNTOWN USC, CA US","34.0236","-118.2911","54.6","2020-08-04","0.89","0.00",,,,"79","67","  270","  260","8.1","14.1",,,"    1"
"USW00093134","LOS ANGELES DOWNTOWN USC, CA US","34.0236","-118.2911","54.6","2020-08-05","2.01","0.00",,,,"78","64","  260","  270","10.1","14.1",,,
"USW00093134","LOS ANGELES DOWNTOWN USC, CA US","34.0236","-118.2911","54.6","2020-08-06","0.89","0.00",,,,"80","65","  260","  260","8.1","13.0",,,"    1"
"USW00093134","LOS ANGELES DOWNTOWN USC, CA US","34.0236","-118.2911","54.6","2020-08-07","2.24","0.00",,,,"80","64","  270","  270","10.1","15.0",,,
"USW00093134","LOS ANGELES DOWNTOWN USC, CA US","34.0236","-118.2911","54.6","2020-08-08","1.79","0.00",,,,"81","63","  260","  280","8.9","13.0",,,
"USW00093134","LOS ANGELES DOWNTOWN USC, CA US","34.0236","-118.2911","54.6","2020-08-09","2.01","0.00",,,,"80","61","  280","  270","8.9","15.0","    1",,"    1"
"USW00093134","LOS ANGELES DOWNTOWN USC, CA US","34.0236","-118.2911","54.6","2020-08-10","1.57","0.00",,,,"78","62","  270","  270","10.1","16.1",,,
"USW00093134","LOS ANGELES DOWNTOWN USC, CA US","34.0236","-118.2911","54.6","2020-08-11","1.57","0.00",,,,"77","61","  260","  260","8.1","14.1","    1",,"    1"
"USW00093134","LOS ANGELES DOWNTOWN USC, CA US","34.0236","-118.2911","54.6","2020-08-12","1.34","0.00",,,,"86","60","  260","  270","8.1","13.0",,,
"USW00093134","LOS ANGELES DOWNTOWN USC, CA US","34.0236","-118.2911","54.6","2020-08-13","1.34","0.00",,,,"88","66","  260","  270","8.9","14.1",,,
"USW00093134","LOS ANGELES DOWNTOWN USC, CA US","34.0236","-118.2911","54.6","2020-08-14","1.34","0.00",,,,"93","70","  260","  280","8.9","13.0",,,"    1"
"USW00093134","LOS ANGELES DOWNTOWN USC, CA US","34.0236","-118.2911","54.6","2020-08-15","0.89","0.00",,,,"98","73","  170","  260","6.9","13.0",,,
"USW00093134","LOS ANGELES DOWNTOWN USC, CA US","34.0236","-118.2911","54.6","2020-08-16","1.57","0.00",,,,"95","73","  130","  130","8.1","12.1",,,"    1"
"USW00093134","LOS ANGELES DOWNTOWN USC, CA US","34.0236","-118.2911","54.6","2020-08-17","1.12","0.00",,,,"89","72","  260","  270","8.9","14.1",,,
"USW00093134","LOS ANGELES DOWNTOWN USC, CA US","34.0236","-118.2911","54.6","2020-08-18","1.12","0.00",,,,"97","72","  260","  260","8.1","13.0",,,"    1"
"USW00093134","LOS ANGELES DOWNTOWN USC, CA US","34.0236","-118.2911","54.6","2020-08-19","1.34","0.00",,,,"94","75","  260","  260","8.9","16.1",,,
"USW00093134","LOS ANGELES DOWNTOWN USC, CA US","34.0236","-118.2911","54.6","2020-08-20","1.79","0.00",,,,"94","73","  260","  260","8.9","15.0",,,"    1"
"USW00093134","LOS ANGELES DOWNTOWN USC, CA US","34.0236","-118.2911","54.6","2020-08-21","1.57","0.00",,,,"91","73","  270","  270","6.9","12.1",,,"    1"
"USW00093134","LOS ANGELES DOWNTOWN USC, CA US","34.0236","-118.2911","54.6","2020-08-22","1.57","0.00",,,,"96","73","  270","  260","8.9","15.0",,,"    1"
"USW00093134","LOS ANGELES DOWNTOWN USC, CA US","34.0236","-118.2911","54.6","2020-08-23","1.79","0.00",,,,"91","73","  260","  270","8.9","15.0",,,"    1"
"USW00093134","LOS ANGELES DOWNTOWN USC, CA US","34.0236","-118.2911","54.6","2020-08-24","2.68","0.00",,,,"81","70","  270","  270","8.9","15.0",,,"    1"
"USW00093134","LOS ANGELES DOWNTOWN USC, CA US","34.0236","-118.2911","54.6","2020-08-25","1.34","0.00",,,,"86","69","  270","  260","10.1","16.1","    1",,"    1"
"USW00093134","LOS ANGELES DOWNTOWN USC, CA US","34.0236","-118.2911","54.6","2020-08-26","1.79","0.00",,,,"87","66","  270","  270","10.1","15.0","    1",,"    1"
"USW00093134","LOS ANGELES DOWNTOWN USC, CA US","34.0236","-118.2911","54.6","2020-08-27","0.89","0.00",,,,"89","67","  260","  270","10.1","15.0",,,"    1"
"USW00093134","LOS ANGELES DOWNTOWN USC, CA US","34.0236","-118.2911","54.6","2020-08-28","1.12","0.00",,,,"86","63","  260","  260","8.1","14.1",,,"    1"
"USW00093134","LOS ANGELES DOWNTOWN USC, CA US","34.0236","-118.2911","54.6","2020-08-29","2.01","0.00",,,,"80","63","  260","  260","8.9","14.1",,,"    1"
"USW00093134","LOS ANGELES DOWNTOWN USC, CA US","34.0236","-118.2911","54.6","2020-08-30","2.01","0.00",,,,"79","63","  260","  270","8.9","14.1",,,"    1"
"USW00093134","LOS ANGELES DOWNTOWN USC, CA US","34.0236","-118.2911","54.6","2020-08-31","1.79","0.00",,,,"77","64","  270","  270","8.9","15.0",,,"    1"
"USW00093134","LOS ANGELES DOWNTOWN USC, CA US","34.0236","-118.2911","54.6","2020-09-01","2.24","0.00",,,,"79","65","  260","  260","10.1","16.1",,,
"USW00093134","LOS ANGELES DOWNTOWN USC, CA US","34.0236","-118.2911","54.6","2020-09-02","1.12","0.00",,,,"80","63","  280","  270","8.9","16.1",,,"    1"
"USW00093134","LOS ANGELES DOWNTOWN USC, CA US","34.0236","-118.2911","54.6","2020-09-03","1.12","0.00",,,,"84","65","  270","  260","8.1","13.0",,,"    1"
"USW00093134","LOS ANGELES DOWNTOWN USC, CA US","34.0236","-118.2911","54.6","2020-09-04","1.57","0.00",,,,"87","66","  270","  270","8.1","13.0",,,"    1"
"USW00093134","LOS ANGELES DOWNTOWN USC, CA US","34.0236","-118.2911","54.6","2020-09-05","1.12","0.00",,,,"99","69","  270","  260","8.1","12.1",,,"    1"
"USW00093134","LOS ANGELES DOWNTOWN USC, CA US","34.0236","-118.2911","54.6","2020-09-06","1.12","0.00",,,,"111","77","  260","  270","8.9","14.1",,,"    1"
"USW00093134","LOS ANGELES DOWNTOWN USC, CA US","34.0236","-118.2911","54.6","2020-09-07","1.12","0.00",,,,"87","72","  120","  150","8.1","13.0",,,"    1"
"USW00093134","LOS ANGELES DOWNTOWN USC, CA US","34.0236","-118.2911","54.6","2020-09-08","1.12","0.00",,,,"80","71","  260","  120","6.9","11.0",,,"    1"
"USW00093134","LOS ANGELES DOWNTOWN USC, CA US","34.0236","-118.2911","54.6","2020-09-09","1.79","0.00",,,,"83","67","  280","  260","8.1","12.1","    1",,"    1"
"USW00093134","LOS ANGELES DOWNTOWN USC, CA US","34.0236","-118.2911","54.6","2020-09-10","0.22","0.00",,,,"80","63","  270","  270","6.0","8.1","    1",,"    1"
"USW00093134","LOS ANGELES DOWNTOWN USC, CA US","34.0236","-118.2911","54.6","2020-09-11","1.12","0.00",,,,"84","62","  270","  270","8.1","13.0","    1",,"    1"
"USW00093134","LOS ANGELES DOWNTOWN USC, CA US","34.0236","-118.2911","54.6","2020-09-12","1.12","0.00",,,,"82","63","  270","  280","8.1","12.1",,,"    1"
"USW00093134","LOS ANGELES DOWNTOWN USC, CA US","34.0236","-118.2911","54.6","2020-09-13","1.12","0.00",,,,"85","61","  270","  270","8.1","13.0","    1",,"    1"
"USW00093134","LOS ANGELES DOWNTOWN USC, CA US","34.0236","-118.2911","54.6","2020-09-14","0.89","0.00",,,,"86","62","  270","  270","8.1","13.0",,,"    1"
"USW00093134","LOS ANGELES DOWNTOWN USC, CA US","34.0236","-118.2911","54.6","2020-09-15","1.57","0.00",,,,"87","63","  260","  260","8.1","12.1",,,"    1"
"USW00093134","LOS ANGELES DOWNTOWN USC, CA US","34.0236","-118.2911","54.6","2020-09-16","1.12","0.00",,,,"93","63","  260","  270","8.9","14.1",,,"    1"
"USW00093134","LOS ANGELES DOWNTOWN USC, CA US","34.0236","-118.2911","54.6","2020-09-17","1.12","0.00",,,,"93","63","  280","  260","8.1","12.1",,,"    1"
"USW00093134","LOS ANGELES DOWNTOWN USC, CA US","34.0236","-118.2911","54.6","2020-09-18","1.57","0.00",,,,"96","66","  270","  270","8.1","13.0",,,"    1"
"USW00093134","LOS ANGELES DOWNTOWN USC, CA US","34.0236","-118.2911","54.6","2020-09-19","1.12","0.00",,,,"87","66","  260","  270","8.1","13.0",,,"    1"
"USW00093134","LOS ANGELES DOWNTOWN USC, CA US","34.0236","-118.2911","54.6","2020-09-20","1.12","0.00",,,,"82","62","  260","  270","6.9","12.1","    1",,"    1"
"USW00093134","LOS ANGELES DOWNTOWN USC, CA US","34.0236","-118.2911","54.6","2020-09-21","1.57","0.00",,,,"81","66","  260","  260","8.9","13.0",,,"    1"
"USW00093134","LOS ANGELES DOWNTOWN USC, CA US","34.0236","-118.2911","54.6","2020-09-22","1.12","0.00",,,,"82","65","  270","  270","8.1","12.1",,,"    1"
"USW00093134","LOS ANGELES DOWNTOWN USC, CA US","34.0236","-118.2911","54.6","2020-09-23","0.89","0.00",,,,"85","63","  260","  260","8.1","13.0","    1",,"    1"
"USW00093134","LOS ANGELES DOWNTOWN USC, CA US","34.0236","-118.2911","54.6","2020-09-24","0.67","0.00",,,,"87","63","  270","  280","6.9","13.0","    1",,"    1"
"USW00093134","LOS ANGELES DOWNTOWN USC, CA US","34.0236","-118.2911","54.6","2020-09-25","0.89","0.00",,,,"82","66","  270","  270","8.9","12.1","    1",,"    1"
"USW00093134","LOS ANGELES DOWNTOWN USC, CA US","34.0236","-118.2911","54.6","2020-09-26","0.89","0.00",,,,"81","66","  270","  280","6.9","12.1","    1",,"    1"
"USW00093134","LOS ANGELES DOWNTOWN USC, CA US","34.0236","-118.2911","54.6","2020-09-27","1.34","0.00",,,,"82","68","  260","  260","8.1","14.1",,,"    1"
"USW00093134","LOS ANGELES DOWNTOWN USC, CA US","34.0236","-118.2911","54.6","2020-09-28","1.12","0.00",,,,"86","66","  270","  270","8.1","12.1","    1",,"    1"
"USW00093134","LOS ANGELES DOWNTOWN USC, CA US","34.0236","-118.2911","54.6","2020-09-29","1.34","0.00",,,,"93","66","  270","  270","8.9","13.0","    1",,"    1"
"USW00093134","LOS ANGELES DOWNTOWN USC, CA US","34.0236","-118.2911","54.6","2020-09-30","1.12","0.00",,,,"103","68","  270","  270","8.9","14.1",,,"    1"
"USW00093134","LOS ANGELES DOWNTOWN USC, CA US","34.0236","-118.2911","54.6","2020-10-01","0.89","0.00",,,,"101","68","  270","  260","8.9","14.1",,,"    1"
"USW00093134","LOS ANGELES DOWNTOWN USC, CA US","34.0236","-118.2911","54.6","2020-10-02","0.67","0.00",,,,"99","70","  260","  260","8.1","13.0",,,"    1"
"USW00093134","LOS ANGELES DOWNTOWN USC, CA US","34.0236","-118.2911","54.6","2020-10-03","0.89","0.00",,,,"94","68","  260","  270","8.1","11.0",,,"    1"
"USW00093134","LOS ANGELES DOWNTOWN USC, CA US","34.0236","-118.2911","54.6","2020-10-04","0.45","0.00",,,,"94","66","  270","  270","6.9","11.0","    1",,"    1"
"USW00093134","LOS ANGELES DOWNTOWN USC, CA US","34.0236","-118.2911","54.6","2020-10-05","0.67","0.00",,,,"90","66","  260","  270","6.9","12.1","    1",,"    1"
"USW00093134","LOS ANGELES DOWNTOWN USC, CA US","34.0236","-118.2911","54.6","2020-10-06","0.22","0.00",,,,"88","63","  260","  270","6.9","11.0","    1",,"    1"
"USW00093134","LOS ANGELES DOWNTOWN USC, CA US","34.0236","-118.2911","54.6","2020-10-07","1.34","0.00",,,,"80","63","  260","  270","8.1","13.0","    1","    1","    1"
"USW00093134","LOS ANGELES DOWNTOWN USC, CA US","34.0236","-118.2911","54.6","2020-10-08","1.34","0.00",,,,"77","65","  270","  270","8.9","15.0",,,"    1"
"USW00093134","LOS ANGELES DOWNTOWN USC, CA US","34.0236","-118.2911","54.6","2020-10-09","1.34","0.00",,,,"75","64","  260","  270","10.1","14.1",,,"    1"
"USW00093134","LOS ANGELES DOWNTOWN USC, CA US","34.0236","-118.2911","54.6","2020-10-10","0.67","0.00",,,,"77","66","  260","  270","10.1","14.1",,,"    1"
"USW00093134","LOS ANGELES DOWNTOWN USC, CA US","34.0236","-118.2911","54.6","2020-10-11","1.34","0.00",,,,"79","63","  270","  270","8.1","13.0",,,
"USW00093134","LOS ANGELES DOWNTOWN USC, CA US","34.0236","-118.2911","54.6","2020-10-12","0.89","0.00",,,,"90","63","  270","  260","8.1","12.1",,,
"USW00093134","LOS ANGELES DOWNTOWN USC, CA US","34.0236","-118.2911","54.6","2020-10-13","1.12","0.00",,,,"94","65","  270","  270","8.1","13.0",,,"    1"
"USW00093134","LOS ANGELES DOWNTOWN USC, CA US","34.0236","-118.2911","54.6","2020-10-14","0.89","0.00",,,,"93","64","  260","  270","6.9","8.9",,,
"USW00093134","LOS ANGELES DOWNTOWN USC, CA US","34.0236","-118.2911","54.6","2020-10-15","1.34","0.00",,,,"92","66","  270","  270","8.1","12.1",,,
"USW00093134","LOS ANGELES DOWNTOWN USC, CA US","34.0236","-118.2911","54.6","2020-10-16","0.89","0.00",,,,"92","65","  280","  270","8.1","14.1",,,"    1"
"USW00093134","LOS ANGELES DOWNTOWN USC, CA US","34.0236","-118.2911","54.6","2020-10-17","1.12","0.00",,,,"87","66","  270","  270","6.0","11.0","    1",,"    1"
"USW00093134","LOS ANGELES DOWNTOWN USC, CA US","34.0236","-118.2911","54.6","2020-10-18","1.12","0.00",,,,"81","65","  260","  270","6.9","12.1","    1",,"    1"
"USW00093134","LOS ANGELES DOWNTOWN USC, CA US","34.0236","-118.2911","54.6","2020-10-19","1.12","0.00",,,,"78","64","  260","  260","8.1","12.1",,,"    1"
"USW00093134","LOS ANGELES DOWNTOWN USC, CA US","34.0236","-118.2911","54.6","2020-10-20","1.34","0.00",,,,"78","65","  260","  270","8.1","13.0",,,"    1"
"USW00093134","LOS ANGELES DOWNTOWN USC, CA US","34.0236","-118.2911","54.6","2020-10-21","0.89","0.00",,,,"75","66","  260","  270","8.1","14.1",,,"    1"
"USW00093134","LOS ANGELES DOWNTOWN USC, CA US","34.0236","-118.2911","54.6","2020-10-22","0.45","0.00",,,,"72","64","  260","  270","6.9","8.9",,,"    1"
"USW00093134","LOS ANGELES DOWNTOWN USC, CA US","34.0236","-118.2911","54.6","2020-10-23","1.12","0.00",,,,"73","63","  270","  270","8.1","12.1",,,"    1"
"USW00093134","LOS ANGELES DOWNTOWN USC, CA US","34.0236","-118.2911","54.6","2020-10-24","0.89","0.00",,,,"71","65","  270","  260","8.1","13.0",,,
"USW00093134","LOS ANGELES DOWNTOWN USC, CA US","34.0236","-118.2911","54.6","2020-10-25","1.34","0.00",,,,"70","60","  260","  270","8.9","16.1",,,
"USW00093134","LOS ANGELES DOWNTOWN USC, CA US","34.0236","-118.2911","54.6","2020-10-26","0.67","0.00",,,,"73","56","  140","  140","6.9","10.1",,,"    1"
"USW00093134","LOS ANGELES DOWNTOWN USC, CA US","34.0236","-118.2911","54.6","2020-10-27","1.34","0.00",,,,"77","52","  270","  270","8.1","13.0",,,"    1"
"USW00093134","LOS ANGELES DOWNTOWN USC, CA US","34.0236","-118.2911","54.6","2020-10-28","1.34","0.00",,,,"77","55","  270","  270","8.9","14.1",,,"    1"
"USW00093134","LOS ANGELES DOWNTOWN USC, CA US","34.0236","-118.2911","54.6","2020-10-29","0.67","0.00",,,,"83","56","  270","  270","6.9","8.9",,,
"USW00093134","LOS ANGELES DOWNTOWN USC, CA US","34.0236","-118.2911","54.6","2020-10-30","0.45","0.00",,,,"83","55","  270","  260","6.9","12.1",,,"    1"
"USW00093134","LOS ANGELES DOWNTOWN USC, CA US","34.0236","-118.2911","54.6","2020-10-31","0.45","0.00",,,,"84","55","  270","  270","6.9","10.1",,,"    1"
"USW00093134","LOS ANGELES DOWNTOWN USC, CA US","34.0236","-118.2911","54.6","2020-11-01","1.12","0.00",,,,"85","57","  270","  260","6.0","8.9","    1","    1","    1"
"USW00093134","LOS ANGELES DOWNTOWN USC, CA US","34.0236","-118.2911","54.6","2020-11-02","1.12","0.00",,,,"76","58","  270","  270","6.9","10.1","    1","    1","    1"
"USW00093134","LOS ANGELES DOWNTOWN USC, CA US","34.0236","-118.2911","54.6","2020-11-03","0.45","0.00",,,,"77","60","  260","  270","10.1","14.1","    1",,"    1"
"USW00093134","LOS ANGELES DOWNTOWN USC, CA US","34.0236","-118.2911","54.6","2020-11-04","1.12","0.00",,,,"81","57","  270","  270","8.9","13.0","    1",,"    1"
"USW00093134","LOS ANGELES DOWNTOWN USC, CA US","34.0236","-118.2911","54.6","2020-11-05","0.67","0.00",,,,"91","59","  270","  260","6.9","10.1",,,
"USW00093134","LOS ANGELES DOWNTOWN USC, CA US","34.0236","-118.2911","54.6","2020-11-06","2.46","0.00",,,,"76","58","  270","  260","8.9","15.0","    1",,"    1"
"USW00093134","LOS ANGELES DOWNTOWN USC, CA US","34.0236","-118.2911","54.6","2020-11-07","2.91","0.11",,,,"62","53","  260","  270","13.0","23.9",,,
"USW00093134","LOS ANGELES DOWNTOWN USC, CA US","34.0236","-118.2911","54.6","2020-11-08","3.80","0.00",,,,"62","49","  260","  260","15.0","30.0",,,
"USW00093134","LOS ANGELES DOWNTOWN USC, CA US","34.0236","-118.2911","54.6","2020-11-09","1.12","0.00",,,,"64","47","  100","  270","8.1","11.0",,,"    1"
"USW00093134","LOS ANGELES DOWNTOWN USC, CA US","34.0236","-118.2911","54.6","2020-11-10","1.57","0.00",,,,"67","47","  270","  260","8.9","15.0",,,
"USW00093134","LOS ANGELES DOWNTOWN USC, CA US","34.0236","-118.2911","54.6","2020-11-11","1.12","0.00",,,,"68","47","  270","  260","8.1","10.1",,,"    1"
"USW00093134","LOS ANGELES DOWNTOWN USC, CA US","34.0236","-118.2911","54.6","2020-11-12","1.12","0.00",,,,"70","47","  270","  260","8.1","13.0",,,"    1"
"USW00093134","LOS ANGELES DOWNTOWN USC, CA US","34.0236","-118.2911","54.6","2020-11-13","0.67","0.00",,,,"68","49","  260","  270","8.1","12.1",,,
"USW00093134","LOS ANGELES DOWNTOWN USC, CA US","34.0236","-118.2911","54.6","2020-11-14","1.57","0.00",,,,"68","51","  100","  270","6.9","11.0",,,"    1"
"USW00093134","LOS ANGELES DOWNTOWN USC, CA US","34.0236","-118.2911","54.6","2020-11-15","1.12","0.00",,,,"85","52","  270","  270","6.9","10.1",,,"    1"
"USW00093134","LOS ANGELES DOWNTOWN USC, CA US","34.0236","-118.2911","54.6","2020-11-16","2.01","0.00",,,,"91","59","  260","  270","6.0","11.0",,,
"USW00093134","LOS ANGELES DOWNTOWN USC, CA US","34.0236","-118.2911","54.6","2020-11-17","0.67","0.00",,,,"80","54","  270","  270","6.0","11.0","    1",,"    1"
"USW00093134","LOS ANGELES DOWNTOWN USC, CA US","34.0236","-118.2911","54.6","2020-11-18","0.89","0.00",,,,"68","54","  260","  270","6.9","11.0","    1",,"    1"
"USW00093134","LOS ANGELES DOWNTOWN USC, CA US","34.0236","-118.2911","54.6","2020-11-19","1.34","0.00",,,,"69","54","  270","  270","6.9","11.0","    1",,"    1"
"USW00093134","LOS ANGELES DOWNTOWN USC, CA US","34.0236","-118.2911","54.6","2020-11-20","0.45","0.00",,,,"75","51","  270","  270","8.1","12.1","    1",,"    1"
"USW00093134","LOS ANGELES DOWNTOWN USC, CA US","34.0236","-118.2911","54.6","2020-11-21","0.89","0.00",,,,"78","52","  270","  260","6.9","10.1","    1",,"    1"
"USW00093134","LOS ANGELES DOWNTOWN USC, CA US","34.0236","-118.2911","54.6","2020-11-22","0.45","0.00",,,,"73","52","  270","  270","6.0","8.1",,,"    1"
"USW00093134","LOS ANGELES DOWNTOWN USC, CA US","34.0236","-118.2911","54.6","2020-11-23","0.89","0.00",,,,"65","53","  260","  260","6.9","11.0","    1","    1","    1"
"USW00093134","LOS ANGELES DOWNTOWN USC, CA US","34.0236","-118.2911","54.6","2020-11-24","0.22","0.00",,,,"70","52","  270","  260","6.9","11.0","    1",,"    1"
"USW00093134","LOS ANGELES DOWNTOWN USC, CA US","34.0236","-118.2911","54.6","2020-11-25","1.12","0.00",,,,"66","49","  260","  260","6.9","11.0","    1","    1","    1"
"USW00093134","LOS ANGELES DOWNTOWN USC, CA US","34.0236","-118.2911","54.6","2020-11-26","0.89","0.00",,,,"69","50","  270","  270","6.9","10.1","    1",,"    1"
"USW00093134","LOS ANGELES DOWNTOWN USC, CA US","34.0236","-118.2911","54.6","2020-11-27","1.12","0.00",,,,"69","44","  270","  280","8.1","13.0",,,
"USW00093134","LOS ANGELES DOWNTOWN USC, CA US","34.0236","-118.2911","54.6","2020-11-28","1.79","0.00",,,,"74","47","   20","  260","6.0","10.1",,,
"USW00093134","LOS ANGELES DOWNTOWN USC, CA US","34.0236","-118.2911","54.6","2020-11-29","1.57","0.00",,,,"77","50","  280","   40","6.9","11.0",,,
"USW00093134","LOS ANGELES DOWNTOWN USC, CA US","34.0236","-118.2911","54.6","2020-11-30","1.57","0.00",,,,"79","52","  270","  270","6.9","13.0",,,
"USW00093134","LOS ANGELES DOWNTOWN USC, CA US","34.0236","-118.2911","54.6","2020-12-01","0.22","0.00",,,,"79","48","  260","   90","6.0","8.9",,,"    1"
"USW00093134","LOS ANGELES DOWNTOWN USC, CA US","34.0236","-118.2911","54.6","2020-12-02","0.89","0.00",,,,"80","48","  280","  270","6.9","11.0",,,"    1"
"USW00093134","LOS ANGELES DOWNTOWN USC, CA US","34.0236","-118.2911","54.6","2020-12-03","0.67","0.00",,,,"74","47","  100","  110","8.1","13.0",,,
"USW00093134","LOS ANGELES DOWNTOWN USC, CA US","34.0236","-118.2911","54.6","2020-12-04","2.01","0.00",,,,"74","49","  260","  270","8.1","12.1",,,
"USW00093134","LOS ANGELES DOWNTOWN USC, CA US","34.0236","-118.2911","54.6","2020-12-05","0.67","0.00",,,,"74","46","  260","  270","6.0","8.9",,,
"USW00093134","LOS ANGELES DOWNTOWN USC, CA US","34.0236","-118.2911","54.6","2020-12-06","0.89","0.00",,,,"73","46","  270","  280","6.9","10.1",,,"    1"
"USW00093134","LOS ANGELES DOWNTOWN USC, CA US","34.0236","-118.2911","54.6","2020-12-07","0.00","0.00",,,,"76","46","  280","   50","2.9","6.0",,,"    1"
"USW00093134","LOS ANGELES DOWNTOWN USC, CA US","34.0236","-118.2911","54.6","2020-12-08","0.45","0.00",,,,"82","53","  140","  130","8.1","14.1",,,"    1"
"USW00093134","LOS ANGELES DOWNTOWN USC, CA US","34.0236","-118.2911","54.6","2020-12-09","1.57","0.00",,,,"74","53","  260","  260","8.1","13.0",,,"    1"
"USW00093134","LOS ANGELES DOWNTOWN USC, CA US","34.0236","-118.2911","54.6","2020-12-10","1.57","0.00",,,,"65","50","  130","  120","10.1","14.1",,,
"USW00093134","LOS ANGELES DOWNTOWN USC, CA US","34.0236","-118.2911","54.6","2020-12-11","0.67","0.00",,,,"63","50","  260","  260","6.9","10.1","    1",,"    1"
"USW00093134","LOS ANGELES DOWNTOWN USC, CA US","34.0236","-118.2911","54.6","2020-12-12","1.34","0.00",,,,"69","49","   60","   50","12.1","19.9","    1",,"    1"
"USW00093134","LOS ANGELES DOWNTOWN USC, CA US","34.0236","-118.2911","54.6","2020-12-13","1.12","0.00",,,,"70","50","  260","  260","8.9","14.1",,,
"USW00093134","LOS ANGELES DOWNTOWN USC, CA US","34.0236","-118.2911","54.6","2020-12-14","2.46","0.00",,,,"66","52","  310","  330","8.1","19.0",,,
"USW00093134","LOS ANGELES DOWNTOWN USC, CA US","34.0236","-118.2911","54.6","2020-12-15","0.22","0.00",,,,"70","47","  260","  260","8.1","12.1",,,
"USW00093134","LOS ANGELES DOWNTOWN USC, CA US","34.0236","-118.2911","54.6","2020-12-16","1.12","0.00",,,,"73","47","  270","  270","6.9","10.1",,,
"USW00093134","LOS ANGELES DOWNTOWN USC, CA US","34.0236","-118.2911","54.6","2020-12-17","1.12","0.00",,,,"64","51","  260","  260","8.9","19.0",,,
"USW00093134","LOS ANGELES DOWNTOWN USC, CA US","34.0236","-118.2911","54.6","2020-12-18","0.45","0.00",,,,"67","49","  260","  270","8.1","12.1",,,
"USW00093134","LOS ANGELES DOWNTOWN USC, CA US","34.0236","-118.2911","54.6","2020-12-19","0.67","0.00",,,,"71","45","  270","  270","6.9","11.0",,,
"USW00093134","LOS ANGELES DOWNTOWN USC, CA US","34.0236","-118.2911","54.6","2020-12-20","2.01","0.00",,,,"80","48","  270","   10","6.9","10.1",,,
"USW00093134","LOS ANGELES DOWNTOWN USC, CA US","34.0236","-118.2911","54.6","2020-12-21","2.24","0.00",,,,"84","57","  270","   20","6.9","11.0",,,
"USW00093134","LOS ANGELES DOWNTOWN USC, CA US","34.0236","-118.2911","54.6","2020-12-22","1.12","0.00",,,,"71","50","  270","  260","6.0","8.9","    1",,"    1"
"USW00093134","LOS ANGELES DOWNTOWN USC, CA US","34.0236","-118.2911","54.6","2020-12-23","0.89","0.00",,,,"70","51","   60","   70","8.1","15.0",,,"    1"
"USW00093134","LOS ANGELES DOWNTOWN USC, CA US","34.0236","-118.2911","54.6","2020-12-24","2.01","0.02",,,,"66","54","   70","   50","10.1","16.1",,,"    1"
"USW00093134","LOS ANGELES DOWNTOWN USC, CA US","34.0236","-118.2911","54.6","2020-12-25","1.57","0.00",,,,"75","52","  270","  270","8.9","14.1",,,
"USW00093134","LOS ANGELES DOWNTOWN USC, CA US","34.0236","-118.2911","54.6","2020-12-26","0.67","0.00",,,,"69","46","  260","  250","6.9","12.1",,,
"USW00093134","LOS ANGELES DOWNTOWN USC, CA US","34.0236","-118.2911","54.6","2020-12-27","1.12","0.01",,,,"66","55","  270","  260","8.9","18.1","    1",,"    1"
"USW00093134","LOS ANGELES DOWNTOWN USC, CA US","34.0236","-118.2911","54.6","2020-12-28","4.70","1.81",,,,"56","47","   90","  260","14.1","21.0","    1",,
"USW00093134","LOS ANGELES DOWNTOWN USC, CA US","34.0236","-118.2911","54.6","2020-12-29","1.57","0.00",,,,"65","42","  340","  360","10.1","18.1",,,
"USW00093134","LOS ANGELES DOWNTOWN USC, CA US","34.0236","-118.2911","54.6","2020-12-30","0.45","0.00",,,,"69","44","  260","  260","6.9","12.1",,,
"USW00093134","LOS ANGELES DOWNTOWN USC, CA US","34.0236","-118.2911","54.6","2020-12-31","1.57","0.00",,,,"70","43","  350","  350","12.1","19.9",,,
"USW00093134","LOS ANGELES DOWNTOWN USC, CA US","34.0236","-118.2911","54.6","2021-01-01","0.22","0.00",,,,"70","45","  250","  260","6.0","11.0",,,"    1"
"USW00093134","LOS ANGELES DOWNTOWN USC, CA US","34.0236","-118.2911","54.6","2021-01-02","0.45","0.00",,,,"66","47","  270","  270","6.9","10.1","    1",,"    1"
"USW00093134","LOS ANGELES DOWNTOWN USC, CA US","34.0236","-118.2911","54.6","2021-01-03","1.12","0.00",,,,"64","50","  270","  260","6.9","12.1","    1",,"    1"
"USW00093134","LOS ANGELES DOWNTOWN USC, CA US","34.0236","-118.2911","54.6","2021-01-04","0.89","0.00",,,,"62","48","  260","  270","8.9","14.1","    1",,"    1"
"USW00093134","LOS ANGELES DOWNTOWN USC, CA US","34.0236","-118.2911","54.6","2021-01-05","0.67","0.00",,,,"63","48","  260","  270","8.1","11.0","    1","    1","    1"
"USW00093134","LOS ANGELES DOWNTOWN USC, CA US","34.0236","-118.2911","54.6","2021-01-06","0.22","0.00",,,,"72","48","  270","  270","6.9","10.1","    1",,"    1"
"USW00093134","LOS ANGELES DOWNTOWN USC, CA US","34.0236","-118.2911","54.6","2021-01-07","0.89","0.00",,,,"75","45","  270","  270","6.9","11.0","    1",,"    1"
"USW00093134","LOS ANGELES DOWNTOWN USC, CA US","34.0236","-118.2911","54.6","2021-01-08","1.12","0.00",,,,"68","46","   20","  360","6.9","12.1","    1",,"    1"
"USW00093134","LOS ANGELES DOWNTOWN USC, CA US","34.0236","-118.2911","54.6","2021-01-09","1.34","0.00",,,,"74","49","  100","  100","6.9","10.1",,,"    1"
"USW00093134","LOS ANGELES DOWNTOWN USC, CA US","34.0236","-118.2911","54.6","2021-01-10","1.12","0.00",,,,"72","47","  260","  260","6.9","11.0",,,
"USW00093134","LOS ANGELES DOWNTOWN USC, CA US","34.0236","-118.2911","54.6","2021-01-11","0.67","0.00",,,,"74","46","  260","  280","8.1","14.1",,,
"USW00093134","LOS ANGELES DOWNTOWN USC, CA US","34.0236","-118.2911","54.6","2021-01-12","1.12","0.00",,,,"72","48","   60","   90","6.9","10.1",,,"    1"
"USW00093134","LOS ANGELES DOWNTOWN USC, CA US","34.0236","-118.2911","54.6","2021-01-13","0.89","0.00",,,,"75","48","  270","  270","6.9","11.0",,,"    1"
"USW00093134","LOS ANGELES DOWNTOWN USC, CA US","34.0236","-118.2911","54.6","2021-01-14","0.45","0.00",,,,"83","50","  260","  270","6.0","8.9",,,"    1"
"USW00093134","LOS ANGELES DOWNTOWN USC, CA US","34.0236","-118.2911","54.6","2021-01-15","0.00","0.00",,,,"88","52","  120","  270","4.9","6.9",,,
"USW00093134","LOS ANGELES DOWNTOWN USC, CA US","34.0236","-118.2911","54.6","2021-01-16","0.00","0.00",,,,"88","54","  100","  100","6.9","10.1",,,
"USW00093134","LOS ANGELES DOWNTOWN USC, CA US","34.0236","-118.2911","54.6","2021-01-17","0.45","0.00",,,,"86","54","  270","  270","8.1","11.0",,,
"USW00093134","LOS ANGELES DOWNTOWN USC, CA US","34.0236","-118.2911","54.6","2021-01-18","0.67","0.00",,,,"79","53","  260","  270","6.9","12.1",,,"    1"
"USW00093134","LOS ANGELES DOWNTOWN USC, CA US","34.0236","-118.2911","54.6","2021-01-19","2.91","0.00",,,,"71","56","   70","  110","16.1","32.0",,,"    1"
"USW00093134","LOS ANGELES DOWNTOWN USC, CA US","34.0236","-118.2911","54.6","2021-01-20","0.89","0.00",,,,"77","53","  130","  130","8.1","13.0",,,
"USW00093134","LOS ANGELES DOWNTOWN USC, CA US","34.0236","-118.2911","54.6","2021-01-21","1.12","0.00",,,,"71","53","  260","  260","8.1","14.1",,,"    1"
"USW00093134","LOS ANGELES DOWNTOWN USC, CA US","34.0236","-118.2911","54.6","2021-01-22","2.68","0.00",,,,"64","51","  270","  280","8.9","16.1",,,
"USW00093134","LOS ANGELES DOWNTOWN USC, CA US","34.0236","-118.2911","54.6","2021-01-23","1.57","0.38",,,,"56","48","  330","  330","6.9","13.0","    1",,
"USW00093134","LOS ANGELES DOWNTOWN USC, CA US","34.0236","-118.2911","54.6","2021-01-24","2.24","0.07",,,,"60","43","  260","  270","8.9","17.0","    1",,
"USW00093134","LOS ANGELES DOWNTOWN USC, CA US","34.0236","-118.2911","54.6","2021-01-25","2.68","0.29",,,,"56","43","  270","  270","15.0","30.0","    1",,
"USW00093134","LOS ANGELES DOWNTOWN USC, CA US","34.0236","-118.2911","54.6","2021-01-26","1.79","0.00",,,,"58","40","  100","  260","6.0","11.0",,,
"USW00093134","LOS ANGELES DOWNTOWN USC, CA US","34.0236","-118.2911","54.6","2021-01-27","4.25","0.00",,,,"61","50","  140","  120","13.0","18.1",,,
"USW00093134","LOS ANGELES DOWNTOWN USC, CA US","34.0236","-118.2911","54.6","2021-01-28","3.13","0.98",,,,"65","46","  130","  130","10.1","19.9","    1",,
"USW00093134","LOS ANGELES DOWNTOWN USC, CA US","34.0236","-118.2911","54.6","2021-01-29","0.67","0.72",,,,"54","46","  100","  110","8.9","13.0","    1",,
"USW00093134","LOS ANGELES DOWNTOWN USC, CA US","34.0236","-118.2911","54.6","2021-01-30","0.89","0.00",,,,"64","44","  270","  270","6.9","10.1",,,
"USW00093134","LOS ANGELES DOWNTOWN USC, CA US","34.0236","-118.2911","54.6","2021-01-31","1.12","0.00",,,,"71","48","   80","  100","6.9","8.9",,,
"USW00093134","LOS ANGELES DOWNTOWN USC, CA US","34.0236","-118.2911","54.6","2021-02-01","0.89","0.00",,,,"73","58","  260","  270","6.0","8.9",,,"    1"
"USW00093134","LOS ANGELES DOWNTOWN USC, CA US","34.0236","-118.2911","54.6","2021-02-02","0.67","0.00",,,,"71","54","  260","  260","6.9","11.0",,,
"USW00093134","LOS ANGELES DOWNTOWN USC, CA US","34.0236","-118.2911","54.6","2021-02-03","0.89","0.00",,,,"67","49","  260","  260","6.9","13.0",,,
"USW00093134","LOS ANGELES DOWNTOWN USC, CA US","34.0236","-118.2911","54.6","2021-02-04","0.45","0.00",,,,"66","52","  270","  260","6.9","12.1",,,
"USW00093134","LOS ANGELES DOWNTOWN USC, CA US","34.0236","-118.2911","54.6","2021-02-05","1.12","0.00",,,,"69","50","  270","  270","8.1","13.0","    1",,"    1"
"USW00093134","LOS ANGELES DOWNTOWN USC, CA US","34.0236","-118.2911","54.6","2021-02-06","0.89","0.00",,,,"73","47","  280","  270","6.0","11.0",,,
"USW00093134","LOS ANGELES DOWNTOWN USC, CA US","34.0236","-118.2911","54.6","2021-02-07","0.89","0.00",,,,"69","48","  260","  270","8.1","12.1","    1","    1","    1"
"USW00093134","LOS ANGELES DOWNTOWN USC, CA US","34.0236","-118.2911","54.6","2021-02-08","1.34","0.00",,,,"65","51","  270","  270","8.1","12.1","    1",,"    1"
"USW00093134","LOS ANGELES DOWNTOWN USC, CA US","34.0236","-118.2911","54.6","2021-02-09","1.12","0.00",,,,"62","54","  260","  270","6.9","11.0",,,"    1"
"USW00093134","LOS ANGELES DOWNTOWN USC, CA US","34.0236","-118.2911","54.6","2021-02-10","0.67","0.00",,,,"62","52","  260","  260","8.1","12.1",,,"    1"
"USW00093134","LOS ANGELES DOWNTOWN USC, CA US","34.0236","-118.2911","54.6","2021-02-11","1.12","0.00",,,,"68","48","  260","  270","8.9","16.1","    1",,"    1"
"USW00093134","LOS ANGELES DOWNTOWN USC, CA US","34.0236","-118.2911","54.6","2021-02-12","3.13","0.00",,,,"70","55","  270","  330","12.1","21.9",,,"    1"
"USW00093134","LOS ANGELES DOWNTOWN USC, CA US","34.0236","-118.2911","54.6","2021-02-13","2.24","0.00",,,,"64","54","  340","  330","10.1","17.0",,,
"USW00093134","LOS ANGELES DOWNTOWN USC, CA US","34.0236","-118.2911","54.6","2021-02-14","4.92","0.00",,,,"71","57","  270","  280","14.1","23.0",,,
"USW00093134","LOS ANGELES DOWNTOWN USC, CA US","34.0236","-118.2911","54.6","2021-02-15","2.24","0.00",,,,"66","52","   90","  260","8.1","14.1",,,
"USW00093134","LOS ANGELES DOWNTOWN USC, CA US","34.0236","-118.2911","54.6","2021-02-16","3.80","0.00",,,,"70","53","  260","  330","13.0","25.1","    1",,"    1"
"USW00093134","LOS ANGELES DOWNTOWN USC, CA US","34.0236","-118.2911","54.6","2021-02-17","2.68","0.00",,,,"71","49","  270","   10","10.1","18.1",,,
"USW00093134","LOS ANGELES DOWNTOWN USC, CA US","34.0236","-118.2911","54.6","2021-02-18","1.57","0.00",,,,"69","47","  270","  270","8.9","14.1",,,"    1"
"USW00093134","LOS ANGELES DOWNTOWN USC, CA US","34.0236","-118.2911","54.6","2021-02-19","1.12","0.00",,,,"71","47","  260","  260","8.9","15.0",,,
"USW00093134","LOS ANGELES DOWNTOWN USC, CA US","34.0236","-118.2911","54.6","2021-02-20","3.58","0.00",,,,"68","47","  330","  330","14.1","23.0",,,
"USW00093134","LOS ANGELES DOWNTOWN USC, CA US","34.0236","-118.2911","54.6","2021-02-21","1.12","0.00",,,,"73","46","  260","  270","8.1","13.0",,,
"USW00093134","LOS ANGELES DOWNTOWN USC, CA US","34.0236","-118.2911","54.6","2021-02-22","0.67","0.00",,,,"82","48","  270","  280","8.1","12.1",,,
"USW00093134","LOS ANGELES DOWNTOWN USC, CA US","34.0236","-118.2911","54.6","2021-02-23","1.34","0.00",,,,"79","53","  270","  270","10.1","15.0",,,"    1"
"USW00093134","LOS ANGELES DOWNTOWN USC, CA US","34.0236","-118.2911","54.6","2021-02-24","1.12","0.00",,,,"75","52","  260","  260","8.1","13.0","    1",,"    1"
"USW00093134","LOS ANGELES DOWNTOWN USC, CA US","34.0236","-118.2911","54.6","2021-02-25","0.89","0.00",,,,"74","51","  270","  260","6.0","11.0","    1",,"    1"
"USW00093134","LOS ANGELES DOWNTOWN USC, CA US","34.0236","-118.2911","54.6","2021-02-26","0.89","0.00",,,,"74","47","  260","  260","8.1","13.0",,,
"USW00093134","LOS ANGELES DOWNTOWN USC, CA US","34.0236","-118.2911","54.6","2021-02-27","3.58","0.00",,,,"75","50","  330","  330","12.1","19.9",,,"    1"
"USW00093134","LOS ANGELES DOWNTOWN USC, CA US","34.0236","-118.2911","54.6","2021-02-28","0.67","0.00",,,,"73","49","  260","  260","8.1","14.1",,,
"USW00093134","LOS ANGELES DOWNTOWN USC, CA US","34.0236","-118.2911","54.6","2021-03-01","2.24","0.00",,,,"76","50","  270","  260","8.9","16.1",,,
"USW00093134","LOS ANGELES DOWNTOWN USC, CA US","34.0236","-118.2911","54.6","2021-03-02","1.79","0.00",,,,"76","49","  260","  280","8.9","15.0",,,
"USW00093134","LOS ANGELES DOWNTOWN USC, CA US","34.0236","-118.2911","54.6","2021-03-03","4.25","0.16",,,,"58","48","   90","   90","17.0","30.0",,,
"USW00093134","LOS ANGELES DOWNTOWN USC, CA US","34.0236","-118.2911","54.6","2021-03-04","1.57","0.00",,,,"67","46","  260","  270","8.9","17.0",,,"    1"
"USW00093134","LOS ANGELES DOWNTOWN USC, CA US","34.0236","-118.2911","54.6","2021-03-05","1.12","0.00",,,,"78","49","  270","  260","8.1","14.1",,,
"USW00093134","LOS ANGELES DOWNTOWN USC, CA US","34.0236","-118.2911","54.6","2021-03-06","2.24","0.00",,,,"69","51","  260","  260","8.1","14.1",,,
"USW00093134","LOS ANGELES DOWNTOWN USC, CA US","34.0236","-118.2911","54.6","2021-03-07","0.89","0.00",,,,"64","55","  260","  260","8.1","13.0",,,
"USW00093134","LOS ANGELES DOWNTOWN USC, CA US","34.0236","-118.2911","54.6","2021-03-08","2.24","0.00",,,,"66","54","  260","  260","12.1","18.1",,,
"USW00093134","LOS ANGELES DOWNTOWN USC, CA US","34.0236","-118.2911","54.6","2021-03-09","2.68","0.00",,,,"63","48","  260","  260","15.0","30.0",,,
"USW00093134","LOS ANGELES DOWNTOWN USC, CA US","34.0236","-118.2911","54.6","2021-03-10","2.24","0.83",,,,"59","47","   90","  270","12.1","18.1","    1",,
"USW00093134","LOS ANGELES DOWNTOWN USC, CA US","34.0236","-118.2911","54.6","2021-03-11","2.91","0.12",,,,"58","46","  260","  250","10.1","17.0","    1",,
"USW00093134","LOS ANGELES DOWNTOWN USC, CA US","34.0236","-118.2911","54.6","2021-03-12","1.79","0.00",,,,"60","44","  260","  270","10.1","18.1",,,
"USW00093134","LOS ANGELES DOWNTOWN USC, CA US","34.0236","-118.2911","54.6","2021-03-13","1.34","0.00",,,,"64","46","  260","  270","8.9","16.1",,,
"USW00093134","LOS ANGELES DOWNTOWN USC, CA US","34.0236","-118.2911","54.6","2021-03-14","2.01","0.00",,,,"64","53","  260","  270","8.1","14.1",,,
"USW00093134","LOS ANGELES DOWNTOWN USC, CA US","34.0236","-118.2911","54.6","2021-03-15","3.13","0.30",,,,"58","47","  260","   99","10.1","23.0","    1",,
"USW00093134","LOS ANGELES DOWNTOWN USC, CA US","34.0236","-118.2911","54.6","2021-03-16","2.01","0.00",,,,"61","45","  270",,"8.1",,,,
"USW00093134","LOS ANGELES DOWNTOWN USC, CA US","34.0236","-118.2911","54.6","2021-03-17","1.34","0.00",,,,"67","45","  260",,"6.9",,,,
"USW00093134","LOS ANGELES DOWNTOWN USC, CA US","34.0236","-118.2911","54.6","2021-03-18","1.12","0.00",,,,"66","51","  260",,"8.9",,,,
"USW00093134","LOS ANGELES DOWNTOWN USC, CA US","34.0236","-118.2911","54.6","2021-03-19","2.01","0.00",,,,"72","50","  250",,"8.9",,,,
"USW00093134","LOS ANGELES DOWNTOWN USC, CA US","34.0236","-118.2911","54.6","2021-03-20","2.01","0.00",,,,"68","55","  270","  260","10.1","18.1",,,
"USW00093134","LOS ANGELES DOWNTOWN USC, CA US","34.0236","-118.2911","54.6","2021-03-21","1.34","0.00",,,,"69","49","  340","  330","8.1","16.1",,,
"USW00093134","LOS ANGELES DOWNTOWN USC, CA US","34.0236","-118.2911","54.6","2021-03-22","2.24","0.00",,,,"69","53","  280","  270","8.9","14.1",,,
"USW00093134","LOS ANGELES DOWNTOWN USC, CA US","34.0236","-118.2911","54.6","2021-03-23","4.03","0.00",,,,"71","52","  260","  270","13.0","28.0",,,
"USW00093134","LOS ANGELES DOWNTOWN USC, CA US","34.0236","-118.2911","54.6","2021-03-24","4.25","0.00",,,,"73","55","  260","  250","12.1","23.9",,,
"USW00093134","LOS ANGELES DOWNTOWN USC, CA US","34.0236","-118.2911","54.6","2021-03-25","3.80","0.00",,,,"64","52","  260",,"8.9",,,,
"USW00093134","LOS ANGELES DOWNTOWN USC, CA US","34.0236","-118.2911","54.6","2021-03-26","2.46","0.00",,,,"65","51","  260","  270","12.1","19.0",,,
"USW00093134","LOS ANGELES DOWNTOWN USC, CA US","34.0236","-118.2911","54.6","2021-03-27","1.12","0.00",,,,"76","49","  260",,"6.9",,,,
"USW00093134","LOS ANGELES DOWNTOWN USC, CA US","34.0236","-118.2911","54.6","2021-03-28","1.57","0.00",,,,"86","53","  270","  270","10.1","16.1",,,
"USW00093134","LOS ANGELES DOWNTOWN USC, CA US","34.0236","-118.2911","54.6","2021-03-29","1.12","0.00",,,,"80","54","  260","  260","6.9","12.1",,,
"USW00093134","LOS ANGELES DOWNTOWN USC, CA US","34.0236","-118.2911","54.6","2021-03-30","2.24","0.00",,,,"75","56","  260","  270","8.1","13.0",,,"    1"
"USW00093134","LOS ANGELES DOWNTOWN USC, CA US","34.0236","-118.2911","54.6","2021-03-31","0.67","0.00",,,,"88","54","  270","  260","10.1","15.0",,,
"USW00093134","LOS ANGELES DOWNTOWN USC, CA US","34.0236","-118.2911","54.6","2021-04-01","1.34","0.00",,,,"88","61","  260","  260","8.9","14.1",,,"    1"
"USW00093134","LOS ANGELES DOWNTOWN USC, CA US","34.0236","-118.2911","54.6","2021-04-02","2.01","0.00",,,,"75","56","  260","  260","8.9","14.1","    1",,"    1"
"USW00093134","LOS ANGELES DOWNTOWN USC, CA US","34.0236","-118.2911","54.6","2021-04-03","0.67","0.00",,,,"70","55","  250",,"4.9",,"    1",,"    1"
"USW00093134","LOS ANGELES DOWNTOWN USC, CA US","34.0236","-118.2911","54.6","2021-04-04","1.12","0.00",,,,"76","52","  260","  270","8.9","14.1",,,
"USW00093134","LOS ANGELES DOWNTOWN USC, CA US","34.0236","-118.2911","54.6","2021-04-05","1.57","0.00",,,,"72","55","  260",,"8.1",,,,
"USW00093134","LOS ANGELES DOWNTOWN USC, CA US","34.0236","-118.2911","54.6","2021-04-06","1.12","0.00",,,,"70","54","  270","  280","8.9","14.1",,,
"USW00093134","LOS ANGELES DOWNTOWN USC, CA US","34.0236","-118.2911","54.6","2021-04-07","0.67","0.00",,,,"73","55","  270",,"4.9",,,,
"USW00093134","LOS ANGELES DOWNTOWN USC, CA US","34.0236","-118.2911","54.6","2021-04-08","1.12","0.00",,,,"75","55","  260","  270","8.1","15.0",,,
"USW00093134","LOS ANGELES DOWNTOWN USC, CA US","34.0236","-118.2911","54.6","2021-04-09","1.12","0.00",,,,"74","55","  250",,"6.0",,,,"    1"
"USW00093134","LOS ANGELES DOWNTOWN USC, CA US","34.0236","-118.2911","54.6","2021-04-10","1.79","0.00",,,,"77","55","  260",,"6.9",,,,
"USW00093134","LOS ANGELES DOWNTOWN USC, CA US","34.0236","-118.2911","54.6","2021-04-11","1.12","0.00",,,,"74","58","  270",,"6.0",,,,"    1"
"USW00093134","LOS ANGELES DOWNTOWN USC, CA US","34.0236","-118.2911","54.6","2021-04-12","1.57","0.00",,,,"68","58","  270","  260","8.9","15.0",,,
"USW00093134","LOS ANGELES DOWNTOWN USC, CA US","34.0236","-118.2911","54.6","2021-04-13","1.79","0.00",,,,"63","57","  270","  270","8.1","13.0",,,
"USW00093134","LOS ANGELES DOWNTOWN USC, CA US","34.0236","-118.2911","54.6","2021-04-14","1.34","0.00",,,,"65","54","  260","  280","8.1","16.1",,,
"USW00093134","LOS ANGELES DOWNTOWN USC, CA US","34.0236","-118.2911","54.6","2021-04-15","1.57","0.00",,,,"68","51","  260","  270","10.1","18.1",,,"    1"
"USW00093134","LOS ANGELES DOWNTOWN USC, CA US","34.0236","-118.2911","54.6","2021-04-16","1.79","0.00",,,,"71","56","  270","  270","8.9","15.0",,,"    1"
"USW00093134","LOS ANGELES DOWNTOWN USC, CA US","34.0236","-118.2911","54.6","2021-04-17","1.12","0.00",,,,"71","55","  260","  260","8.9","16.1",,,
"USW00093134","LOS ANGELES DOWNTOWN USC, CA US","34.0236","-118.2911","54.6","2021-04-18","2.01","0.00",,,,"89","55","   10","  260","13.0","19.9",,,
"USW00093134","LOS ANGELES DOWNTOWN USC, CA US","34.0236","-118.2911","54.6","2021-04-19","1.12","0.00",,,,"85","59","  260","  260","8.9","15.0",,,"    1"
"USW00093134","LOS ANGELES DOWNTOWN USC, CA US","34.0236","-118.2911","54.6","2021-04-20","2.46","0.00",,,,"74","57","  260","  260","8.9","17.0",,,"    1"
"USW00093134","LOS ANGELES DOWNTOWN USC, CA US","34.0236","-118.2911","54.6","2021-04-21","2.24","0.00",,,,"66","58","  270","  260","8.1","14.1",,,"    1"
"USW00093134","LOS ANGELES DOWNTOWN USC, CA US","34.0236","-118.2911","54.6","2021-04-22","2.46","0.00",,,,"63","58","  270",,"8.9",,,,
"USW00093134","LOS ANGELES DOWNTOWN USC, CA US","34.0236","-118.2911","54.6","2021-04-23","0.67","0.00",,,,"65","58","  270","  270","8.1","13.0",,,
"USW00093134","LOS ANGELES DOWNTOWN USC, CA US","34.0236","-118.2911","54.6","2021-04-24","1.34","0.00",,,,"66","56","  260","  260","8.1","16.1",,,
"USW00093134","LOS ANGELES DOWNTOWN USC, CA US","34.0236","-118.2911","54.6","2021-04-25","1.34","0.00",,,,"68","56","  270","  270","10.1","17.0",,,
"USW00093134","LOS ANGELES DOWNTOWN USC, CA US","34.0236","-118.2911","54.6","2021-04-26","2.91","0.00",,,,"65","55","  260",,"8.9",,,,
"USW00093134","LOS ANGELES DOWNTOWN USC, CA US","34.0236","-118.2911","54.6","2021-04-27","2.46","0.00",,,,"68","56","  260","  260","10.1","17.0",,,"    1"
"USW00093134","LOS ANGELES DOWNTOWN USC, CA US","34.0236","-118.2911","54.6","2021-04-28","1.79","0.00",,,,"80","53","  270","  260","12.1","19.0",,,
"USW00093134","LOS ANGELES DOWNTOWN USC, CA US","34.0236","-118.2911","54.6","2021-04-29","1.57","0.00",,,,"87","58","  260","  270","8.9","16.1",,,
"USW00093134","LOS ANGELES DOWNTOWN USC, CA US","34.0236","-118.2911","54.6","2021-04-30","1.12","0.00",,,,"90","61","  260","  270","8.1","14.1",,,
"USW00093134","LOS ANGELES DOWNTOWN USC, CA US","34.0236","-118.2911","54.6","2021-05-01","1.34","0.00",,,,"76","58","  120","  270","6.9","14.1",,,"    1"
"USW00093134","LOS ANGELES DOWNTOWN USC, CA US","34.0236","-118.2911","54.6","2021-05-02","1.34","0.00",,,,"71","60","  260","  270","8.9","16.1",,,
"USW00093134","LOS ANGELES DOWNTOWN USC, CA US","34.0236","-118.2911","54.6","2021-05-03","1.79","0.00",,,,"72","60","  260",,"6.0",,,,
"USW00093134","LOS ANGELES DOWNTOWN USC, CA US","34.0236","-118.2911","54.6","2021-05-04","1.12","0.00",,,,"79","60","  270",,"6.9",,,,"    1"
"USW00093134","LOS ANGELES DOWNTOWN USC, CA US","34.0236","-118.2911","54.6","2021-05-05","1.79","0.00",,,,"80","59","  270","  270","8.9","16.1","    1",,"    1"
"USW00093134","LOS ANGELES DOWNTOWN USC, CA US","34.0236","-118.2911","54.6","2021-05-06","1.57","0.00",,,,"72","59","  280","  270","10.1","17.0",,,"    1"
"USW00093134","LOS ANGELES DOWNTOWN USC, CA US","34.0236","-118.2911","54.6","2021-05-07","1.57","0.00",,,,"69","59","  270","  270","8.1","15.0",,,
"USW00093134","LOS ANGELES DOWNTOWN USC, CA US","34.0236","-118.2911","54.6","2021-05-08","2.01","0.00",,,,"72","60","  260","  270","10.1","14.1",,,
"USW00093134","LOS ANGELES DOWNTOWN USC, CA US","34.0236","-118.2911","54.6","2021-05-09","1.34","0.00",,,,"71","60","  260","  270","8.9","17.0",,,
"USW00093134","LOS ANGELES DOWNTOWN USC, CA US","34.0236","-118.2911","54.6","2021-05-10","1.34","0.00",,,,"69","61","  260","  270","6.9","12.1",,,
"USW00093134","LOS ANGELES DOWNTOWN USC, CA US","34.0236","-118.2911","54.6","2021-05-11","1.12","0.00",,,,"72","62","  270","  260","8.9","16.1",,,
"USW00093134","LOS ANGELES DOWNTOWN USC, CA US","34.0236","-118.2911","54.6","2021-05-12","2.01","0.00",,,,"73","61","  270",,"10.1",,,,
"USW00093134","LOS ANGELES DOWNTOWN USC, CA US","34.0236","-118.2911","54.6","2021-05-13","2.01","0.00",,,,"67","61","   99",,"6.0",,,,
"USW00093134","LOS ANGELES DOWNTOWN USC, CA US","34.0236","-118.2911","54.6","2021-05-14","2.01","0.00",,,,"73","60","  270",,"8.1",,,,
"USW00093134","LOS ANGELES DOWNTOWN USC, CA US","34.0236","-118.2911","54.6","2021-05-15","2.01","0.00",,,,"70","61","  260",,"8.9",,,,
"USW00093134","LOS ANGELES DOWNTOWN USC, CA US","34.0236","-118.2911","54.6","2021-05-16","1.12","0.00",,,,"66","58","  250",,"6.0",,,,
"USW00093134","LOS ANGELES DOWNTOWN USC, CA US","34.0236","-118.2911","54.6","2021-05-17","2.01","0.00",,,,"68","60","  260",,"6.0",,,,
"USW00093134","LOS ANGELES DOWNTOWN USC, CA US","34.0236","-118.2911","54.6","2021-05-18","1.34","0.00",,,,"72","59","   99",,"6.9",,,,
"USW00093134","LOS ANGELES DOWNTOWN USC, CA US","34.0236","-118.2911","54.6","2021-05-19","2.01","0.00",,,,"75","60","  250",,"6.0",,,,
"USW00093134","LOS ANGELES DOWNTOWN USC, CA US","34.0236","-118.2911","54.6","2021-05-20","0.67","0.00",,,,"71","58","  260",,"8.1",,,,
"USW00093134","LOS ANGELES DOWNTOWN USC, CA US","34.0236","-118.2911","54.6","2021-05-21","2.24","0.00",,,,"75","56","  260","   99","8.9","17.0",,,
"USW00093134","LOS ANGELES DOWNTOWN USC, CA US","34.0236","-118.2911","54.6","2021-05-22","2.24","0.00",,,,"70","54","  270","  270","10.1","16.1",,,
"USW00093134","LOS ANGELES DOWNTOWN USC, CA US","34.0236","-118.2911","54.6","2021-05-23","2.01","0.00",,,,"72","54","  270","  270","8.9","16.1",,,
"USW00093134","LOS ANGELES DOWNTOWN USC, CA US","34.0236","-118.2911","54.6","2021-05-24","1.57","0.00",,,,"84","55","  270","  260","8.9","16.1",,,"    1"
"USW00093134","LOS ANGELES DOWNTOWN USC, CA US","34.0236","-118.2911","54.6","2021-05-25","1.12","0.00",,,,"85","62","  250",,"6.0",,,,
"USW00093134","LOS ANGELES DOWNTOWN USC, CA US","34.0236","-118.2911","54.6","2021-05-26","1.12","0.00",,,,"79","63","  260","  110","8.1","13.0",,,"    1"
"USW00093134","LOS ANGELES DOWNTOWN USC, CA US","34.0236","-118.2911","54.6","2021-05-27","2.01","0.00",,,,"74","62","  270","  270","8.1","15.0",,,
"USW00093134","LOS ANGELES DOWNTOWN USC, CA US","34.0236","-118.2911","54.6","2021-05-28","1.57","0.00",,,,"73","59","  260","  250","10.1","17.0",,,"    1"
"USW00093134","LOS ANGELES DOWNTOWN USC, CA US","34.0236","-118.2911","54.6","2021-05-29","0.89","0.00",,,,"71","60","  260","  270","8.1","13.0",,,
"USW00093134","LOS ANGELES DOWNTOWN USC, CA US","34.0236","-118.2911","54.6","2021-05-30","1.12","0.00",,,,"71","61","  250","  270","6.0","14.1",,,
"USW00093134","LOS ANGELES DOWNTOWN USC, CA US","34.0236","-118.2911","54.6","2021-05-31","1.34","0.00",,,,"74","62","  260","  260","8.9","14.1",,,
"USW00093134","LOS ANGELES DOWNTOWN USC, CA US","34.0236","-118.2911","54.6","2021-06-01","2.01","0.00",,,,"75","61","  280",,"6.9",,,,"    1"
"USW00093134","LOS ANGELES DOWNTOWN USC, CA US","34.0236","-118.2911","54.6","2021-06-02","1.34","0.00",,,,"73","60","  250",,"6.0",,"    1",,"    1"
"USW00093134","LOS ANGELES DOWNTOWN USC, CA US","34.0236","-118.2911","54.6","2021-06-03","2.01","0.00",,,,"78","61","  270",,"8.1",,,,
"USW00093134","LOS ANGELES DOWNTOWN USC, CA US","34.0236","-118.2911","54.6","2021-06-04","0.89","0.00",,,,"77","60","   99",,"4.9",,,,
"USW00093134","LOS ANGELES DOWNTOWN USC, CA US","34.0236","-118.2911","54.6","2021-06-05","2.24","0.00",,,,"78","62","  260",,"8.1",,,,
"USW00093134","LOS ANGELES DOWNTOWN USC, CA US","34.0236","-118.2911","54.6","2021-06-06","2.24","0.00",,,,"75","62","   99",,"6.0",,,,
"USW00093134","LOS ANGELES DOWNTOWN USC, CA US","34.0236","-118.2911","54.6","2021-06-07","1.57","0.00",,,,"71","62","  260","  260","8.1","15.0",,,"    1"
"USW00093134","LOS ANGELES DOWNTOWN USC, CA US","34.0236","-118.2911","54.6","2021-06-08","1.79","0.00",,,,"75","62","  260","  260","10.1","17.0",,,
"USW00093134","LOS ANGELES DOWNTOWN USC, CA US","34.0236","-118.2911","54.6","2021-06-09","1.79","0.00",,,,"75","61","  260","  260","12.1","19.9",,,
"USW00093134","LOS ANGELES DOWNTOWN USC, CA US","34.0236","-118.2911","54.6","2021-06-10","2.01","0.00",,,,"75","58","  260","  270","10.1","18.1",,,
"USW00093134","LOS ANGELES DOWNTOWN USC, CA US","34.0236","-118.2911","54.6","2021-06-11","1.79","0.00",,,,"81","59","  280",,"6.0",,,,
"USW00093134","LOS ANGELES DOWNTOWN USC, CA US","34.0236","-118.2911","54.6","2021-06-12","1.57","0.00",,,,"83","61","  260",,"6.9",,,,
"USW00093134","LOS ANGELES DOWNTOWN USC, CA US","34.0236","-118.2911","54.6","2021-06-13","0.89","0.00",,,,"84","61","  270",,"6.0",,"    1",,"    1"
"USW00093134","LOS ANGELES DOWNTOWN USC, CA US","34.0236","-118.2911","54.6","2021-06-14","1.34","0.00",,,,"85","63","  270",,"6.9",,,,
"USW00093134","LOS ANGELES DOWNTOWN USC, CA US","34.0236","-118.2911","54.6","2021-06-15","1.34","0.00",,,,"90","65","   90","  280","6.9","11.0",,,"    1"
"USW00093134","LOS ANGELES DOWNTOWN USC, CA US","34.0236","-118.2911","54.6","2021-06-16","0.67","0.00",,,,"88","68","  160","  160","6.9","15.0",,,
"USW00093134","LOS ANGELES DOWNTOWN USC, CA US","34.0236","-118.2911","54.6","2021-06-17","1.12","0.02",,,,"87","67","  260","  270","8.9","16.1",,,"    1"
"USW00093134","LOS ANGELES DOWNTOWN USC, CA US","34.0236","-118.2911","54.6","2021-06-18","1.57","0.00",,,,"82","66","  260","  270","8.9","14.1",,,"    1"
"USW00093134","LOS ANGELES DOWNTOWN USC, CA US","34.0236","-118.2911","54.6","2021-06-19","1.79","0.00",,,,"77","64","  260","  260","8.1","14.1",,,"    1"
"USW00093134","LOS ANGELES DOWNTOWN USC, CA US","34.0236","-118.2911","54.6","2021-06-20","1.34","0.00",,,,"78","63","  260","  260","8.1","14.1","    1",,"    1"
"USW00093134","LOS ANGELES DOWNTOWN USC, CA US","34.0236","-118.2911","54.6","2021-06-21","1.34","0.00",,,,"82","64","  260","  270","8.9","18.1",,,"    1"
"USW00093134","LOS ANGELES DOWNTOWN USC, CA US","34.0236","-118.2911","54.6","2021-06-22","1.34","0.00",,,,"76","62","  260","  270","13.0","18.1",,,
"USW00093134","LOS ANGELES DOWNTOWN USC, CA US","34.0236","-118.2911","54.6","2021-06-23","2.24","0.00",,,,"81","63","  270","  270","10.1","16.1",,,
"USW00093134","LOS ANGELES DOWNTOWN USC, CA US","34.0236","-118.2911","54.6","2021-06-24","2.91","0.00",,,,"74","62","  270","  270","12.1","18.1",,,
"USW00093134","LOS ANGELES DOWNTOWN USC, CA US","34.0236","-118.2911","54.6","2021-06-25","1.57","0.00",,,,"79","61","  260","  270","8.1","14.1",,,
"USW00093134","LOS ANGELES DOWNTOWN USC, CA US","34.0236","-118.2911","54.6","2021-06-26","0.45","0.00",,,,"81","63","  270","  260","8.9","14.1",,,
"USW00093134","LOS ANGELES DOWNTOWN USC, CA US","34.0236","-118.2911","54.6","2021-06-27","1.12","0.00",,,,"80","65","  260","  260","8.1","13.0",,,
"USW00093134","LOS ANGELES DOWNTOWN USC, CA US","34.0236","-118.2911","54.6","2021-06-28","1.12","0.00",,,,"81","66","  260","  270","6.9","12.1",,,"    1"
"USW00093134","LOS ANGELES DOWNTOWN USC, CA US","34.0236","-118.2911","54.6","2021-06-29","0.89","0.00",,,,"81","67","  270","  260","6.9","12.1",,,
"USW00093134","LOS ANGELES DOWNTOWN USC, CA US","34.0236","-118.2911","54.6","2021-06-30","0.89","0.00",,,,"81","66","  260","  270","8.1","13.0",,,
"USW00093134","LOS ANGELES DOWNTOWN USC, CA US","34.0236","-118.2911","54.6","2021-07-01","1.34","0.00",,,,"83","66","  260","  260","8.1","14.1",,,"    1"
"USW00093134","LOS ANGELES DOWNTOWN USC, CA US","34.0236","-118.2911","54.6","2021-07-02","1.34","0.00",,,,"83","64","  260","  260","8.1","15.0","    1",,"    1"
"USW00093134","LOS ANGELES DOWNTOWN USC, CA US","34.0236","-118.2911","54.6","2021-07-03","0.89","0.00",,,,"81","64","  260","  270","10.1","15.0","    1",,"    1"
"USW00093134","LOS ANGELES DOWNTOWN USC, CA US","34.0236","-118.2911","54.6","2021-07-04","1.34","0.00",,,,"81","63","  260","  280","8.9","15.0",,,"    1"
"USW00093134","LOS ANGELES DOWNTOWN USC, CA US","34.0236","-118.2911","54.6","2021-07-05","1.34","0.00",,,,"81","62","  270","  270","8.9","14.1",,,"    1"
"USW00093134","LOS ANGELES DOWNTOWN USC, CA US","34.0236","-118.2911","54.6","2021-07-06","1.57","0.00",,,,"81","63","  270","  270","8.1","14.1",,,"    1"
"USW00093134","LOS ANGELES DOWNTOWN USC, CA US","34.0236","-118.2911","54.6","2021-07-07","1.34","0.00",,,,"80","65","  260","  260","6.9","14.1",,,"    1"
"USW00093134","LOS ANGELES DOWNTOWN USC, CA US","34.0236","-118.2911","54.6","2021-07-08","1.34","0.00",,,,"84","68","  270","  270","8.1","12.1",,,
"USW00093134","LOS ANGELES DOWNTOWN USC, CA US","34.0236","-118.2911","54.6","2021-07-09","1.12","0.00",,,,"86","68","  270","  270","8.9","14.1",,,
"USW00093134","LOS ANGELES DOWNTOWN USC, CA US","34.0236","-118.2911","54.6","2021-07-10","1.57","0.00",,,,"85","69","  270","  270","8.1","14.1",,,
"USW00093134","LOS ANGELES DOWNTOWN USC, CA US","34.0236","-118.2911","54.6","2021-07-11","1.12","0.00",,,,"86","68","  260","  270","6.9","13.0",,,"    1"
"USW00093134","LOS ANGELES DOWNTOWN USC, CA US","34.0236","-118.2911","54.6","2021-07-12","1.79","0.00",,,,"83","69","  260","  270","8.1","18.1",,,"    1"
"USW00093134","LOS ANGELES DOWNTOWN USC, CA US","34.0236","-118.2911","54.6","2021-07-13","1.34","0.10",,,,"82","69","  260","  280","8.1","13.0","    1",,"    1"
"USW00093134","LOS ANGELES DOWNTOWN USC, CA US","34.0236","-118.2911","54.6","2021-07-14","1.79","0.00",,,,"85","67","  270","  260","8.1","12.1",,,"    1"
"USW00093134","LOS ANGELES DOWNTOWN USC, CA US","34.0236","-118.2911","54.6","2021-07-15","2.01","0.00",,,,"84","67","  260","  270","8.1","14.1",,,
"USW00093134","LOS ANGELES DOWNTOWN USC, CA US","34.0236","-118.2911","54.6","2021-07-16","1.79","0.00",,,,"82","67","  270","  260","8.1","15.0",,,"    1"
"USW00093134","LOS ANGELES DOWNTOWN USC, CA US","34.0236","-118.2911","54.6","2021-07-17","2.01","0.00",,,,"85","66","  260","  260","8.9","15.0",,,
"USW00093134","LOS ANGELES DOWNTOWN USC, CA US","34.0236","-118.2911","54.6","2021-07-18","1.57","0.00",,,,"88","67","  260","  270","8.9","15.0",,,
"USW00093134","LOS ANGELES DOWNTOWN USC, CA US","34.0236","-118.2911","54.6","2021-07-19","1.57","0.00",,,,"87","69","  270","  270","10.1","17.0",,,
"USW00093134","LOS ANGELES DOWNTOWN USC, CA US","34.0236","-118.2911","54.6","2021-07-20","1.79","0.00",,,,"87","68","  260","  270","10.1","14.1",,,
"USW00093134","LOS ANGELES DOWNTOWN USC, CA US","34.0236","-118.2911","54.6","2021-07-21","0.67","0.00",,,,"90","68","  260","  260","8.9","14.1",,,"    1"
"USW00093134","LOS ANGELES DOWNTOWN USC, CA US","34.0236","-118.2911","54.6","2021-07-22","1.34","0.00",,,,"87","70","  260","  260","8.1","12.1",,,"    1"
"USW00093134","LOS ANGELES DOWNTOWN USC, CA US","34.0236","-118.2911","54.6","2021-07-23","1.79","0.00",,,,"86","67","  260","  270","8.9","15.0",,,
"USW00093134","LOS ANGELES DOWNTOWN USC, CA US","34.0236","-118.2911","54.6","2021-07-24","0.67","0.00",,,,"80","68","  260","  280","8.1","13.0",,,"    1"
"USW00093134","LOS ANGELES DOWNTOWN USC, CA US","34.0236","-118.2911","54.6","2021-07-25","2.01","0.00",,,,"83","67","  260","  270","8.9","14.1",,,
"USW00093134","LOS ANGELES DOWNTOWN USC, CA US","34.0236","-118.2911","54.6","2021-07-26","2.01","0.12",,,,"77","67","  270","  260","8.1","13.0","    1",,"    1"
"USW00093134","LOS ANGELES DOWNTOWN USC, CA US","34.0236","-118.2911","54.6","2021-07-27","2.01","0.00",,,,"78","66","  260","  260","8.9","16.1",,,"    1"
"USW00093134","LOS ANGELES DOWNTOWN USC, CA US","34.0236","-118.2911","54.6","2021-07-28","1.57","0.00",,,,"83","65","  260","  260","10.1","15.0","    1",,"    1"
"USW00093134","LOS ANGELES DOWNTOWN USC, CA US","34.0236","-118.2911","54.6","2021-07-29","1.79","0.00",,,,"82","65","  270","  260","8.9","16.1",,,"    1"
"USW00093134","LOS ANGELES DOWNTOWN USC, CA US","34.0236","-118.2911","54.6","2021-07-30","1.79","0.00",,,,"82","64","  260","  260","8.9","17.0",,,"    1"
"USW00093134","LOS ANGELES DOWNTOWN USC, CA US","34.0236","-118.2911","54.6","2021-07-31","1.79","0.00",,,,"80","64","  260","  270","8.9","16.1","    1",,"    1"
"USW00093134","LOS ANGELES DOWNTOWN USC, CA US","34.0236","-118.2911","54.6","2021-08-01","1.12","0.00",,,,"86","64","  260","  280","12.1","17.0",,,"    1"
"USW00093134","LOS ANGELES DOWNTOWN USC, CA US","34.0236","-118.2911","54.6","2021-08-02","1.34","0.00",,,,"92","64","  270","  280","10.1","15.0",,,"    1"
"USW00093134","LOS ANGELES DOWNTOWN USC, CA US","34.0236","-118.2911","54.6","2021-08-03","1.12","0.00",,,,"89","65","  270","  260","10.1","14.1",,,"    1"
"USW00093134","LOS ANGELES DOWNTOWN USC, CA US","34.0236","-118.2911","54.6","2021-08-04","1.79","0.00",,,,"84","66","  270","  270","8.9","14.1",,,"    1"
"USW00093134","LOS ANGELES DOWNTOWN USC, CA US","34.0236","-118.2911","54.6","2021-08-05","0.67","0.00",,,,"85","67","  270","  260","8.1","14.1",,,"    1"
"USW00093134","LOS ANGELES DOWNTOWN USC, CA US","34.0236","-118.2911","54.6","2021-08-06","0.67","0.00",,,,"83","67","  260","  270","8.1","14.1",,,"    1"
"USW00093134","LOS ANGELES DOWNTOWN USC, CA US","34.0236","-118.2911","54.6","2021-08-07","1.34","0.00",,,,"83","67","  270","  260","8.9","14.1",,,"    1"
"USW00093134","LOS ANGELES DOWNTOWN USC, CA US","34.0236","-118.2911","54.6","2021-08-08","1.79","0.00",,,,"81","66","  260","  270","8.1","14.1",,,"    1"
"USW00093134","LOS ANGELES DOWNTOWN USC, CA US","34.0236","-118.2911","54.6","2021-08-09","1.57","0.00",,,,"86","66","  260","  270","10.1","16.1",,,"    1"
"USW00093134","LOS ANGELES DOWNTOWN USC, CA US","34.0236","-118.2911","54.6","2021-08-10","1.34","0.00",,,,"84","64","  270","  260","8.1","13.0","    1",,"    1"
"USW00093134","LOS ANGELES DOWNTOWN USC, CA US","34.0236","-118.2911","54.6","2021-08-11","1.12","0.00",,,,"89","66","  260","  280","8.9","13.0",,,"    1"
"USW00093134","LOS ANGELES DOWNTOWN USC, CA US","34.0236","-118.2911","54.6","2021-08-12","1.12","0.00",,,,"92","69","  260","  260","8.9","14.1",,,"    1"
"USW00093134","LOS ANGELES DOWNTOWN USC, CA US","34.0236","-118.2911","54.6","2021-08-13","0.89","0.00",,,,"90","69","  270","  260","10.1","14.1",,,"    1"
"USW00093134","LOS ANGELES DOWNTOWN USC, CA US","34.0236","-118.2911","54.6","2021-08-14","1.34","0.00",,,,"87","68","  270","  280","8.1","13.0",,,"    1"
"USW00093134","LOS ANGELES DOWNTOWN USC, CA US","34.0236","-118.2911","54.6","2021-08-15","1.12","0.00",,,,"88","67","  260","  270","8.1","14.1",,,"    1"
"USW00093134","LOS ANGELES DOWNTOWN USC, CA US","34.0236","-118.2911","54.6","2021-08-16","1.34","0.00",,,,"89","69","  260","  270","8.1","14.1",,,"    1"
"USW00093134","LOS ANGELES DOWNTOWN USC, CA US","34.0236","-118.2911","54.6","2021-08-17","1.34","0.00",,,,"86","70","  260","  270","8.1","14.1",,,"    1"
"USW00093134","LOS ANGELES DOWNTOWN USC, CA US","34.0236","-118.2911","54.6","2021-08-18","1.57","0.00",,,,"78","69","  260","  270","8.1","11.0",,,"    1"
"USW00093134","LOS ANGELES DOWNTOWN USC, CA US","34.0236","-118.2911","54.6","2021-08-19","1.12","0.00",,,,"79","66","  270","  280","10.1","16.1",,,
"USW00093134","LOS ANGELES DOWNTOWN USC, CA US","34.0236","-118.2911","54.6","2021-08-20","1.79","0.00",,,,"77","66","  270","  260","8.9","18.1",,,
"USW00093134","LOS ANGELES DOWNTOWN USC, CA US","34.0236","-118.2911","54.6","2021-08-21","1.57","0.00",,,,"76","64","  270","  260","8.9","14.1","    1",,"    1"
"USW00093134","LOS ANGELES DOWNTOWN USC, CA US","34.0236","-118.2911","54.6","2021-08-22","1.79","0.00",,,,"75","64","  270","  270","10.1","17.0",,,
"USW00093134","LOS ANGELES DOWNTOWN USC, CA US","34.0236","-118.2911","54.6","2021-08-23","1.12","0.00",,,,"77","63","  270","  260","8.1","14.1",,,"    1"
"USW00093134","LOS ANGELES DOWNTOWN USC, CA US","34.0236","-118.2911","54.6","2021-08-24","2.01","0.00",,,,"78","61","  260","  270","8.9","14.1",,,
"USW00093134","LOS ANGELES DOWNTOWN USC, CA US","34.0236","-118.2911","54.6","2021-08-25","0.89","0.00",,,,"83","63","  260","  260","6.9","12.1",,,
"USW00093134","LOS ANGELES DOWNTOWN USC, CA US","34.0236","-118.2911","54.6","2021-08-26","1.34","0.00",,,,"91","64","  270","  270","12.1","16.1",,,"    1"
"USW00093134","LOS ANGELES DOWNTOWN USC, CA US","34.0236","-118.2911","54.6","2021-08-27","1.57","0.00",,,,"85","62","  270","  260","8.9","13.0","    1",,"    1"
"USW00093134","LOS ANGELES DOWNTOWN USC, CA US","34.0236","-118.2911","54.6","2021-08-28","1.57","0.00",,,,"81","60","  260","  270","6.9","13.0","    1",,"    1"
"USW00093134","LOS ANGELES DOWNTOWN USC, CA US","34.0236","-118.2911","54.6","2021-08-29","0.89","0.00",,,,"78","61","  260","  280","8.1","14.1","    1",,"    1"
"USW00093134","LOS ANGELES DOWNTOWN USC, CA US","34.0236","-118.2911","54.6","2021-08-30","1.79","0.00",,,,"81","63","  270","  270","8.9","15.0","    1",,"    1"
"USW00093134","LOS ANGELES DOWNTOWN USC, CA US","34.0236","-118.2911","54.6","2021-08-31","1.12","0.00",,,,"75","64","  260","  270","8.1","13.0",,,"    1"
"USW00093134","LOS ANGELES DOWNTOWN USC, CA US","34.0236","-118.2911","54.6","2021-09-01","1.12","0.00",,,,"77","65","  260","  270","8.9","12.1",,,"    1"
"USW00093134","LOS ANGELES DOWNTOWN USC, CA US","34.0236","-118.2911","54.6","2021-09-02","1.12","0.00",,,,"76","63","  260","  270","8.9","15.0",,,
"USW00093134","LOS ANGELES DOWNTOWN USC, CA US","34.0236","-118.2911","54.6","2021-09-03","1.34","0.00",,,,"77","63","  260","  270","8.9","15.0","    1",,"    1"
"USW00093134","LOS ANGELES DOWNTOWN USC, CA US","34.0236","-118.2911","54.6","2021-09-04","1.57","0.00",,,,"88","61","  260","  270","8.9","14.1",,,
"USW00093134","LOS ANGELES DOWNTOWN USC, CA US","34.0236","-118.2911","54.6","2021-09-05","1.57","0.00",,,,"94","62","  260","  280","10.1","16.1",,,"    1"
"USW00093134","LOS ANGELES DOWNTOWN USC, CA US","34.0236","-118.2911","54.6","2021-09-06","1.34","0.00",,,,"86","68","  270","  270","10.1","15.0",,,"    1"
"USW00093134","LOS ANGELES DOWNTOWN USC, CA US","34.0236","-118.2911","54.6","2021-09-07","1.34","0.00",,,,"84","67","  260","  260","8.1","13.0","    1",,"    1"
"USW00093134","LOS ANGELES DOWNTOWN USC, CA US","34.0236","-118.2911","54.6","2021-09-08","1.34","0.00",,,,"84","64","  260","  260","8.9","13.0","    1",,"    1"
"USW00093134","LOS ANGELES DOWNTOWN USC, CA US","34.0236","-118.2911","54.6","2021-09-09","2.01","0.00",,,,"89","64","  260","  260","8.1","14.1",,,
"USW00093134","LOS ANGELES DOWNTOWN USC, CA US","34.0236","-118.2911","54.6","2021-09-10","1.34","0.01",,,,"83","65","  270","  270","8.1","12.1",,,
"USW00093134","LOS ANGELES DOWNTOWN USC, CA US","34.0236","-118.2911","54.6","2021-09-11","1.34","0.00",,,,"88","67","  260","  270","8.9","16.1",,,
"USW00093134","LOS ANGELES DOWNTOWN USC, CA US","34.0236","-118.2911","54.6","2021-09-12","1.12","0.00",,,,"85","61","  260","  270","8.9","13.0","    1",,
"USW00093134","LOS ANGELES DOWNTOWN USC, CA US","34.0236","-118.2911","54.6","2021-09-13","1.12","0.00",,,,"80","59","  270",,"6.0",,"    1",,"    1"
"USW00093134","LOS ANGELES DOWNTOWN USC, CA US","34.0236","-118.2911","54.6","2021-09-14","1.34","0.00",,,,"80","57","  260","  260","8.1","12.1","    1",,"    1"
"USW00093134","LOS ANGELES DOWNTOWN USC, CA US","34.0236","-118.2911","54.6","2021-09-15","1.79","0.00",,,,"76","61","  260","  270","8.1","13.0","    1",,"    1"
"USW00093134","LOS ANGELES DOWNTOWN USC, CA US","34.0236","-118.2911","54.6","2021-09-16","1.12","0.00",,,,"74","60","  270","  270","8.1","14.1",,,"    1"
"USW00093134","LOS ANGELES DOWNTOWN USC, CA US","34.0236","-118.2911","54.6","2021-09-17","1.57","0.00",,,,"75","60","  260","  270","8.9","14.1",,,"    1"
"USW00093134","LOS ANGELES DOWNTOWN USC, CA US","34.0236","-118.2911","54.6","2021-09-18","2.01","0.00",,,,"73","59","  260","  280","8.9","16.1",,,
"USW00093134","LOS ANGELES DOWNTOWN USC, CA US","34.0236","-118.2911","54.6","2021-09-19","0.89","0.00",,,,"76","59","  260","  260","8.9","15.0",,,"    1"
"USW00093134","LOS ANGELES DOWNTOWN USC, CA US","34.0236","-118.2911","54.6","2021-09-20","0.67","0.00",,,,"84","62","  260","  270","6.9","12.1","    1",,"    1"
"USW00093134","LOS ANGELES DOWNTOWN USC, CA US","34.0236","-118.2911","54.6","2021-09-21","1.12","0.00",,,,"94","64","  270","  260","6.9","11.0",,,
"USW00093134","LOS ANGELES DOWNTOWN USC, CA US","34.0236","-118.2911","54.6","2021-09-22","0.89","0.00",,,,"88","67","  260","  270","8.9","15.0",,,
"USW00093134","LOS ANGELES DOWNTOWN USC, CA US","34.0236","-118.2911","54.6","2021-09-23","1.12","0.00",,,,"81","61","  260","  260","8.1","12.1","    1",,
"USW00093134","LOS ANGELES DOWNTOWN USC, CA US","34.0236","-118.2911","54.6","2021-09-24","0.89","0.00",,,,"76","60","  260","  260","8.1","13.0","    1",,"    1"
"USW00093134","LOS ANGELES DOWNTOWN USC, CA US","34.0236","-118.2911","54.6","2021-09-25","2.46","0.00",,,,"74","61","  260","  270","8.9","14.1","    1",,"    1"
"USW00093134","LOS ANGELES DOWNTOWN USC, CA US","34.0236","-118.2911","54.6","2021-09-26","1.57","0.00",,,,"69","63","  270","  270","8.1","13.0",,,
"USW00093134","LOS ANGELES DOWNTOWN USC, CA US","34.0236","-118.2911","54.6","2021-09-27","0.67","0.00",,,,"68","63","  260","  260","6.9","8.9",,,
"USW00093134","LOS ANGELES DOWNTOWN USC, CA US","34.0236","-118.2911","54.6","2021-09-28","1.12","0.00",,,,"72","62","  270","  260","8.9","14.1",,,
"USW00093134","LOS ANGELES DOWNTOWN USC, CA US","34.0236","-118.2911","54.6","2021-09-29","1.57","0.00",,,,"73","59","  260","  270","8.1","15.0",,,
"USW00093134","LOS ANGELES DOWNTOWN USC, CA US","34.0236","-118.2911","54.6","2021-09-30","1.12","0.00",,,,"86","58","  260","  260","8.9","14.1",,,"    1"
"USW00093134","LOS ANGELES DOWNTOWN USC, CA US","34.0236","-118.2911","54.6","2021-10-01","1.12","0.00",,,,"90","59","  260","  260","8.1","13.0",,,"    1"
"USW00093134","LOS ANGELES DOWNTOWN USC, CA US","34.0236","-118.2911","54.6","2021-10-02","1.12","0.00",,,,"91","58","  260","  270","8.1","13.0",,,
"USW00093134","LOS ANGELES DOWNTOWN USC, CA US","34.0236","-118.2911","54.6","2021-10-03","0.89","0.00",,,,"93","61","  260","  260","10.1","14.1",,,
"USW00093134","LOS ANGELES DOWNTOWN USC, CA US","34.0236","-118.2911","54.6","2021-10-04","0.89","0.10",,,,"86","66","  140","  130","13.0","21.9",,,"    1"
"USW00093134","LOS ANGELES DOWNTOWN USC, CA US","34.0236","-118.2911","54.6","2021-10-05","2.01","0.02",,,,"81","64","  260","  270","10.1","18.1",,,
"USW00093134","LOS ANGELES DOWNTOWN USC, CA US","34.0236","-118.2911","54.6","2021-10-06","1.34","0.00",,,,"74","62","  270","  270","8.1","14.1","    1",,"    1"
"USW00093134","LOS ANGELES DOWNTOWN USC, CA US","34.0236","-118.2911","54.6","2021-10-07","0.22","0.00",,,,"71","64","  270","  270","6.9","11.0",,,"    1"
"USW00093134","LOS ANGELES DOWNTOWN USC, CA US","34.0236","-118.2911","54.6","2021-10-08","2.01","0.01",,,,"69","60","  260","  270","8.1","13.0",,,
"USW00093134","LOS ANGELES DOWNTOWN USC, CA US","34.0236","-118.2911","54.6","2021-10-09","0.89","0.00",,,,"71","55","  260","  260","10.1","16.1",,,
"USW00093134","LOS ANGELES DOWNTOWN USC, CA US","34.0236","-118.2911","54.6","2021-10-10","0.89","0.00",,,,"79","55","  270","  270","8.9","13.0",,,
"USW00093134","LOS ANGELES DOWNTOWN USC, CA US","34.0236","-118.2911","54.6","2021-10-11","3.13","0.00",,,,"73","57","  320","  330","14.1","27.1","    1",,"    1"
"USW00093134","LOS ANGELES DOWNTOWN USC, CA US","34.0236","-118.2911","54.6","2021-10-12","3.58","0.00",,,,"70","56","  260","  270","10.1","19.0",,,
"USW00093134","LOS ANGELES DOWNTOWN USC, CA US","34.0236","-118.2911","54.6","2021-10-13","1.57","0.00",,,,"73","51","  270","  260","8.9","15.0",,,"    1"
"USW00093134","LOS ANGELES DOWNTOWN USC, CA US","34.0236","-118.2911","54.6","2021-10-14","1.12","0.00",,,,"76","52","  260","  260","8.1","12.1",,,
"USW00093134","LOS ANGELES DOWNTOWN USC, CA US","34.0236","-118.2911","54.6","2021-10-15","0.89","0.00",,,,"88","55","  260","  270","8.9","15.0",,,
"USW00093134","LOS ANGELES DOWNTOWN USC, CA US","34.0236","-118.2911","54.6","2021-10-16","1.57","0.00",,,,"87","58","  270","  260","8.1","16.1",,,
"USW00093134","LOS ANGELES DOWNTOWN USC, CA US","34.0236","-118.2911","54.6","2021-10-17","2.01","0.00",,,,"75","54","  270","  250","12.1","19.0",,,
"USW00093134","LOS ANGELES DOWNTOWN USC, CA US","34.0236","-118.2911","54.6","2021-10-18","2.01","0.04",,,,"67","58","  270","  260","8.9","15.0","    1",,
"USW00093134","LOS ANGELES DOWNTOWN USC, CA US","34.0236","-118.2911","54.6","2021-10-19","1.57","0.00",,,,"69","53","  270","  270","8.9","13.0",,,"    1"
"USW00093134","LOS ANGELES DOWNTOWN USC, CA US","34.0236","-118.2911","54.6","2021-10-20","1.12","0.00",,,,"71","53","  260","  270","8.9","14.1",,,
"USW00093134","LOS ANGELES DOWNTOWN USC, CA US","34.0236","-118.2911","54.6","2021-10-21","1.12","0.00",,,,"76","52","  260","  260","8.9","14.1","    1",,
"USW00093134","LOS ANGELES DOWNTOWN USC, CA US","34.0236","-118.2911","54.6","2021-10-22","1.57","0.00",,,,"68","57","  270","  260","8.9","14.1","    1",,"    1"
"USW00093134","LOS ANGELES DOWNTOWN USC, CA US","34.0236","-118.2911","54.6","2021-10-23","1.57","0.05",,,,"69","60","  260","  260","8.9","14.1","    1",,"    1"
"USW00093134","LOS ANGELES DOWNTOWN USC, CA US","34.0236","-118.2911","54.6","2021-10-24","0.67","0.00",,,,"71","59","  260","  260","8.1","15.0",,,
"USW00093134","LOS ANGELES DOWNTOWN USC, CA US","34.0236","-118.2911","54.6","2021-10-25","2.68","0.49",,,,"61","54","  270","  270","8.1","16.1","    1",,
"USW00093134","LOS ANGELES DOWNTOWN USC, CA US","34.0236","-118.2911","54.6","2021-10-26","0.22","0.00",,,,"70","50","  270","  270","8.9","15.0","    1",,
"USW00093134","LOS ANGELES DOWNTOWN USC, CA US","34.0236","-118.2911","54.6","2021-10-27","0.89","0.00",,,,"82","52","  270","  270","6.9","11.0",,,
"USW00093134","LOS ANGELES DOWNTOWN USC, CA US","34.0236","-118.2911","54.6","2021-10-28","0.89","0.00",,,,"88","58","  270","  260","8.1","13.0",,,"    1"
"USW00093134","LOS ANGELES DOWNTOWN USC, CA US","34.0236","-118.2911","54.6","2021-10-29","1.12","0.00",,,,"85","59","  260","  270","6.9","11.0","    1",,
"USW00093134","LOS ANGELES DOWNTOWN USC, CA US","34.0236","-118.2911","54.6","2021-10-30","0.89","0.00",,,,"71","58","  260","  270","6.9","12.1","    1","    1","    1"
"USW00093134","LOS ANGELES DOWNTOWN USC, CA US","34.0236","-118.2911","54.6","2021-10-31","0.45","0.00",,,,"68","57","  260","  270","6.9","12.1","    1",,"    1"
"USW00093134","LOS ANGELES DOWNTOWN USC, CA US","34.0236","-118.2911","54.6","2021-11-01","0.45","0.00",,,,"66","55","  270","  270","8.9","15.0","    1",,"    1"
"USW00093134","LOS ANGELES DOWNTOWN USC, CA US","34.0236","-118.2911","54.6","2021-11-02","0.67","0.00",,,,"68","54","  270","  270","6.0","11.0","    1",,"    1"
"USW00093134","LOS ANGELES DOWNTOWN USC, CA US","34.0236","-118.2911","54.6","2021-11-03","1.12","0.00",,,,"71","56","  270","  260","8.1","13.0","    1",,"    1"
"USW00093134","LOS ANGELES DOWNTOWN USC, CA US","34.0236","-118.2911","54.6","2021-11-04","0.89","0.00",,,,"71","57","  270","  260","6.9","12.1","    1","    1","    1"
"USW00093134","LOS ANGELES DOWNTOWN USC, CA US","34.0236","-118.2911","54.6","2021-11-05","1.12","0.00",,,,"72","56","  260","  260","6.9","10.1","    1","    1","    1"
"USW00093134","LOS ANGELES DOWNTOWN USC, CA US","34.0236","-118.2911","54.6","2021-11-06","1.57","0.00",,,,"69","56","  260","  270","6.9","11.0","    1",,"    1"
"USW00093134","LOS ANGELES DOWNTOWN USC, CA US","34.0236","-118.2911","54.6","2021-11-07","1.34","0.00",,,,"66","54","  260","  270","8.1","12.1","    1",,"    1"
"USW00093134","LOS ANGELES DOWNTOWN USC, CA US","34.0236","-118.2911","54.6","2021-11-08","1.79","0.00",,,,"69","55","  260","  270","6.9","11.0","    1",,"    1"
"USW00093134","LOS ANGELES DOWNTOWN USC, CA US","34.0236","-118.2911","54.6","2021-11-09","1.57","0.00",,,,"66","55","  260","  260","8.9","14.1","    1",,"    1"
"USW00093134","LOS ANGELES DOWNTOWN USC, CA US","34.0236","-118.2911","54.6","2021-11-10","0.89","0.00",,,,"74","59","  270","  270","6.9","11.0","    1",,"    1"
"USW00093134","LOS ANGELES DOWNTOWN USC, CA US","34.0236","-118.2911","54.6","2021-11-11","0.45","0.00",,,,"85","56","  260","  260","8.1","11.0",,,
"USW00093134","LOS ANGELES DOWNTOWN USC, CA US","34.0236","-118.2911","54.6","2021-11-12","0.45","0.00",,,,"90","58","  270","  260","6.9","13.0",,,
"USW00093134","LOS ANGELES DOWNTOWN USC, CA US","34.0236","-118.2911","54.6","2021-11-13","1.12","0.00",,,,"90","62","  260","  260","6.9","11.0",,,
"USW00093134","LOS ANGELES DOWNTOWN USC, CA US","34.0236","-118.2911","54.6","2021-11-14","0.89","0.00",,,,"89","56","  270","  260","6.9","11.0",,,
"USW00093134","LOS ANGELES DOWNTOWN USC, CA US","34.0236","-118.2911","54.6","2021-11-15","1.12","0.00",,,,"81","56","  270","  260","6.9","11.0","    1",,
"USW00093134","LOS ANGELES DOWNTOWN USC, CA US","34.0236","-118.2911","54.6","2021-11-16","1.12","0.00",,,,"67","56","  260","  270","6.9","11.0","    1",,"    1"
"USW00093134","LOS ANGELES DOWNTOWN USC, CA US","34.0236","-118.2911","54.6","2021-11-17","1.34","0.00",,,,"68","55","  260","  260","8.1","12.1","    1",,"    1"
"USW00093134","LOS ANGELES DOWNTOWN USC, CA US","34.0236","-118.2911","54.6","2021-11-18","0.89","0.00",,,,"66","52","  260","  260","6.9","10.1","    1",,"    1"
"USW00093134","LOS ANGELES DOWNTOWN USC, CA US","34.0236","-118.2911","54.6","2021-11-19","0.67","0.00",,,,"67","56","  260","  260","6.9","13.0","    1",,"    1"
"USW00093134","LOS ANGELES DOWNTOWN USC, CA US","34.0236","-118.2911","54.6","2021-11-20","0.89","0.00",,,,"65","54","  260","  270","8.1","12.1","    1",,"    1"
"USW00093134","LOS ANGELES DOWNTOWN USC, CA US","34.0236","-118.2911","54.6","2021-11-21","0.67","0.00",,,,"84","50","  100","   90","6.0","8.9","    1",,"    1"
"USW00093134","LOS ANGELES DOWNTOWN USC, CA US","34.0236","-118.2911","54.6","2021-11-22","1.12","0.00",,,,"83","53","   10","   20","6.9","10.1",,,
"USW00093134","LOS ANGELES DOWNTOWN USC, CA US","34.0236","-118.2911","54.6","2021-11-23","0.22","0.00",,,,"74","56","  120","  260","6.0","11.0",,,"    1"
"USW00093134","LOS ANGELES DOWNTOWN USC, CA US","34.0236","-118.2911","54.6","2021-11-24","2.01","0.00",,,,"72","52","   40","   10","6.9","13.0",,,
"USW00093134","LOS ANGELES DOWNTOWN USC, CA US","34.0236","-118.2911","54.6","2021-11-25","0.22","0.00",,,,"76","47","  260","  270","6.9","11.0",,,
"USW00093134","LOS ANGELES DOWNTOWN USC, CA US","34.0236","-118.2911","54.6","2021-11-26","0.89","0.00",,,,"76","47","  270","  260","8.1","12.1",,,
"USW00093134","LOS ANGELES DOWNTOWN USC, CA US","34.0236","-118.2911","54.6","2021-11-27","0.89","0.00",,,,"77","49","  260","  270","6.0","10.1",,,
"USW00093134","LOS ANGELES DOWNTOWN USC, CA US","34.0236","-118.2911","54.6","2021-11-28","0.67","0.00",,,,"76","49","  260","  270","6.0","8.9","    1",,
"USW00093134","LOS ANGELES DOWNTOWN USC, CA US","34.0236","-118.2911","54.6","2021-11-29","0.67","0.00",,,,"76","50","  260","  270","6.9","10.1","    1",,"    1"
"USW00093134","LOS ANGELES DOWNTOWN USC, CA US","34.0236","-118.2911","54.6","2021-11-30","0.22","0.00",,,,"68","49","  260","  260","6.0","8.9","    1",,"    1"
"USW00093134","LOS ANGELES DOWNTOWN USC, CA US","34.0236","-118.2911","54.6","2021-12-01","0.00","0.00",,,,"73","49","  260","  260","6.0","8.1","    1","    1","    1"
"USW00093134","LOS ANGELES DOWNTOWN USC, CA US","34.0236","-118.2911","54.6","2021-12-02","0.89","0.00",,,,"63","51","  260","  270","8.1","12.1","    1","    1","    1"
"USW00093134","LOS ANGELES DOWNTOWN USC, CA US","34.0236","-118.2911","54.6","2021-12-03","0.67","0.00",,,,"63","53","  270","  270","8.1","12.1","    1",,"    1"
"USW00093134","LOS ANGELES DOWNTOWN USC, CA US","34.0236","-118.2911","54.6","2021-12-04","1.12","0.00",,,,"64","54","  260","  270","6.9","11.0","    1",,"    1"
"USW00093134","LOS ANGELES DOWNTOWN USC, CA US","34.0236","-118.2911","54.6","2021-12-05","0.89","0.00",,,,"65","51","  120","  130","6.0","8.1","    1",,"    1"
"USW00093134","LOS ANGELES DOWNTOWN USC, CA US","34.0236","-118.2911","54.6","2021-12-06","0.22","0.00",,,,"67","47","  100","  270","6.0","8.9","    1",,"    1"
"USW00093134","LOS ANGELES DOWNTOWN USC, CA US","34.0236","-118.2911","54.6","2021-12-07","1.79","0.01",,,,"64","54","   90","   80","6.9","10.1","    1",,"    1"
"USW00093134","LOS ANGELES DOWNTOWN USC, CA US","34.0236","-118.2911","54.6","2021-12-08","0.89","0.00",,,,"66","50","  260","  270","8.1","14.1","    1",,"    1"
"USW00093134","LOS ANGELES DOWNTOWN USC, CA US","34.0236","-118.2911","54.6","2021-12-09","2.01","0.12",,,,"59","52","  340","  260","8.9","16.1","    1",,"    1"
"USW00093134","LOS ANGELES DOWNTOWN USC, CA US","34.0236","-118.2911","54.6","2021-12-10","0.89","0.00",,,,"62","46","   90","  330","8.1","12.1",,,
"USW00093134","LOS ANGELES DOWNTOWN USC, CA US","34.0236","-118.2911","54.6","2021-12-11","1.57","0.00",,,,"67","47","  100","  270","6.9","10.1",,,
"USW00093134","LOS ANGELES DOWNTOWN USC, CA US","34.0236","-118.2911","54.6","2021-12-12","0.67","0.00",,,,"64","43","  260","  260","6.9","11.0",,,
"USW00093134","LOS ANGELES DOWNTOWN USC, CA US","34.0236","-118.2911","54.6","2021-12-13","3.36","0.03",,,,"59","47","   90","  100","8.9","14.1","    1",,
"USW00093134","LOS ANGELES DOWNTOWN USC, CA US","34.0236","-118.2911","54.6","2021-12-14","3.58","2.16",,,,"58","43","  270","  270","15.0","25.9","    1","    1",
"USW00093134","LOS ANGELES DOWNTOWN USC, CA US","34.0236","-118.2911","54.6","2021-12-15","1.12","0.00",,,,"57","39","  270","  270","6.9","11.0",,,
"USW00093134","LOS ANGELES DOWNTOWN USC, CA US","34.0236","-118.2911","54.6","2021-12-16","1.34","0.03",,,,"58","40","   90","  110","6.0","8.9","    1",,"    1"
"USW00093134","LOS ANGELES DOWNTOWN USC, CA US","34.0236","-118.2911","54.6","2021-12-17","0.22","0.00",,,,"66","45","  270","  270","6.0","11.0","    1",,"    1"
"USW00093134","LOS ANGELES DOWNTOWN USC, CA US","34.0236","-118.2911","54.6","2021-12-18","0.89","0.00",,,,"69","42","  260","  260","6.0","8.9",,,
"USW00093134","LOS ANGELES DOWNTOWN USC, CA US","34.0236","-118.2911","54.6","2021-12-19","1.12","0.00",,,,"65","42","  260","  260","6.9","12.1","    1",,
"USW00093134","LOS ANGELES DOWNTOWN USC, CA US","34.0236","-118.2911","54.6","2021-12-20","0.00","0.00",,,,"66","41","  140","  270","4.9","6.9","    1",,"    1"
"USW00093134","LOS ANGELES DOWNTOWN USC, CA US","34.0236","-118.2911","54.6","2021-12-21","0.22","0.00",,,,"69","50","  260","  270","4.9","8.1",,,"    1"
"USW00093134","LOS ANGELES DOWNTOWN USC, CA US","34.0236","-118.2911","54.6","2021-12-22","0.00","0.00",,,,"64","47","  260","  270","6.0","8.1",,,
"USW00093134","LOS ANGELES DOWNTOWN USC, CA US","34.0236","-118.2911","54.6","2021-12-23","4.92","1.66",,,,"58","52","  100","   80","14.1","21.0","    1",,"    1"
"USW00093134","LOS ANGELES DOWNTOWN USC, CA US","34.0236","-118.2911","54.6","2021-12-24","2.24","0.29",,,,"61","52","  260","  280","10.1","18.1","    1",,
"USW00093134","LOS ANGELES DOWNTOWN USC, CA US","34.0236","-118.2911","54.6","2021-12-25","1.57","0.54",,,,"56","50","  130","  270","6.9","12.1","    1",,"    1"
"USW00093134","LOS ANGELES DOWNTOWN USC, CA US","34.0236","-118.2911","54.6","2021-12-26","0.22","0.07",,,,"59","44","  260","  260","6.9","13.0","    1",,
"USW00093134","LOS ANGELES DOWNTOWN USC, CA US","34.0236","-118.2911","54.6","2021-12-27","1.34","0.24",,,,"55","42","  260","  280","8.1","16.1","    1",,"    1"
"USW00093134","LOS ANGELES DOWNTOWN USC, CA US","34.0236","-118.2911","54.6","2021-12-28","1.12","0.00",,,,"55","42","   80","  270","8.1","13.0","    1",,
"USW00093134","LOS ANGELES DOWNTOWN USC, CA US","34.0236","-118.2911","54.6","2021-12-29","4.47","1.74",,,,"53","46","   60","   80","10.1","16.1","    1",,
"USW00093134","LOS ANGELES DOWNTOWN USC, CA US","34.0236","-118.2911","54.6","2021-12-30","4.92","2.57",,,,"55","51","   90","   80","14.1","23.0","    1",,
"USW00093134","LOS ANGELES DOWNTOWN USC, CA US","34.0236","-118.2911","54.6","2021-12-31","0.89","0.00",,,,"59","45","  260","  270","6.9","13.0","    1",,
"USW00093134","LOS ANGELES DOWNTOWN USC, CA US","34.0236","-118.2911","54.6","2022-01-01","1.12","0.00",,,,"62","45","  260","  260","6.0","10.1",,,"    1"
"USW00093134","LOS ANGELES DOWNTOWN USC, CA US","34.0236","-118.2911","54.6","2022-01-02","1.79","0.00",,,,"64","43","  270","  270","6.9","11.0",,,
"USW00093134","LOS ANGELES DOWNTOWN USC, CA US","34.0236","-118.2911","54.6","2022-01-03","1.34","0.00",,,,"62","42","  270","  270","6.9","11.0",,,
"USW00093134","LOS ANGELES DOWNTOWN USC, CA US","34.0236","-118.2911","54.6","2022-01-04","0.22","0.00",,,,"63","42","  260","  270","6.0","10.1",,,"    1"
"USW00093134","LOS ANGELES DOWNTOWN USC, CA US","34.0236","-118.2911","54.6","2022-01-05","0.22","0.00",,,,"69","43","  270","  260","6.0","8.1","    1",,"    1"
"USW00093134","LOS ANGELES DOWNTOWN USC, CA US","34.0236","-118.2911","54.6","2022-01-06","0.00","0.00",,,,"71","46","  270","  270","6.0","8.1","    1",,"    1"
"USW00093134","LOS ANGELES DOWNTOWN USC, CA US","34.0236","-118.2911","54.6","2022-01-07","0.89","0.00",,,,"56","48","  110","  140","6.0","8.9","    1","    1","    1"
"USW00093134","LOS ANGELES DOWNTOWN USC, CA US","34.0236","-118.2911","54.6","2022-01-08","0.89","0.00",,,,"63","48","  260","  270","6.0","8.9","    1",,"    1"
"USW00093134","LOS ANGELES DOWNTOWN USC, CA US","34.0236","-118.2911","54.6","2022-01-09","0.00","0.00",,,,"75","45","  140","  130","6.9","8.1","    1",,"    1"
"USW00093134","LOS ANGELES DOWNTOWN USC, CA US","34.0236","-118.2911","54.6","2022-01-10","1.57","0.00",,,,"73","51","   50","   20","6.0","8.9",,,
"USW00093134","LOS ANGELES DOWNTOWN USC, CA US","34.0236","-118.2911","54.6","2022-01-11","1.12","0.00",,,,"78","50","  250","  270","6.0","8.9",,,
"USW00093134","LOS ANGELES DOWNTOWN USC, CA US","34.0236","-118.2911","54.6","2022-01-12","0.67","0.00",,,,"76","47","  360","  260","6.0","8.1",,,
"USW00093134","LOS ANGELES DOWNTOWN USC, CA US","34.0236","-118.2911","54.6","2022-01-13","0.67","0.00",,,,"69","56","   80","   70","6.9","8.9",,,
"USW00093134","LOS ANGELES DOWNTOWN USC, CA US","34.0236","-118.2911","54.6","2022-01-14","0.67","0.00",,,,"74","51","  270","  260","6.9","10.1",,,
"USW00093134","LOS ANGELES DOWNTOWN USC, CA US","34.0236","-118.2911","54.6","2022-01-15","0.45","0.01",,,,"68","53","  260","  260","6.9","11.0",,,
"USW00093134","LOS ANGELES DOWNTOWN USC, CA US","34.0236","-118.2911","54.6","2022-01-16","1.34","0.00",,,,"75","60","  270","  260","6.9","11.0",,,
"USW00093134","LOS ANGELES DOWNTOWN USC, CA US","34.0236","-118.2911","54.6","2022-01-17","1.12","0.18",,,,"64","57","   90","  100","6.0","8.9","    1",,
"USW00093134","LOS ANGELES DOWNTOWN USC, CA US","34.0236","-118.2911","54.6","2022-01-18","0.89","0.00",,,,"65","54","  260","  270","8.9","14.1","    1",,"    1"
"USW00093134","LOS ANGELES DOWNTOWN USC, CA US","34.0236","-118.2911","54.6","2022-01-19","0.45","0.00",,,,"64","52","  260","  260","6.9","12.1","    1",,"    1"
"USW00093134","LOS ANGELES DOWNTOWN USC, CA US","34.0236","-118.2911","54.6","2022-01-20","1.12","0.00",,,,"74","47","  260","  280","8.1","12.1","    1",,"    1"
"USW00093134","LOS ANGELES DOWNTOWN USC, CA US","34.0236","-118.2911","54.6","2022-01-21","2.01","0.00",,,,"70","47","   20","   20","17.0","32.0",,,"    1"
"USW00093134","LOS ANGELES DOWNTOWN USC, CA US","34.0236","-118.2911","54.6","2022-01-22","2.01","0.00",,,,"72","50","   10","  360","8.9","17.0",,,
"USW00093134","LOS ANGELES DOWNTOWN USC, CA US","34.0236","-118.2911","54.6","2022-01-23","1.12","0.00",,,,"73","49","  250","  260","8.1","15.0",,,
"USW00093134","LOS ANGELES DOWNTOWN USC, CA US","34.0236","-118.2911","54.6","2022-01-24","1.12","0.00",,,,"71","47","  260","  260","6.9","11.0","    1",,
"USW00093134","LOS ANGELES DOWNTOWN USC, CA US","34.0236","-118.2911","54.6","2022-01-25","0.67","0.00",,,,"67","47","  260","  270","6.9","12.1","    1",,"    1"
"USW00093134","LOS ANGELES DOWNTOWN USC, CA US","34.0236","-118.2911","54.6","2022-01-26","0.67","0.00",,,,"71","45","  260","  270","6.0","8.9","    1",,"    1"
"USW00093134","LOS ANGELES DOWNTOWN USC, CA US","34.0236","-118.2911","54.6","2022-01-27","0.67","0.00",,,,"70","46","  260","  270","6.9","12.1",,,"    1"
"USW00093134","LOS ANGELES DOWNTOWN USC, CA US","34.0236","-118.2911","54.6","2022-01-28","1.79","0.00",,,,"73","46","  100","  110","8.1","14.1",,,
"USW00093134","LOS ANGELES DOWNTOWN USC, CA US","34.0236","-118.2911","54.6","2022-01-29","0.67","0.00",,,,"68","51","   20","   30","6.9","8.9",,,
"USW00093134","LOS ANGELES DOWNTOWN USC, CA US","34.0236","-118.2911","54.6","2022-01-30","1.34","0.00",,,,"70","43","  260","  270","8.9","16.1",,,
"USW00093134","LOS ANGELES DOWNTOWN USC, CA US","34.0236","-118.2911","54.6","2022-01-31","0.45","0.00",,,,"63","46","  120","  260","6.0","8.1","    1",,"    1"
"USW00093134","LOS ANGELES DOWNTOWN USC, CA US","34.0236","-118.2911","54.6","2022-02-01","1.57","0.00",,,,"63","50","  260","  270","8.9","14.1","    1",,"    1"
"USW00093134","LOS ANGELES DOWNTOWN USC, CA US","34.0236","-118.2911","54.6","2022-02-02","0.00","0.00",,,,"65","45",,,,,"    1",,"    1"
"USW00093134","LOS ANGELES DOWNTOWN USC, CA US","34.0236","-118.2911","54.6","2022-02-03",,"0.00",,,,"65","42","  260",,"4.9",,,,
"USW00093134","LOS ANGELES DOWNTOWN USC, CA US","34.0236","-118.2911","54.6","2022-02-04","0.67","0.00",,,,"70","44","  260","  260","6.9","12.1",,,
"USW00093134","LOS ANGELES DOWNTOWN USC, CA US","34.0236","-118.2911","54.6","2022-02-05","0.45","0.00",,,,"70","42","  270","  280","6.9","13.0",,,"    1"
"USW00093134","LOS ANGELES DOWNTOWN USC, CA US","34.0236","-118.2911","54.6","2022-02-06",,"0.00",,,,"75","43","  260","  260","6.9","11.0",,,
"USW00093134","LOS ANGELES DOWNTOWN USC, CA US","34.0236","-118.2911","54.6","2022-02-07",,"0.00",,,,"76","47","  250",,"2.9",,,,
"USW00093134","LOS ANGELES DOWNTOWN USC, CA US","34.0236","-118.2911","54.6","2022-02-08","1.79","0.00",,,,"79","51","  270",,"4.9",,,,
"USW00093134","LOS ANGELES DOWNTOWN USC, CA US","34.0236","-118.2911","54.6","2022-02-09","0.45","0.00",,,,"83","50","  120","  260","6.9","13.0",,,
"USW00093134","LOS ANGELES DOWNTOWN USC, CA US","34.0236","-118.2911","54.6","2022-02-10","1.12","0.00",,,,"83","55","  260","  270","8.1","14.1",,,"    1"
"USW00093134","LOS ANGELES DOWNTOWN USC, CA US","34.0236","-118.2911","54.6","2022-02-11","0.67","0.00",,,,"82","53","  260","  270","8.1","12.1",,,
"USW00093134","LOS ANGELES DOWNTOWN USC, CA US","34.0236","-118.2911","54.6","2022-02-12","1.12","0.00",,,,"86","52","   60","  260","8.1","14.1",,,
"USW00093134","LOS ANGELES DOWNTOWN USC, CA US","34.0236","-118.2911","54.6","2022-02-13","1.12","0.00",,,,"84","54","  260","  260","8.1","16.1",,,
"USW00093134","LOS ANGELES DOWNTOWN USC, CA US","34.0236","-118.2911","54.6","2022-02-14","1.12","0.00",,,,"75","50","  260","  260","8.1","14.1",,,
"USW00093134","LOS ANGELES DOWNTOWN USC, CA US","34.0236","-118.2911","54.6","2022-02-15","3.80","0.06",,,,"60","50","   10","  280","10.1","21.9","    1",,"    1"
"USW00093134","LOS ANGELES DOWNTOWN USC, CA US","34.0236","-118.2911","54.6","2022-02-16","2.24","0.00",,,,"64","46","  140","   50","8.1","14.1",,,
"USW00093134","LOS ANGELES DOWNTOWN USC, CA US","34.0236","-118.2911","54.6","2022-02-17","1.12","0.00",,,,"69","47","  260",,"6.9",,"    1",,"    1"
"USW00093134","LOS ANGELES DOWNTOWN USC, CA US","34.0236","-118.2911","54.6","2022-02-18","1.57","0.00",,,,"71","48","  270","  270","8.9","15.0",,,
"USW00093134","LOS ANGELES DOWNTOWN USC, CA US","34.0236","-118.2911","54.6","2022-02-19","1.34","0.00",,,,"73","48","  270","  260","8.1","13.0",,,
"USW00093134","LOS ANGELES DOWNTOWN USC, CA US","34.0236","-118.2911","54.6","2022-02-20","1.34","0.00",,,,"65","49","  260","  270","8.1","14.1","    1",,"    1"
"USW00093134","LOS ANGELES DOWNTOWN USC, CA US","34.0236","-118.2911","54.6","2022-02-21","1.57","0.00",,,,"59","51","  260","  270","10.1","17.0",,,
"USW00093134","LOS ANGELES DOWNTOWN USC, CA US","34.0236","-118.2911","54.6","2022-02-22","4.25","0.00",,,,"58","46","  270","  270","18.1","31.1",,,
"USW00093134","LOS ANGELES DOWNTOWN USC, CA US","34.0236","-118.2911","54.6","2022-02-23","2.46","0.00",,,,"56","43","  340","  360","12.1","19.0",,,
"USW00093134","LOS ANGELES DOWNTOWN USC, CA US","34.0236","-118.2911","54.6","2022-02-24","2.01","0.00",,,,"60","37","  280","  270","10.1","18.1",,,
"USW00093134","LOS ANGELES DOWNTOWN USC, CA US","34.0236","-118.2911","54.6","2022-02-25","1.57","0.00",,,,"62","41","  260","  260","8.1","15.0",,,"    1"
"USW00093134","LOS ANGELES DOWNTOWN USC, CA US","34.0236","-118.2911","54.6","2022-02-26","1.12","0.00",,,,"68","41","  270","  270","10.1","16.1",,,
"USW00093134","LOS ANGELES DOWNTOWN USC, CA US","34.0236","-118.2911","54.6","2022-02-27","1.12","0.00",,,,"74","47","  260","  260","8.9","16.1",,,
"USW00093134","LOS ANGELES DOWNTOWN USC, CA US","34.0236","-118.2911","54.6","2022-02-28","0.67","0.00",,,,"81","47","  270","  270","6.9","11.0",,,"    1"
"USW00093134","LOS ANGELES DOWNTOWN USC, CA US","34.0236","-118.2911","54.6","2022-03-01","0.89","0.00",,,,"82","50","  270","  270","8.1","14.1",,,"    1"
"USW00093134","LOS ANGELES DOWNTOWN USC, CA US","34.0236","-118.2911","54.6","2022-03-02","0.67","0.00",,,,"80","50","  270","  270","8.1","14.1",,,"    1"
"USW00093134","LOS ANGELES DOWNTOWN USC, CA US","34.0236","-118.2911","54.6","2022-03-03","2.68","0.00",,,,"68","50","  130","  120","8.1","12.1","    1",,"    1"
"USW00093134","LOS ANGELES DOWNTOWN USC, CA US","34.0236","-118.2911","54.6","2022-03-04","2.68","0.00",,,,"63","52","  260","  260","12.1","21.0",,,"    1"
"USW00093134","LOS ANGELES DOWNTOWN USC, CA US","34.0236","-118.2911","54.6","2022-03-05","2.24","0.08",,,,"59","48","  260","  260","16.1","29.1",,,
"USW00093134","LOS ANGELES DOWNTOWN USC, CA US","34.0236","-118.2911","54.6","2022-03-06","2.01","0.00",,,,"61","43","  270","  270","8.9","15.0",,,
"USW00093134","LOS ANGELES DOWNTOWN USC, CA US","34.0236","-118.2911","54.6","2022-03-07","1.12","0.00",,,,"68","44","  260","  270","8.9","14.1",,,"    1"
"USW00093134","LOS ANGELES DOWNTOWN USC, CA US","34.0236","-118.2911","54.6","2022-03-08","1.34","0.00",,,,"68","45","  260","  260","10.1","19.0",,,"    1"
"USW00093134","LOS ANGELES DOWNTOWN USC, CA US","34.0236","-118.2911","54.6","2022-03-09","1.57","0.00",,,,"67","47","  260","  270","8.1","16.1",,,
"USW00093134","LOS ANGELES DOWNTOWN USC, CA US","34.0236","-118.2911","54.6","2022-03-10","2.01","0.00",,,,"66","53","  260","  260","10.1","15.0",,,
"USW00093134","LOS ANGELES DOWNTOWN USC, CA US","34.0236","-118.2911","54.6","2022-03-11","1.34","0.00",,,,"71","46","  260","  260","10.1","16.1",,,
"USW00093134","LOS ANGELES DOWNTOWN USC, CA US","34.0236","-118.2911","54.6","2022-03-12","2.24","0.00",,,,"76","50","  260","  270","10.1","19.0",,,
"USW00093134","LOS ANGELES DOWNTOWN USC, CA US","34.0236","-118.2911","54.6","2022-03-13","2.01","0.00",,,,"69","51","  260","  270","8.1","14.1",,,
"USW00093134","LOS ANGELES DOWNTOWN USC, CA US","34.0236","-118.2911","54.6","2022-03-14","2.68","0.00",,,,"71","54","  270",,"6.9",,,,
"USW00093134","LOS ANGELES DOWNTOWN USC, CA US","34.0236","-118.2911","54.6","2022-03-15","1.12","0.00",,,,"72","52","  260",,"6.0",,,,
"USW00093134","LOS ANGELES DOWNTOWN USC, CA US","34.0236","-118.2911","54.6","2022-03-16","3.36","0.00",,,,"80","55","  300","  290","8.9","17.0","    1",,"    1"
"USW00093134","LOS ANGELES DOWNTOWN USC, CA US","34.0236","-118.2911","54.6","2022-03-17","1.34","0.00",,,,"78","53","  260",,"8.9",,,,
"USW00093134","LOS ANGELES DOWNTOWN USC, CA US","34.0236","-118.2911","54.6","2022-03-18","0.89","0.00",,,,"77","53","  270",,"6.9",,,,
"USW00093134","LOS ANGELES DOWNTOWN USC, CA US","34.0236","-118.2911","54.6","2022-03-19","1.79","0.01",,,,"67","55","  250",,"6.0",,"    1",,"    1"
"USW00093134","LOS ANGELES DOWNTOWN USC, CA US","34.0236","-118.2911","54.6","2022-03-20","4.70","0.00",,,,"74","53","  270","  270","12.1","21.9",,,
"USW00093134","LOS ANGELES DOWNTOWN USC, CA US","34.0236","-118.2911","54.6","2022-03-21","2.01","0.00",,,,"74","55","  260","  280","6.9","13.0",,,"    1"
"USW00093134","LOS ANGELES DOWNTOWN USC, CA US","34.0236","-118.2911","54.6","2022-03-22","0.89","0.00",,,,"84","53","  270","  260","8.9","13.0",,,
"USW00093134","LOS ANGELES DOWNTOWN USC, CA US","34.0236","-118.2911","54.6","2022-03-23","2.01","0.00",,,,"85","57","  270","  270","10.1","17.0",,,
"USW00093134","LOS ANGELES DOWNTOWN USC, CA US","34.0236","-118.2911","54.6","2022-03-24","1.12","0.00",,,,"79","56","  260",,"6.0",,,,
"USW00093134","LOS ANGELES DOWNTOWN USC, CA US","34.0236","-118.2911","54.6","2022-03-25","1.12","0.00",,,,"72","52","  270",,"6.0",,"    1",,
"USW00093134","LOS ANGELES DOWNTOWN USC, CA US","34.0236","-118.2911","54.6","2022-03-26","0.00","0.00",,,,"71","54","  280",,"4.9",,,,
"USW00093134","LOS ANGELES DOWNTOWN USC, CA US","34.0236","-118.2911","54.6","2022-03-27","2.24","0.00",,,,"69","56","  260",,"6.9",,,,
"USW00093134","LOS ANGELES DOWNTOWN USC, CA US","34.0236","-118.2911","54.6","2022-03-28","3.36","1.32",,,,"60","53","  120","  150","12.1","21.9","    1",,
"USW00093134","LOS ANGELES DOWNTOWN USC, CA US","34.0236","-118.2911","54.6","2022-03-29","0.00","0.00",,,,"64","50","  260","  260","8.9","14.1",,,
"USW00093134","LOS ANGELES DOWNTOWN USC, CA US","34.0236","-118.2911","54.6","2022-03-30","2.01","0.00",,,,"68","54","  270","  260","10.1","17.0",,,
"USW00093134","LOS ANGELES DOWNTOWN USC, CA US","34.0236","-118.2911","54.6","2022-03-31","0.89","0.00",,,,"63","55","  260","  260","6.9","13.0",,,
"USW00093134","LOS ANGELES DOWNTOWN USC, CA US","34.0236","-118.2911","54.6","2022-04-01","1.34","0.00",,,,"67","52","  260","  260","8.9","17.0",,,
"USW00093134","LOS ANGELES DOWNTOWN USC, CA US","34.0236","-118.2911","54.6","2022-04-02","2.01","0.00",,,,"65","54","  270","  260","8.9","15.0",,,
"USW00093134","LOS ANGELES DOWNTOWN USC, CA US","34.0236","-118.2911","54.6","2022-04-03","2.68","0.00",,,,"65","54","  270","  270","8.9","15.0",,,
"USW00093134","LOS ANGELES DOWNTOWN USC, CA US","34.0236","-118.2911","54.6","2022-04-04","1.12","0.00",,,,"69","54","  270","  270","8.1","14.1",,,"    1"
"USW00093134","LOS ANGELES DOWNTOWN USC, CA US","34.0236","-118.2911","54.6","2022-04-05","1.12","0.00",,,,"78","54","  260","  260","6.9","12.1",,,"    1"
"USW00093134","LOS ANGELES DOWNTOWN USC, CA US","34.0236","-118.2911","54.6","2022-04-06","1.12","0.00",,,,"88","57","  280","  270","6.9","12.1","    1",,"    1"
"USW00093134","LOS ANGELES DOWNTOWN USC, CA US","34.0236","-118.2911","54.6","2022-04-07","0.89","0.00",,,,"95","60","  270","  270","8.1","14.1",,,
"USW00093134","LOS ANGELES DOWNTOWN USC, CA US","34.0236","-118.2911","54.6","2022-04-08","1.57","0.00",,,,"95","64","  270","  270","10.1","18.1",,,
"USW00093134","LOS ANGELES DOWNTOWN USC, CA US","34.0236","-118.2911","54.6","2022-04-09","1.57","0.00",,,,"81","62","  260","  260","8.9","13.0",,,
"USW00093134","LOS ANGELES DOWNTOWN USC, CA US","34.0236","-118.2911","54.6","2022-04-10","1.34","0.00",,,,"69","59","  270","  270","8.1","14.1",,,"    1"
"USW00093134","LOS ANGELES DOWNTOWN USC, CA US","34.0236","-118.2911","54.6","2022-04-11","1.57","0.00",,,,"66","55","  270","  260","10.1","18.1",,,"    1"
"USW00093134","LOS ANGELES DOWNTOWN USC, CA US","34.0236","-118.2911","54.6","2022-04-12","6.71","0.00",,,,"68","51","  260","  340","13.0","21.9",,,
"USW00093134","LOS ANGELES DOWNTOWN USC, CA US","34.0236","-118.2911","54.6","2022-04-13","2.46","0.00",,,,"68","52","  330","  330","10.1","21.9",,,
"USW00093134","LOS ANGELES DOWNTOWN USC, CA US","34.0236","-118.2911","54.6","2022-04-14","1.57","0.00",,,,"68","51","  270","  270","10.1","17.0",,,
"USW00093134","LOS ANGELES DOWNTOWN USC, CA US","34.0236","-118.2911","54.6","2022-04-15","2.24","0.00",,,,"70","54","  270","  260","12.1","17.0",,,"    1"
"USW00093134","LOS ANGELES DOWNTOWN USC, CA US","34.0236","-118.2911","54.6","2022-04-16","3.13","0.00",,,,"67","53","  260","  260","12.1","23.0",,,
"USW00093134","LOS ANGELES DOWNTOWN USC, CA US","34.0236","-118.2911","54.6","2022-04-17","1.12","0.00",,,,"67","53","  270","  260","8.9","15.0","    1",,
"USW00093134","LOS ANGELES DOWNTOWN USC, CA US","34.0236","-118.2911","54.6","2022-04-18","1.57","0.00",,,,"74","53","  260","  270","12.1","17.0",,,
"USW00093134","LOS ANGELES DOWNTOWN USC, CA US","34.0236","-118.2911","54.6","2022-04-19","1.79","0.00",,,,"71","57","  260","  270","12.1","21.0",,,
"USW00093134","LOS ANGELES DOWNTOWN USC, CA US","34.0236","-118.2911","54.6","2022-04-20","2.91","0.00",,,,"69","55","  260","  260","10.1","17.0",,,"    1"
"USW00093134","LOS ANGELES DOWNTOWN USC, CA US","34.0236","-118.2911","54.6","2022-04-21","4.25","0.28",,,,"67","53","  260","  260","12.1","21.9","    1",,"    1"
"USW00093134","LOS ANGELES DOWNTOWN USC, CA US","34.0236","-118.2911","54.6","2022-04-22","3.58","0.05",,,,"65","54","  270","  270","15.0","25.9","    1",,
"USW00093134","LOS ANGELES DOWNTOWN USC, CA US","34.0236","-118.2911","54.6","2022-04-23","2.24","0.00",,,,"72","53","  260","  260","10.1","18.1",,,
"USW00093134","LOS ANGELES DOWNTOWN USC, CA US","34.0236","-118.2911","54.6","2022-04-24","1.79","0.00",,,,"84","55","  260","  250","12.1","21.0",,,"    1"
"USW00093134","LOS ANGELES DOWNTOWN USC, CA US","34.0236","-118.2911","54.6","2022-04-25","1.79","0.00",,,,"89","59","  260","  260","10.1","17.0",,,
"USW00093134","LOS ANGELES DOWNTOWN USC, CA US","34.0236","-118.2911","54.6","2022-04-26","1.79","0.00",,,,"81","59","   80","   90","10.1","18.1",,,
"USW00093134","LOS ANGELES DOWNTOWN USC, CA US","34.0236","-118.2911","54.6","2022-04-27","2.68","0.00",,,,"72","56","  260","  270","10.1","17.0",,,"    1"
"USW00093134","LOS ANGELES DOWNTOWN USC, CA US","34.0236","-118.2911","54.6","2022-04-28","1.79","0.00",,,,"66","55","  260","  260","8.9","17.0",,,"    1"
"USW00093134","LOS ANGELES DOWNTOWN USC, CA US","34.0236","-118.2911","54.6","2022-04-29","2.01","0.00",,,,"70","53","  260","  260","8.9","14.1",,,"    1"
"USW00093134","LOS ANGELES DOWNTOWN USC, CA US","34.0236","-118.2911","54.6","2022-04-30","1.79","0.00",,,,"75","54","  270","  270","8.9","16.1",,,
"USW00093134","LOS ANGELES DOWNTOWN USC, CA US","34.0236","-118.2911","54.6","2022-05-01","1.34","0.00",,,,"73","57","  260","  270","10.1","17.0",,,
"USW00093134","LOS ANGELES DOWNTOWN USC, CA US","34.0236","-118.2911","54.6","2022-05-02","1.79","0.00",,,,"70","58","  260","  260","8.9","15.0",,,
"USW00093134","LOS ANGELES DOWNTOWN USC, CA US","34.0236","-118.2911","54.6","2022-05-03","1.79","0.00",,,,"69","58","  260","  260","8.9","16.1",,,
"USW00093134","LOS ANGELES DOWNTOWN USC, CA US","34.0236","-118.2911","54.6","2022-05-04","1.12","0.00",,,,"75","57","  260","  270","8.1","15.0","    1",,"    1"
"USW00093134","LOS ANGELES DOWNTOWN USC, CA US","34.0236","-118.2911","54.6","2022-05-05","2.01","0.00",,,,"75","56","  260","  280","8.9","14.1","    1",,"    1"
"USW00093134","LOS ANGELES DOWNTOWN USC, CA US","34.0236","-118.2911","54.6","2022-05-06","0.89","0.00",,,,"75","55","  260","  260","8.1","14.1","    1",,"    1"
"USW00093134","LOS ANGELES DOWNTOWN USC, CA US","34.0236","-118.2911","54.6","2022-05-07","1.57","0.00",,,,"74","59","  270","  280","8.9","15.0",,,
"USW00093134","LOS ANGELES DOWNTOWN USC, CA US","34.0236","-118.2911","54.6","2022-05-08","1.57","0.00",,,,"68","57","  260","  260","10.1","16.1",,,"    1"
"USW00093134","LOS ANGELES DOWNTOWN USC, CA US","34.0236","-118.2911","54.6","2022-05-09","2.46","0.00",,,,"69","54","  260","  270","8.9","18.1",,,"    1"
"USW00093134","LOS ANGELES DOWNTOWN USC, CA US","34.0236","-118.2911","54.6","2022-05-10","2.68","0.00",,,,"68","51","  270","  270","13.0","25.1",,,
"USW00093134","LOS ANGELES DOWNTOWN USC, CA US","34.0236","-118.2911","54.6","2022-05-11","4.70","0.00",,,,"70","51","  270","  260","17.0","29.1",,,"    1"
"USW00093134","LOS ANGELES DOWNTOWN USC, CA US","34.0236","-118.2911","54.6","2022-05-12","2.46","0.00",,,,"79","53","  270","  270","12.1","19.9",,,"    1"
"USW00093134","LOS ANGELES DOWNTOWN USC, CA US","34.0236","-118.2911","54.6","2022-05-13","2.24","0.00",,,,"87","57","  270","  270","10.1","16.1",,,
"USW00093134","LOS ANGELES DOWNTOWN USC, CA US","34.0236","-118.2911","54.6","2022-05-14","1.34","0.00",,,,"89","61","  270","  280","8.1","13.0",,,
"USW00093134","LOS ANGELES DOWNTOWN USC, CA US","34.0236","-118.2911","54.6","2022-05-15","1.34","0.00",,,,"84","59","  270","  280","8.9","16.1",,,"    1"
"USW00093134","LOS ANGELES DOWNTOWN USC, CA US","34.0236","-118.2911","54.6","2022-05-16","1.12","0.00",,,,"70","58","  260","  260","8.9","15.0",,,"    1"
"USW00093134","LOS ANGELES DOWNTOWN USC, CA US","34.0236","-118.2911","54.6","2022-05-17","2.01","0.00",,,,"71","57","  270","  260","8.1","14.1",,,"    1"
"USW00093134","LOS ANGELES DOWNTOWN USC, CA US","34.0236","-118.2911","54.6","2022-05-18","1.34","0.00",,,,"70","57","  260","  260","8.1","12.1","    1",,"    1"
"USW00093134","LOS ANGELES DOWNTOWN USC, CA US","34.0236","-118.2911","54.6","2022-05-19","1.34","0.00",,,,"67","59","  260","  270","8.1","14.1","    1",,"    1"
"USW00093134","LOS ANGELES DOWNTOWN USC, CA US","34.0236","-118.2911","54.6","2022-05-20","1.12","0.00",,,,"69","58","  270","  120","6.9","11.0",,,
"USW00093134","LOS ANGELES DOWNTOWN USC, CA US","34.0236","-118.2911","54.6","2022-05-21","1.79","0.00",,,,"69","57","  260","  270","10.1","16.1",,,
"USW00093134","LOS ANGELES DOWNTOWN USC, CA US","34.0236","-118.2911","54.6","2022-05-22","2.68","0.00",,,,"69","54","  270","  280","10.1","18.1",,,
"USW00093134","LOS ANGELES DOWNTOWN USC, CA US","34.0236","-118.2911","54.6","2022-05-23","1.12","0.00",,,,"69","55","  260","  270","6.9","12.1",,,"    1"
"USW00093134","LOS ANGELES DOWNTOWN USC, CA US","34.0236","-118.2911","54.6","2022-05-24","1.12","0.00",,,,"71","59","  260","  260","6.9","14.1","    1",,"    1"
"USW00093134","LOS ANGELES DOWNTOWN USC, CA US","34.0236","-118.2911","54.6","2022-05-25","1.12","0.00",,,,"73","59","  260","  270","10.1","15.0","    1",,"    1"
"USW00093134","LOS ANGELES DOWNTOWN USC, CA US","34.0236","-118.2911","54.6","2022-05-26","2.01","0.00",,,,"75","60","  260","  270","10.1","16.1",,,"    1"
"USW00093134","LOS ANGELES DOWNTOWN USC, CA US","34.0236","-118.2911","54.6","2022-05-27","2.24","0.00",,,,"71","59","  270","  260","10.1","17.0",,,
"USW00093134","LOS ANGELES DOWNTOWN USC, CA US","34.0236","-118.2911","54.6","2022-05-28","1.34","0.00",,,,"68","58","  270","  270","12.1","17.0",,,
"USW00093134","LOS ANGELES DOWNTOWN USC, CA US","34.0236","-118.2911","54.6","2022-05-29","1.57","0.00",,,,"72","57","  260","  260","12.1","15.0",,,
"USW00093134","LOS ANGELES DOWNTOWN USC, CA US","34.0236","-118.2911","54.6","2022-05-30","2.24","0.00",,,,"72","58","  270","  270","10.1","17.0",,,
"USW00093134","LOS ANGELES DOWNTOWN USC, CA US","34.0236","-118.2911","54.6","2022-05-31","1.57","0.00",,,,"74","57","  270","  270","8.9","15.0",,,
"USW00093134","LOS ANGELES DOWNTOWN USC, CA US","34.0236","-118.2911","54.6","2022-06-01","1.12","0.00",,,,"80","58","  260","  270","8.9","14.1","    1",,"    1"
"USW00093134","LOS ANGELES DOWNTOWN USC, CA US","34.0236","-118.2911","54.6","2022-06-02","2.01","0.00",,,,"79","60","  270","  260","10.1","17.0",,,"    1"
"USW00093134","LOS ANGELES DOWNTOWN USC, CA US","34.0236","-118.2911","54.6","2022-06-03","1.57","0.00",,,,"73","60","  260","  270","10.1","18.1",,,
"USW00093134","LOS ANGELES DOWNTOWN USC, CA US","34.0236","-118.2911","54.6","2022-06-04","1.34","0.00",,,,"70","61","  260","  270","8.9","15.0",,,
"USW00093134","LOS ANGELES DOWNTOWN USC, CA US","34.0236","-118.2911","54.6","2022-06-05","1.34","0.00",,,,"75","60","  260","  280","8.1","16.1",,,
"USW00093134","LOS ANGELES DOWNTOWN USC, CA US","34.0236","-118.2911","54.6","2022-06-06","1.57","0.00",,,,"77","63","  260","  270","8.1","15.0",,,
"USW00093134","LOS ANGELES DOWNTOWN USC, CA US","34.0236","-118.2911","54.6","2022-06-07","1.57","0.00",,,,"76","63","  260","  260","8.1","14.1","    1",,"    1"
"USW00093134","LOS ANGELES DOWNTOWN USC, CA US","34.0236","-118.2911","54.6","2022-06-08","2.24","0.00",,,,"75","63","  260","  260","8.1","13.0","    1",,"    1"
"USW00093134","LOS ANGELES DOWNTOWN USC, CA US","34.0236","-118.2911","54.6","2022-06-09","1.12","0.00",,,,"80","63","  260","  260","8.1","14.1","    1",,"    1"
"USW00093134","LOS ANGELES DOWNTOWN USC, CA US","34.0236","-118.2911","54.6","2022-06-10","1.34","0.00",,,,"81","63","  270","  260","8.1","13.0","    1",,"    1"
"USW00093134","LOS ANGELES DOWNTOWN USC, CA US","34.0236","-118.2911","54.6","2022-06-11","1.34","0.00",,,,"80","63","  270","  270","8.9","15.0","    1",,"    1"
"USW00093134","LOS ANGELES DOWNTOWN USC, CA US","34.0236","-118.2911","54.6","2022-06-12","1.34","0.00",,,,"78","62","  260","  270","8.1","13.0","    1",,"    1"
"USW00093134","LOS ANGELES DOWNTOWN USC, CA US","34.0236","-118.2911","54.6","2022-06-13","2.01","0.00",,,,"77","64","  270","  260","8.9","16.1",,,
"USW00093134","LOS ANGELES DOWNTOWN USC, CA US","34.0236","-118.2911","54.6","2022-06-14","0.89","0.00",,,,"78","63","  260","  270","10.1","17.0",,,
"USW00093134","LOS ANGELES DOWNTOWN USC, CA US","34.0236","-118.2911","54.6","2022-06-15","2.01","0.00",,,,"81","63","  270","  260","8.1","14.1",,,"    1"
"USW00093134","LOS ANGELES DOWNTOWN USC, CA US","34.0236","-118.2911","54.6","2022-06-16","2.24","0.00",,,,"81","64","  260","  270","10.1","16.1",,,"    1"
"USW00093134","LOS ANGELES DOWNTOWN USC, CA US","34.0236","-118.2911","54.6","2022-06-17","2.24","0.00",,,,"76","61","  260","  270","8.9","16.1",,,"    1"
"USW00093134","LOS ANGELES DOWNTOWN USC, CA US","34.0236","-118.2911","54.6","2022-06-18","1.79","0.00",,,,"75","59","  260","  260","8.9","17.0",,,
"USW00093134","LOS ANGELES DOWNTOWN USC, CA US","34.0236","-118.2911","54.6","2022-06-19","2.24","0.00",,,,"76","60","  260","  260","12.1","23.0",,,
"USW00093134","LOS ANGELES DOWNTOWN USC, CA US","34.0236","-118.2911","54.6","2022-06-20","1.12","0.00",,,,"89","60","  270","  270","8.1","13.0",,,
"USW00093134","LOS ANGELES DOWNTOWN USC, CA US","34.0236","-118.2911","54.6","2022-06-21","1.12","0.00",,,,"86","63","  260","  270","8.1","13.0",,,
"USW00093134","LOS ANGELES DOWNTOWN USC, CA US","34.0236","-118.2911","54.6","2022-06-22","1.34","0.01",,,,"80","62","  270","  270","6.9","13.0",,,
"USW00093134","LOS ANGELES DOWNTOWN USC, CA US","34.0236","-118.2911","54.6","2022-06-23","1.57","0.00",,,,"81","63","  260","  270","8.9","14.1","    1",,"    1"
"USW00093134","LOS ANGELES DOWNTOWN USC, CA US","34.0236","-118.2911","54.6","2022-06-24","1.57","0.00",,,,"82","61","  260","  270","8.9","15.0","    1",,"    1"
"USW00093134","LOS ANGELES DOWNTOWN USC, CA US","34.0236","-118.2911","54.6","2022-06-25","1.34","0.00",,,,"84","60","  260","  260","8.9","14.1","    1",,"    1"
"USW00093134","LOS ANGELES DOWNTOWN USC, CA US","34.0236","-118.2911","54.6","2022-06-26","1.12","0.00",,,,"83","61","  260","  270","8.9","13.0","    1",,"    1"
"USW00093134","LOS ANGELES DOWNTOWN USC, CA US","34.0236","-118.2911","54.6","2022-06-27","1.79","0.00",,,,"86","62","  270","  260","8.1","14.1","    1",,"    1"
"USW00093134","LOS ANGELES DOWNTOWN USC, CA US","34.0236","-118.2911","54.6","2022-06-28","1.12","0.00",,,,"90","63","  260","  280","6.9","12.1",,,
"USW00093134","LOS ANGELES DOWNTOWN USC, CA US","34.0236","-118.2911","54.6","2022-06-29","2.01","0.00",,,,"89","64","  270","  270","8.1","14.1","    1",,"    1"
"USW00093134","LOS ANGELES DOWNTOWN USC, CA US","34.0236","-118.2911","54.6","2022-06-30","2.01","0.00",,,,"84","63","  260","  270","8.9","15.0","    1",,"    1"
"USW00093134","LOS ANGELES DOWNTOWN USC, CA US","34.0236","-118.2911","54.6","2022-07-01","2.24","0.00",,,,"83","63","  260","  260","8.9","14.1","    1",,"    1"
"USW00093134","LOS ANGELES DOWNTOWN USC, CA US","34.0236","-118.2911","54.6","2022-07-02","1.79","0.00",,,,"81","62","  260","  270","10.1","15.0",,,
"USW00093134","LOS ANGELES DOWNTOWN USC, CA US","34.0236","-118.2911","54.6","2022-07-03","1.79","0.00",,,,"80","61","  260","  260","10.1","16.1",,,
"USW00093134","LOS ANGELES DOWNTOWN USC, CA US","34.0236","-118.2911","54.6","2022-07-04","2.01","0.00",,,,"77","61","  270","  260","10.1","15.0",,,"    1"
"USW00093134","LOS ANGELES DOWNTOWN USC, CA US","34.0236","-118.2911","54.6","2022-07-05","2.24","0.00",,,,"79","61","  260","  260","12.1","16.1","    1",,"    1"
"USW00093134","LOS ANGELES DOWNTOWN USC, CA US","34.0236","-118.2911","54.6","2022-07-06","1.79","0.00",,,,"80","63","  270","  270","8.9","16.1",,,"    1"
"USW00093134","LOS ANGELES DOWNTOWN USC, CA US","34.0236","-118.2911","54.6","2022-07-07","2.01","0.00",,,,"82","61","  270","  260","8.9","16.1",,,
"USW00093134","LOS ANGELES DOWNTOWN USC, CA US","34.0236","-118.2911","54.6","2022-07-08","1.34","0.00",,,,"82","61","  270","  270","8.9","14.1","    1",,
"USW00093134","LOS ANGELES DOWNTOWN USC, CA US","34.0236","-118.2911","54.6","2022-07-09","2.01","0.00",,,,"78","61","  280","  270","10.1","15.0","    1",,"    1"
"USW00093134","LOS ANGELES DOWNTOWN USC, CA US","34.0236","-118.2911","54.6","2022-07-10","1.34","0.00",,,,"84","62","  260","  260","8.1","13.0",,,
"USW00093134","LOS ANGELES DOWNTOWN USC, CA US","34.0236","-118.2911","54.6","2022-07-11","2.46","0.00",,,,"78","61","  260","  260","8.9","16.1","    1",,"    1"
"USW00093134","LOS ANGELES DOWNTOWN USC, CA US","34.0236","-118.2911","54.6","2022-07-12","2.01","0.00",,,,"77","61","  260","  260","8.9","14.1",,,"    1"
"USW00093134","LOS ANGELES DOWNTOWN USC, CA US","34.0236","-118.2911","54.6","2022-07-13","2.01","0.00",,,,"75","60","  260","  260","8.9","15.0","    1",,"    1"
"USW00093134","LOS ANGELES DOWNTOWN USC, CA US","34.0236","-118.2911","54.6","2022-07-14","1.57","0.00",,,,"77","62","  280","  250","8.1","13.0",,,"    1"
"USW00093134","LOS ANGELES DOWNTOWN USC, CA US","34.0236","-118.2911","54.6","2022-07-15","1.79","0.00",,,,"79","63","  270","  260","8.9","14.1",,,
"USW00093134","LOS ANGELES DOWNTOWN USC, CA US","34.0236","-118.2911","54.6","2022-07-16","1.57","0.00",,,,"80","63","  270","  270","8.9","14.1","    1",,"    1"
"USW00093134","LOS ANGELES DOWNTOWN USC, CA US","34.0236","-118.2911","54.6","2022-07-17","1.34","0.00",,,,"93","63","  280","  280","13.0","19.9",,,
"USW00093134","LOS ANGELES DOWNTOWN USC, CA US","34.0236","-118.2911","54.6","2022-07-18","2.01","0.00",,,,"88","67","  270","  260","8.1","13.0",,,"    1"
"USW00093134","LOS ANGELES DOWNTOWN USC, CA US","34.0236","-118.2911","54.6","2022-07-19","1.34","0.00",,,,"84","65","  260","  260","8.1","14.1",,,
"USW00093134","LOS ANGELES DOWNTOWN USC, CA US","34.0236","-118.2911","54.6","2022-07-20","1.57","0.00",,,,"85","65","  270","  260","8.9","15.0",,,
"USW00093134","LOS ANGELES DOWNTOWN USC, CA US","34.0236","-118.2911","54.6","2022-07-21","1.57","0.00",,,,"87","64","  260","  270","8.9","13.0",,,
"USW00093134","LOS ANGELES DOWNTOWN USC, CA US","34.0236","-118.2911","54.6","2022-07-22","1.79","0.00",,,,"83","63","  260","  260","10.1","13.0","    1",,"    1"
"USW00093134","LOS ANGELES DOWNTOWN USC, CA US","34.0236","-118.2911","54.6","2022-07-23","1.79","0.00",,,,"81","66","  260","  250","8.9","14.1",,,"    1"
"USW00093134","LOS ANGELES DOWNTOWN USC, CA US","34.0236","-118.2911","54.6","2022-07-24","1.57","0.00",,,,"84","64","  270","  270","10.1","17.0",,,"    1"
"USW00093134","LOS ANGELES DOWNTOWN USC, CA US","34.0236","-118.2911","54.6","2022-07-25","2.24","0.00",,,,"81","63","  260","  260","8.9","14.1",,,"    1"
"USW00093134","LOS ANGELES DOWNTOWN USC, CA US","34.0236","-118.2911","54.6","2022-07-26","2.68","0.00",,,,"79","63","  260","  270","8.9","17.0",,,"    1"
"USW00093134","LOS ANGELES DOWNTOWN USC, CA US","34.0236","-118.2911","54.6","2022-07-27","1.79","0.00",,,,"82","62","  280","  270","10.1","14.1","    1",,"    1"
"USW00093134","LOS ANGELES DOWNTOWN USC, CA US","34.0236","-118.2911","54.6","2022-07-28","1.12","0.00",,,,"85","63","  260","  270","8.1","13.0",,,"    1"
"USW00093134","LOS ANGELES DOWNTOWN USC, CA US","34.0236","-118.2911","54.6","2022-07-29","2.01","0.00",,,,"84","65","  270","  260","8.1","15.0",,,
"USW00093134","LOS ANGELES DOWNTOWN USC, CA US","34.0236","-118.2911","54.6","2022-07-30","1.12","0.00",,,,"81","66","  270","  260","8.1","13.0",,,"    1"
"USW00093134","LOS ANGELES DOWNTOWN USC, CA US","34.0236","-118.2911","54.6","2022-07-31","1.34","0.00",,,,"86","69","  260","  260","8.1","14.1",,,"    1"
"USW00093134","LOS ANGELES DOWNTOWN USC, CA US","34.0236","-118.2911","54.6","2022-08-01","2.01","0.00",,,,"85","67","  270","  260","8.9","14.1","    1",,
"USW00093134","LOS ANGELES DOWNTOWN USC, CA US","34.0236","-118.2911","54.6","2022-08-02","2.46","0.00",,,,"81","65","  260","  250","10.1","15.0",,,
"USW00093134","LOS ANGELES DOWNTOWN USC, CA US","34.0236","-118.2911","54.6","2022-08-03","2.46","0.00",,,,"82","65","  280","  260","8.1","13.0",,,
"USW00093134","LOS ANGELES DOWNTOWN USC, CA US","34.0236","-118.2911","54.6","2022-08-04","1.34","0.00",,,,"84","66","  270","  270","8.1","11.0",,,
"USW00093134","LOS ANGELES DOWNTOWN USC, CA US","34.0236","-118.2911","54.6","2022-08-05","2.24","0.00",,,,"84","66","  260","  270","10.1","16.1",,,
"USW00093134","LOS ANGELES DOWNTOWN USC, CA US","34.0236","-118.2911","54.6","2022-08-06","2.24","0.00",,,,"86","64","  260","  260","12.1","18.1",,,
"USW00093134","LOS ANGELES DOWNTOWN USC, CA US","34.0236","-118.2911","54.6","2022-08-07","1.12","0.00",,,,"91","63","  260","  260","8.9","14.1",,,
"USW00093134","LOS ANGELES DOWNTOWN USC, CA US","34.0236","-118.2911","54.6","2022-08-08","1.12","0.00",,,,"89","67","  260","  260","6.9","12.1",,,
"USW00093134","LOS ANGELES DOWNTOWN USC, CA US","34.0236","-118.2911","54.6","2022-08-09","1.12","0.00",,,,"92","71","  250","  270","8.9","14.1",,,
"USW00093134","LOS ANGELES DOWNTOWN USC, CA US","34.0236","-118.2911","54.6","2022-08-10","1.34","0.00",,,,"92","69","  270","  270","8.1","14.1",,,
"USW00093134","LOS ANGELES DOWNTOWN USC, CA US","34.0236","-118.2911","54.6","2022-08-11","1.34","0.00",,,,"88","67","  270","  260","12.1","16.1",,,"    1"
"USW00093134","LOS ANGELES DOWNTOWN USC, CA US","34.0236","-118.2911","54.6","2022-08-12","1.12","0.00",,,,"87","65","  270","  260","8.9","14.1",,,
"USW00093134","LOS ANGELES DOWNTOWN USC, CA US","34.0236","-118.2911","54.6","2022-08-13","1.57","0.00",,,,"90","67","  260","  270","8.1","13.0",,,
"USW00093134","LOS ANGELES DOWNTOWN USC, CA US","34.0236","-118.2911","54.6","2022-08-14","1.79","0.00",,,,"89","67","  260","  280","8.9","13.0",,,
"USW00093134","LOS ANGELES DOWNTOWN USC, CA US","34.0236","-118.2911","54.6","2022-08-15","1.12","0.00",,,,"87","65","  270","  260","8.9","14.1",,,
"USW00093134","LOS ANGELES DOWNTOWN USC, CA US","34.0236","-118.2911","54.6","2022-08-16","1.34","0.00",,,,"85","65","  270","  270","8.1","12.1",,,"    1"
"USW00093134","LOS ANGELES DOWNTOWN USC, CA US","34.0236","-118.2911","54.6","2022-08-17","1.34","0.00",,,,"84","65","  260","  270","8.1","13.0",,,
"USW00093134","LOS ANGELES DOWNTOWN USC, CA US","34.0236","-118.2911","54.6","2022-08-18","2.01","0.00",,,,"79","62","  260","  250","8.1","14.1","    1",,
"USW00093134","LOS ANGELES DOWNTOWN USC, CA US","34.0236","-118.2911","54.6","2022-08-19","1.34","0.00",,,,"82","62","  260","  270","8.9","13.0","    1",,
"USW00093134","LOS ANGELES DOWNTOWN USC, CA US","34.0236","-118.2911","54.6","2022-08-20","0.89","0.00",,,,"82","66","  260","  250","6.9","14.1",,,
"USW00093134","LOS ANGELES DOWNTOWN USC, CA US","34.0236","-118.2911","54.6","2022-08-21","1.12","0.00",,,,"80","65","  270","  260","8.1","14.1",,,"    1"
"USW00093134","LOS ANGELES DOWNTOWN USC, CA US","34.0236","-118.2911","54.6","2022-08-22","2.01","0.00",,,,"78","64","  260","  280","8.9","13.0","    1",,
"USW00093134","LOS ANGELES DOWNTOWN USC, CA US","34.0236","-118.2911","54.6","2022-08-23","1.34","0.00",,,,"81","63","  270","  270","8.1","13.0","    1",,"    1"
"USW00093134","LOS ANGELES DOWNTOWN USC, CA US","34.0236","-118.2911","54.6","2022-08-24","0.22","0.00",,,,"85","66","  260","  260","6.9","14.1","    1",,"    1"
"USW00093134","LOS ANGELES DOWNTOWN USC, CA US","34.0236","-118.2911","54.6","2022-08-25","2.01","0.00",,,,"88","66","  260","  270","8.1","14.1",,,
"USW00093134","LOS ANGELES DOWNTOWN USC, CA US","34.0236","-118.2911","54.6","2022-08-26","1.12","0.00",,,,"84","64","  260","  280","8.9","14.1","    1",,"    1"
"USW00093134","LOS ANGELES DOWNTOWN USC, CA US","34.0236","-118.2911","54.6","2022-08-27","2.01","0.00",,,,"83","65","  270","  260","8.9","14.1","    1",,"    1"
"USW00093134","LOS ANGELES DOWNTOWN USC, CA US","34.0236","-118.2911","54.6","2022-08-28","2.01","0.00",,,,"81","65","  270","  260","8.9","14.1",,,
"USW00093134","LOS ANGELES DOWNTOWN USC, CA US","34.0236","-118.2911","54.6","2022-08-29","1.79","0.00",,,,"79","64","  270","  260","8.9","15.0",,,"    1"
"USW00093134","LOS ANGELES DOWNTOWN USC, CA US","34.0236","-118.2911","54.6","2022-08-30","1.57","0.00",,,,"84","64","  260","  280","8.9","16.1",,,
"USW00093134","LOS ANGELES DOWNTOWN USC, CA US","34.0236","-118.2911","54.6","2022-08-31","1.12","0.00",,,,"91","67","  270","  280","8.1","16.1",,,
"USW00093134","LOS ANGELES DOWNTOWN USC, CA US","34.0236","-118.2911","54.6","2022-09-01","1.34","0.00",,,,"96","74","  280","  270","6.9","11.0",,,"    1"
"USW00093134","LOS ANGELES DOWNTOWN USC, CA US","34.0236","-118.2911","54.6","2022-09-02","1.34","0.00",,,,"96","72","  270","  260","8.1","13.0",,,
"USW00093134","LOS ANGELES DOWNTOWN USC, CA US","34.0236","-118.2911","54.6","2022-09-03","1.12","0.00",,,,"98","75","  280","  280","8.9","14.1",,,
"USW00093134","LOS ANGELES DOWNTOWN USC, CA US","34.0236","-118.2911","54.6","2022-09-04","1.12","0.00",,,,"103","77","  260","  260","8.1","13.0",,,
"USW00093134","LOS ANGELES DOWNTOWN USC, CA US","34.0236","-118.2911","54.6","2022-09-05","1.12","0.00",,,,"97","74","  270","  260","8.1","13.0",,,
"USW00093134","LOS ANGELES DOWNTOWN USC, CA US","34.0236","-118.2911","54.6","2022-09-06","1.34","0.00",,,,"93","73","  270","  270","8.1","12.1",,,
"USW00093134","LOS ANGELES DOWNTOWN USC, CA US","34.0236","-118.2911","54.6","2022-09-07","0.67","0.00",,,,"99","72","  280","  260","8.1","12.1",,,
"USW00093134","LOS ANGELES DOWNTOWN USC, CA US","34.0236","-118.2911","54.6","2022-09-08","2.01","0.00",,,,"98","73","  260","  260","10.1","17.0",,,
"USW00093134","LOS ANGELES DOWNTOWN USC, CA US","34.0236","-118.2911","54.6","2022-09-09","4.25","0.12",,,,"98","70","   80","  120","17.0","28.0","    1",,
"USW00093134","LOS ANGELES DOWNTOWN USC, CA US","34.0236","-118.2911","54.6","2022-09-10","0.45","0.24",,,,"80","70","  260","  270","6.9","10.1","    1",,
"USW00093134","LOS ANGELES DOWNTOWN USC, CA US","34.0236","-118.2911","54.6","2022-09-11","2.24","0.01",,,,"87","74","  260","  280","8.9","16.1",,,"    1"
"USW00093134","LOS ANGELES DOWNTOWN USC, CA US","34.0236","-118.2911","54.6","2022-09-12","2.91","0.00",,,,"85","70","  260","  270","12.1","18.1",,,
"USW00093134","LOS ANGELES DOWNTOWN USC, CA US","34.0236","-118.2911","54.6","2022-09-13","1.57","0.00",,,,"82","69","  270","  270","8.9","14.1",,,
"USW00093134","LOS ANGELES DOWNTOWN USC, CA US","34.0236","-118.2911","54.6","2022-09-14","2.24","0.00",,,,"82","68","  260","  250","10.1","16.1",,,
"USW00093134","LOS ANGELES DOWNTOWN USC, CA US","34.0236","-118.2911","54.6","2022-09-15","1.57","0.00",,,,"79","66","  260","  270","8.9","16.1",,,
"USW00093134","LOS ANGELES DOWNTOWN USC, CA US","34.0236","-118.2911","54.6","2022-09-16","2.01","0.00",,,,"80","65","  270","  270","8.9","15.0",,,"    1"
"USW00093134","LOS ANGELES DOWNTOWN USC, CA US","34.0236","-118.2911","54.6","2022-09-17","1.34","0.00",,,,"77","66","  260","  250","8.9","15.0","    1",,"    1"
"USW00093134","LOS ANGELES DOWNTOWN USC, CA US","34.0236","-118.2911","54.6","2022-09-18","2.91","0.00",,,,"75","64","  260","  260","8.1","15.0",,,
"USW00093134","LOS ANGELES DOWNTOWN USC, CA US","34.0236","-118.2911","54.6","2022-09-19","1.79","0.00",,,,"77","63","  260","  260","10.1","15.0",,,"    1"
"USW00093134","LOS ANGELES DOWNTOWN USC, CA US","34.0236","-118.2911","54.6","2022-09-20","1.79","0.00",,,,"80","63","  270","  260","10.1","17.0",,,
"USW00093134","LOS ANGELES DOWNTOWN USC, CA US","34.0236","-118.2911","54.6","2022-09-21","1.12","0.00",,,,"79","62","  260","  260","12.1","19.0",,,"    1"
"USW00093134","LOS ANGELES DOWNTOWN USC, CA US","34.0236","-118.2911","54.6","2022-09-22","1.34","0.00",,,,"85","61","  270","  280","8.9","14.1",,,
"USW00093134","LOS ANGELES DOWNTOWN USC, CA US","34.0236","-118.2911","54.6","2022-09-23","1.12","0.00",,,,"86","60","  270","  260","8.1","14.1",,,
"USW00093134","LOS ANGELES DOWNTOWN USC, CA US","34.0236","-118.2911","54.6","2022-09-24","1.12","0.00",,,,"86","66","  260","  250","8.9","15.0",,,"    1"
"USW00093134","LOS ANGELES DOWNTOWN USC, CA US","34.0236","-118.2911","54.6","2022-09-25","1.12","0.00",,,,"86","66","  260","  260","8.9","14.1",,,
"USW00093134","LOS ANGELES DOWNTOWN USC, CA US","34.0236","-118.2911","54.6","2022-09-26","1.12","0.00",,,,"86","66","  270","  260","8.9","14.1",,,
"USW00093134","LOS ANGELES DOWNTOWN USC, CA US","34.0236","-118.2911","54.6","2022-09-27","1.34","0.00",,,,"88","66","  260","  260","8.1","12.1","    1",,
"USW00093134","LOS ANGELES DOWNTOWN USC, CA US","34.0236","-118.2911","54.6","2022-09-28","1.57","0.00",,,,"89","67","  270","  270","6.9","12.1",,,
"USW00093134","LOS ANGELES DOWNTOWN USC, CA US","34.0236","-118.2911","54.6","2022-09-29","1.12","0.00",,,,"80","65","  260","  270","8.1","14.1","    1","    1","    1"
"USW00093134","LOS ANGELES DOWNTOWN USC, CA US","34.0236","-118.2911","54.6","2022-09-30","1.57","0.00",,,,"79","66","  260","  270","8.1","14.1","    1",,"    1"
"USW00093134","LOS ANGELES DOWNTOWN USC, CA US","34.0236","-118.2911","54.6","2022-10-01","2.01","0.00",,,,"75","65","  270","  270","10.1","16.1",,,
"USW00093134","LOS ANGELES DOWNTOWN USC, CA US","34.0236","-118.2911","54.6","2022-10-02","1.12","0.00",,,,"76","63","  260","  260","8.9","15.0",,,
"USW00093134","LOS ANGELES DOWNTOWN USC, CA US","34.0236","-118.2911","54.6","2022-10-03","1.12","0.00",,,,"76","61","  260","  260","8.9","13.0",,,
"USW00093134","LOS ANGELES DOWNTOWN USC, CA US","34.0236","-118.2911","54.6","2022-10-04","1.34","0.00",,,,"82","62","  270","  260","8.9","15.0",,,
"USW00093134","LOS ANGELES DOWNTOWN USC, CA US","34.0236","-118.2911","54.6","2022-10-05","1.34","0.00",,,,"79","66","  260","  280","6.9","13.0","    1",,"    1"
"USW00093134","LOS ANGELES DOWNTOWN USC, CA US","34.0236","-118.2911","54.6","2022-10-06","0.67","0.00",,,,"77","66","  270","  270","8.1","12.1","    1",,"    1"
"USW00093134","LOS ANGELES DOWNTOWN USC, CA US","34.0236","-118.2911","54.6","2022-10-07","1.34","0.00",,,,"79","65","  260","  260","8.9","13.0","    1",,"    1"
"USW00093134","LOS ANGELES DOWNTOWN USC, CA US","34.0236","-118.2911","54.6","2022-10-08","1.12","0.00",,,,"80","64","  270","  270","8.1","12.1","    1",,"    1"
"USW00093134","LOS ANGELES DOWNTOWN USC, CA US","34.0236","-118.2911","54.6","2022-10-09","1.57","0.00",,,,"77","63","  260","  270","8.1","13.0","    1",,"    1"
"USW00093134","LOS ANGELES DOWNTOWN USC, CA US","34.0236","-118.2911","54.6","2022-10-10","1.12","0.00",,,,"77","62","  270","  260","6.9","13.0","    1",,"    1"
"USW00093134","LOS ANGELES DOWNTOWN USC, CA US","34.0236","-118.2911","54.6","2022-10-11","1.34","0.00",,,,"76","65","  260","  260","8.9","16.1",,,
"USW00093134","LOS ANGELES DOWNTOWN USC, CA US","34.0236","-118.2911","54.6","2022-10-12","2.01","0.00",,,,"78","66","  270","  260","10.1","18.1",,,
"USW00093134","LOS ANGELES DOWNTOWN USC, CA US","34.0236","-118.2911","54.6","2022-10-13","0.45","0.00",,,,"73","65","  260","  260","8.9","12.1","    1",,"    1"
"USW00093134","LOS ANGELES DOWNTOWN USC, CA US","34.0236","-118.2911","54.6","2022-10-14","0.00","0.00",,,,"70","64","  280","  260","6.0","11.0","    1",,"    1"
"USW00093134","LOS ANGELES DOWNTOWN USC, CA US","34.0236","-118.2911","54.6","2022-10-15","1.34","0.02",,,,"71","63","  260","  260","6.9","12.1","    1",,"    1"
"USW00093134","LOS ANGELES DOWNTOWN USC, CA US","34.0236","-118.2911","54.6","2022-10-16","1.12","0.00",,,,"71","60","  270","  260","8.9","13.0","    1",,
"USW00093134","LOS ANGELES DOWNTOWN USC, CA US","34.0236","-118.2911","54.6","2022-10-17","0.89","0.00",,,,"77","58","  260","  260","8.1","14.1",,,
"USW00093134","LOS ANGELES DOWNTOWN USC, CA US","34.0236","-118.2911","54.6","2022-10-18","1.12","0.00",,,,"86","60","  270","  260","8.1","14.1","    1",,
"USW00093134","LOS ANGELES DOWNTOWN USC, CA US","34.0236","-118.2911","54.6","2022-10-19","1.34","0.00",,,,"93","64","  100","  100","8.9","16.1",,,"    1"
"USW00093134","LOS ANGELES DOWNTOWN USC, CA US","34.0236","-118.2911","54.6","2022-10-20","1.34","0.00",,,,"88","67","  260","  270","8.1","13.0",,,"    1"
"USW00093134","LOS ANGELES DOWNTOWN USC, CA US","34.0236","-118.2911","54.6","2022-10-21","1.12","0.00",,,,"78","65","  140","  140","8.1","11.0","    1",,"    1"
"USW00093134","LOS ANGELES DOWNTOWN USC, CA US","34.0236","-118.2911","54.6","2022-10-22","1.34","0.00",,,,"70","61","  270","  270","8.9","15.0",,,
"USW00093134","LOS ANGELES DOWNTOWN USC, CA US","34.0236","-118.2911","54.6","2022-10-23","1.57","0.00",,,,"72","56","  270","  270","8.1","17.0",,,
"USW00093134","LOS ANGELES DOWNTOWN USC, CA US","34.0236","-118.2911","54.6","2022-10-24","0.67","0.00",,,,"75","53","  260","  270","8.1","16.1",,,
"USW00093134","LOS ANGELES DOWNTOWN USC, CA US","34.0236","-118.2911","54.6","2022-10-25","0.67","0.00",,,,"76","53","  260","  260","6.9","13.0",,,
"USW00093134","LOS ANGELES DOWNTOWN USC, CA US","34.0236","-118.2911","54.6","2022-10-26","1.34","0.00",,,,"72","54","  260","  260","8.1","13.0",,,"    1"
"USW00093134","LOS ANGELES DOWNTOWN USC, CA US","34.0236","-118.2911","54.6","2022-10-27","0.89","0.00",,,,"75","55","  270","  270","8.9","13.0",,,"    1"
"USW00093134","LOS ANGELES DOWNTOWN USC, CA US","34.0236","-118.2911","54.6","2022-10-28","0.45","0.00",,,,"75","54","  270","  270","6.9","14.1",,,"    1"
"USW00093134","LOS ANGELES DOWNTOWN USC, CA US","34.0236","-118.2911","54.6","2022-10-29","0.67","0.00",,,,"75","53","  270","  270","6.9","13.0",,,
"USW00093134","LOS ANGELES DOWNTOWN USC, CA US","34.0236","-118.2911","54.6","2022-10-30","0.67","0.00",,,,"78","53","  260","  260","6.9","11.0",,,
"USW00093134","LOS ANGELES DOWNTOWN USC, CA US","34.0236","-118.2911","54.6","2022-10-31","0.67","0.00",,,,"76","53","  260","  250","6.9","11.0",,,
"USW00093134","LOS ANGELES DOWNTOWN USC, CA US","34.0236","-118.2911","54.6","2022-11-01","1.79","0.01",,,,"71","59","  260","  260","8.1","14.1","    1",,
"USW00093134","LOS ANGELES DOWNTOWN USC, CA US","34.0236","-118.2911","54.6","2022-11-02","2.46","0.11",,,,"67","53","  260","  270","8.9","18.1","    1",,"    1"
"USW00093134","LOS ANGELES DOWNTOWN USC, CA US","34.0236","-118.2911","54.6","2022-11-03","3.80","0.00",,,,"65","49","  290","  280","10.1","18.1",,,
"USW00093134","LOS ANGELES DOWNTOWN USC, CA US","34.0236","-118.2911","54.6","2022-11-04","0.89","0.00",,,,"67","47","  270","  260","8.1","14.1",,,
"USW00093134","LOS ANGELES DOWNTOWN USC, CA US","34.0236","-118.2911","54.6","2022-11-05","0.89","0.00",,,,"69","48","  260","  260","6.9","12.1",,,"    1"
"USW00093134","LOS ANGELES DOWNTOWN USC, CA US","34.0236","-118.2911","54.6","2022-11-06","1.12","0.00",,,,"69","51","  260","  260","6.9","12.1",,,
"USW00093134","LOS ANGELES DOWNTOWN USC, CA US","34.0236","-118.2911","54.6","2022-11-07","2.24","0.15",,,,"64","55","  250","  260","6.9","12.1","    1",,"    1"
"USW00093134","LOS ANGELES DOWNTOWN USC, CA US","34.0236","-118.2911","54.6","2022-11-08","1.57","1.71",,,,"66","51","  270","  250","10.1","19.9","    1",,"    1"
"USW00093134","LOS ANGELES DOWNTOWN USC, CA US","34.0236","-118.2911","54.6","2022-11-09","0.67","0.00",,,,"65","50","  360","  270","8.9","16.1",,,
"USW00093134","LOS ANGELES DOWNTOWN USC, CA US","34.0236","-118.2911","54.6","2022-11-10","0.22","0.00",,,,"70","46","  270","  280","6.9","11.0",,,
"USW00093134","LOS ANGELES DOWNTOWN USC, CA US","34.0236","-118.2911","54.6","2022-11-11","1.57","0.00",,,,"71","48","  260","  260","8.1","13.0",,,
"USW00093134","LOS ANGELES DOWNTOWN USC, CA US","34.0236","-118.2911","54.6","2022-11-12","1.12","0.00",,,,"71","49","  270","  260","6.9","12.1",,,
"USW00093134","LOS ANGELES DOWNTOWN USC, CA US","34.0236","-118.2911","54.6","2022-11-13","1.57","0.00",,,,"71","48","   40","   30","10.1","17.0",,,
"USW00093134","LOS ANGELES DOWNTOWN USC, CA US","34.0236","-118.2911","54.6","2022-11-14","0.89","0.00",,,,"70","47","  260","  260","6.9","11.0",,,"    1"
"USW00093134","LOS ANGELES DOWNTOWN USC, CA US","34.0236","-118.2911","54.6","2022-11-15","0.45","0.00",,,,"73","49","  270","  260","8.1","12.1",,,
"USW00093134","LOS ANGELES DOWNTOWN USC, CA US","34.0236","-118.2911","54.6","2022-11-16","0.67","0.00",,,,"76","47","  260","  270","6.0","10.1",,,"    1"
"USW00093134","LOS ANGELES DOWNTOWN USC, CA US","34.0236","-118.2911","54.6","2022-11-17","1.12","0.00",,,,"76","47","  270","  270","8.1","13.0",,,
"USW00093134","LOS ANGELES DOWNTOWN USC, CA US","34.0236","-118.2911","54.6","2022-11-18","0.89","0.00",,,,"71","47","  270","  280","6.9","10.1",,,"    1"
"USW00093134","LOS ANGELES DOWNTOWN USC, CA US","34.0236","-118.2911","54.6","2022-11-19","0.00","0.00",,,,"76","47","   20","  150","6.0","8.1",,,
"USW00093134","LOS ANGELES DOWNTOWN USC, CA US","34.0236","-118.2911","54.6","2022-11-20","1.12","0.00",,,,"79","51","  260","  260","6.9","10.1",,,
"USW00093134","LOS ANGELES DOWNTOWN USC, CA US","34.0236","-118.2911","54.6","2022-11-21","2.01","0.00",,,,"76","53","  260","   20","6.0","8.9",,,
"USW00093134","LOS ANGELES DOWNTOWN USC, CA US","34.0236","-118.2911","54.6","2022-11-22","1.12","0.00",,,,"76","52","  270","  280","6.9","10.1",,,"    1"
"USW00093134","LOS ANGELES DOWNTOWN USC, CA US","34.0236","-118.2911","54.6","2022-11-23","0.22","0.00",,,,"74","47","  260","  260","6.0","8.9","    1",,"    1"
"USW00093134","LOS ANGELES DOWNTOWN USC, CA US","34.0236","-118.2911","54.6","2022-11-24","0.67","0.00",,,,"78","47","  270","  290","6.9","11.0","    1",,"    1"
"USW00093134","LOS ANGELES DOWNTOWN USC, CA US","34.0236","-118.2911","54.6","2022-11-25","1.57","0.00",,,,"75","48","  260","  260","10.1","17.0",,,
"USW00093134","LOS ANGELES DOWNTOWN USC, CA US","34.0236","-118.2911","54.6","2022-11-26","0.45","0.00",,,,"72","47","  250","  250","6.9","10.1",,,"    1"
"USW00093134","LOS ANGELES DOWNTOWN USC, CA US","34.0236","-118.2911","54.6","2022-11-27","0.67","0.00",,,,"71","47","  270","  270","6.9","12.1","    1",,"    1"
"USW00093134","LOS ANGELES DOWNTOWN USC, CA US","34.0236","-118.2911","54.6","2022-11-28","2.24","0.00",,,,"65","57","  260","  260","8.9","15.0","    1",,"    1"
"USW00093134","LOS ANGELES DOWNTOWN USC, CA US","34.0236","-118.2911","54.6","2022-11-29","1.12","0.00",,,,"65","53","  270","  280","6.9","8.9",,,
"USW00093134","LOS ANGELES DOWNTOWN USC, CA US","34.0236","-118.2911","54.6","2022-11-30","2.01","0.00",,,,"65","50","  140","  150","6.9","10.1",,,
"USW00093134","LOS ANGELES DOWNTOWN USC, CA US","34.0236","-118.2911","54.6","2022-12-01","2.01","0.00",,,,"61","55","  140","   90","8.1","12.1",,,
"USW00093134","LOS ANGELES DOWNTOWN USC, CA US","34.0236","-118.2911","54.6","2022-12-02","2.68","0.12",,,,"62","53","   90","   90","8.9","14.1","    1",,
"USW00093134","LOS ANGELES DOWNTOWN USC, CA US","34.0236","-118.2911","54.6","2022-12-03","0.89","0.00",,,,"71","52","  270","  270","8.9","14.1","    1",,
"USW00093134","LOS ANGELES DOWNTOWN USC, CA US","34.0236","-118.2911","54.6","2022-12-04","0.00","0.02",,,,"65","54","  260","  360","2.9","6.0","    1",,
"USW00093134","LOS ANGELES DOWNTOWN USC, CA US","34.0236","-118.2911","54.6","2022-12-05","1.57","0.00",,,,"63","54","  260","  250","8.1","11.0","    1",,
"USW00093134","LOS ANGELES DOWNTOWN USC, CA US","34.0236","-118.2911","54.6","2022-12-06","2.68","0.00",,,,"63","50","  120","   90","6.9","11.0",,,"    1"
"USW00093134","LOS ANGELES DOWNTOWN USC, CA US","34.0236","-118.2911","54.6","2022-12-07","1.12","0.00",,,,"62","47","  270","  260","6.9","13.0",,,
"USW00093134","LOS ANGELES DOWNTOWN USC, CA US","34.0236","-118.2911","54.6","2022-12-08","0.67","0.00",,,,"63","45","  270","  280","8.1","13.0",,,
"USW00093134","LOS ANGELES DOWNTOWN USC, CA US","34.0236","-118.2911","54.6","2022-12-09","0.22","0.00",,,,"63","44","  270","  270","6.9","11.0",,,"    1"
"USW00093134","LOS ANGELES DOWNTOWN USC, CA US","34.0236","-118.2911","54.6","2022-12-10","0.67","0.00",,,,"64","46","  120","  130","8.1","13.0","    1",,
"USW00093134","LOS ANGELES DOWNTOWN USC, CA US","34.0236","-118.2911","54.6","2022-12-11","3.58","0.83",,,,"60","46","  260","  270","13.0","21.9","    1",,
"USW00093134","LOS ANGELES DOWNTOWN USC, CA US","34.0236","-118.2911","54.6","2022-12-12","2.01","0.26",,,,"56","45","   90","  100","8.9","13.0","    1",,"    1"
"USW00093134","LOS ANGELES DOWNTOWN USC, CA US","34.0236","-118.2911","54.6","2022-12-13","1.34","0.00",,,,"62","44","  270","  260","6.9","12.1",,,
"USW00093134","LOS ANGELES DOWNTOWN USC, CA US","34.0236","-118.2911","54.6","2022-12-14","0.89","0.00",,,,"63","43","  260","  270","6.9","11.0",,,
"USW00093134","LOS ANGELES DOWNTOWN USC, CA US","34.0236","-118.2911","54.6","2022-12-15","0.67","0.00",,,,"63","45","  270","  270","6.0","10.1",,,
"USW00093134","LOS ANGELES DOWNTOWN USC, CA US","34.0236","-118.2911","54.6","2022-12-16","0.67","0.00",,,,"69","48","   20","  360","4.9","8.1",,,
"USW00093134","LOS ANGELES DOWNTOWN USC, CA US","34.0236","-118.2911","54.6","2022-12-17","2.01","0.00",,,,"66","48","  360","   30","6.9","11.0",,,
"USW00093134","LOS ANGELES DOWNTOWN USC, CA US","34.0236","-118.2911","54.6","2022-12-18","1.79","0.00",,,,"66","45","  270","  270","8.1","13.0",,,"    1"
"USW00093134","LOS ANGELES DOWNTOWN USC, CA US","34.0236","-118.2911","54.6","2022-12-19","0.67","0.00",,,,"67","42","  280","  270","6.0","8.9",,,
"USW00093134","LOS ANGELES DOWNTOWN USC, CA US","34.0236","-118.2911","54.6","2022-12-20","0.89","0.00",,,,"67","48","  270","  270","6.9","8.9",,,
"USW00093134","LOS ANGELES DOWNTOWN USC, CA US","34.0236","-118.2911","54.6","2022-12-21","0.67","0.00",,,,"71","44","  270","  260","6.0","8.9",,,
"USW00093134","LOS ANGELES DOWNTOWN USC, CA US","34.0236","-118.2911","54.6","2022-12-22","0.22","0.00",,,,"71","47","  100","  280","6.0","8.9","    1",,"    1"
"USW00093134","LOS ANGELES DOWNTOWN USC, CA US","34.0236","-118.2911","54.6","2022-12-23","0.45","0.00",,,,"70","47","  260","  260","6.0","8.1","    1",,"    1"
"USW00093134","LOS ANGELES DOWNTOWN USC, CA US","34.0236","-118.2911","54.6","2022-12-24","0.00","0.00",,,,"79","47","  260","  280","4.9","6.9","    1",,
"USW00093134","LOS ANGELES DOWNTOWN USC, CA US","34.0236","-118.2911","54.6","2022-12-25","0.89","0.00",,,,"84","55","  260","  260","6.0","10.1",,,
"USW00093134","LOS ANGELES DOWNTOWN USC, CA US","34.0236","-118.2911","54.6","2022-12-26","0.67","0.00",,,,"81","56","  100","   20","4.9","8.1",,,
"USW00093134","LOS ANGELES DOWNTOWN USC, CA US","34.0236","-118.2911","54.6","2022-12-27","1.12","0.45",,,,"65","55","  270","  270","8.1","10.1","    1",,
"USW00093134","LOS ANGELES DOWNTOWN USC, CA US","34.0236","-118.2911","54.6","2022-12-28","0.89","0.01",,,,"64","51","  140","  270","6.9","10.1","    1",,"    1"
"USW00093134","LOS ANGELES DOWNTOWN USC, CA US","34.0236","-118.2911","54.6","2022-12-29","1.12","0.00",,,,"61","56","   90","  100","6.9","10.1",,,
"USW00093134","LOS ANGELES DOWNTOWN USC, CA US","34.0236","-118.2911","54.6","2022-12-30","0.45","0.01",,,,"60","56","  100","   80","4.9","6.9","    1",,
"USW00093134","LOS ANGELES DOWNTOWN USC, CA US","34.0236","-118.2911","54.6","2022-12-31","2.91","1.11",,,,"60","57","  160","  140","8.1","16.1","    1",,
"USW00093134","LOS ANGELES DOWNTOWN USC, CA US","34.0236","-118.2911","54.6","2023-01-01","1.79","0.01",,,,"63","50","  260","  270","13.0","18.1","    1",,
"USW00093134","LOS ANGELES DOWNTOWN USC, CA US","34.0236","-118.2911","54.6","2023-01-02","2.24","0.03",,,,"58","48","  100","   80","8.1","11.0",,,
"USW00093134","LOS ANGELES DOWNTOWN USC, CA US","34.0236","-118.2911","54.6","2023-01-03","6.71","0.06",,,,"59","50","  100","  100","13.0","19.9","    1",,
"USW00093134","LOS ANGELES DOWNTOWN USC, CA US","34.0236","-118.2911","54.6","2023-01-04","4.92","0.46",,,,"62","57","  130","  100","8.9","16.1","    1",,
"USW00093134","LOS ANGELES DOWNTOWN USC, CA US","34.0236","-118.2911","54.6","2023-01-05","3.13","1.37",,,,"63","50","  130","  130","12.1","19.9","    1",,
"USW00093134","LOS ANGELES DOWNTOWN USC, CA US","34.0236","-118.2911","54.6","2023-01-06","1.12","0.00",,,,"65","46","  260","  280","6.0","11.0","    1",,
"USW00093134","LOS ANGELES DOWNTOWN USC, CA US","34.0236","-118.2911","54.6","2023-01-07","0.89","0.00",,,,"69","50","  260","  270","6.9","10.1",,,
"USW00093134","LOS ANGELES DOWNTOWN USC, CA US","34.0236","-118.2911","54.6","2023-01-08","0.67","0.00",,,,"66","48","  260","   50","6.9","8.9",,,
"USW00093134","LOS ANGELES DOWNTOWN USC, CA US","34.0236","-118.2911","54.6","2023-01-09","5.59","2.04",,,,"60","53","   90","  110","12.1","19.9","    1",,
"USW00093134","LOS ANGELES DOWNTOWN USC, CA US","34.0236","-118.2911","54.6","2023-01-10","2.91","1.31",,,,"62","52","  270","  260","13.0","25.1","    1",,
"USW00093134","LOS ANGELES DOWNTOWN USC, CA US","34.0236","-118.2911","54.6","2023-01-11","0.45","0.00",,,,"63","47","  260","  260","6.0","11.0","    1",,
"USW00093134","LOS ANGELES DOWNTOWN USC, CA US","34.0236","-118.2911","54.6","2023-01-12","2.01","0.00",,,,"72","51","   70","   70","6.9","12.1",,,
"USW00093134","LOS ANGELES DOWNTOWN USC, CA US","34.0236","-118.2911","54.6","2023-01-13","0.45","0.00",,,,"67","51","  270","  270","6.9","12.1",,,
"USW00093134","LOS ANGELES DOWNTOWN USC, CA US","34.0236","-118.2911","54.6","2023-01-14","3.36","1.82",,,,"57","52","  100","   90","12.1","18.1","    1",,
"USW00093134","LOS ANGELES DOWNTOWN USC, CA US","34.0236","-118.2911","54.6","2023-01-15","2.68","0.69",,,,"60","51","  100","  100","14.1","21.9","    1",,
"USW00093134","LOS ANGELES DOWNTOWN USC, CA US","34.0236","-118.2911","54.6","2023-01-16","4.03","0.41",,,,"61","48","   80","  100","15.0","23.0","    1",,
"USW00093134","LOS ANGELES DOWNTOWN USC, CA US","34.0236","-118.2911","54.6","2023-01-17","1.34","0.00",,,,"60","43","  270","  280","8.9","16.1",,,
"USW00093134","LOS ANGELES DOWNTOWN USC, CA US","34.0236","-118.2911","54.6","2023-01-18","0.67","0.00",,,,"62","43","  260","  260","6.0","10.1",,,
"USW00093134","LOS ANGELES DOWNTOWN USC, CA US","34.0236","-118.2911","54.6","2023-01-19","0.89","0.00",,,,"59","43","  260","  260","6.0","11.0","    1",,"    1"
"USW00093134","LOS ANGELES DOWNTOWN USC, CA US","34.0236","-118.2911","54.6","2023-01-20","1.12","0.00",,,,"62","43","  260","  260","6.9","12.1",,,"    1"
"USW00093134","LOS ANGELES DOWNTOWN USC, CA US","34.0236","-118.2911","54.6","2023-01-21","0.67","0.00",,,,"65","42","  270","  270","6.9","10.1",,,
"USW00093134","LOS ANGELES DOWNTOWN USC, CA US","34.0236","-118.2911","54.6","2023-01-22","1.34","0.00",,,,"63","42","  360","  360","10.1","19.0",,,
"USW00093134","LOS ANGELES DOWNTOWN USC, CA US","34.0236","-118.2911","54.6","2023-01-23","1.34","0.00",,,,"67","46","   70","  360","10.1","16.1",,,
"USW00093134","LOS ANGELES DOWNTOWN USC, CA US","34.0236","-118.2911","54.6","2023-01-24","0.22","0.00",,,,"67","42","  270","  280","8.1","12.1",,,
"USW00093134","LOS ANGELES DOWNTOWN USC, CA US","34.0236","-118.2911","54.6","2023-01-25","0.89","0.00",,,,"73","43","  270","  270","6.9","13.0",,,
"USW00093134","LOS ANGELES DOWNTOWN USC, CA US","34.0236","-118.2911","54.6","2023-01-26","0.45","0.00",,,,"70","45","  270","  260","6.9","11.0",,,"    1"
"USW00093134","LOS ANGELES DOWNTOWN USC, CA US","34.0236","-118.2911","54.6","2023-01-27","0.89","0.00",,,,"69","46","  260","  270","6.9","12.1",,,
"USW00093134","LOS ANGELES DOWNTOWN USC, CA US","34.0236","-118.2911","54.6","2023-01-28","2.24","0.00",,,,"65","48","  140","   80","8.1","13.0",,,
"USW00093134","LOS ANGELES DOWNTOWN USC, CA US","34.0236","-118.2911","54.6","2023-01-29","2.68","0.18",,,,"60","50","  260","  260","10.1","19.9","    1",,
"USW00093134","LOS ANGELES DOWNTOWN USC, CA US","34.0236","-118.2911","54.6","2023-01-30","2.68","0.57",,,,"61","48","   90","   90","8.9","13.0","    1",,
"USW00093134","LOS ANGELES DOWNTOWN USC, CA US","34.0236","-118.2911","54.6","2023-01-31","0.67","0.00",,,,"67","43","  340","  350","6.9","12.1","    1",,"    1"
"USW00093134","LOS ANGELES DOWNTOWN USC, CA US","34.0236","-118.2911","54.6","2023-02-01","0.45","0.00",,,,"68","41","  270","  260","6.9","12.1",,,
"USW00093134","LOS ANGELES DOWNTOWN USC, CA US","34.0236","-118.2911","54.6","2023-02-02","0.89","0.00",,,,"70","43","  270","  270","6.9","10.1",,,"    1"
"USW00093134","LOS ANGELES DOWNTOWN USC, CA US","34.0236","-118.2911","54.6","2023-02-03","0.22","0.00",,,,"71","50","  260","  260","6.9","13.0",,,
"USW00093134","LOS ANGELES DOWNTOWN USC, CA US","34.0236","-118.2911","54.6","2023-02-04","0.45","0.00",,,,"71","47","  270","  260","6.9","13.0",,,"    1"
"USW00093134","LOS ANGELES DOWNTOWN USC, CA US","34.0236","-118.2911","54.6","2023-02-05","1.34","0.03",,,,"65","53","  260","  330","8.9","14.1","    1",,"    1"
"USW00093134","LOS ANGELES DOWNTOWN USC, CA US","34.0236","-118.2911","54.6","2023-02-06","2.46","0.00",,,,"72","52","  270","  280","8.9","16.1",,,
"USW00093134","LOS ANGELES DOWNTOWN USC, CA US","34.0236","-118.2911","54.6","2023-02-07","0.22","0.00",,,,"70","46","  260","  260","6.9","12.1",,,"    1"
"USW00093134","LOS ANGELES DOWNTOWN USC, CA US","34.0236","-118.2911","54.6","2023-02-08","1.12","0.00",,,,"73","47","  270","  260","8.9","13.0",,,
"USW00093134","LOS ANGELES DOWNTOWN USC, CA US","34.0236","-118.2911","54.6","2023-02-09","1.12","0.00",,,,"80","48","  270","  270","6.9","11.0",,,
"USW00093134","LOS ANGELES DOWNTOWN USC, CA US","34.0236","-118.2911","54.6","2023-02-10","2.01","0.00",,,,"77","52","  260","  270","8.1","14.1",,,
"USW00093134","LOS ANGELES DOWNTOWN USC, CA US","34.0236","-118.2911","54.6","2023-02-11","1.57","0.00",,,,"62","50","  260","  260","8.9","15.0",,,"    1"
"USW00093134","LOS ANGELES DOWNTOWN USC, CA US","34.0236","-118.2911","54.6","2023-02-12","1.57","0.00",,,,"61","45","  250","  270","8.1","14.1",,,
"USW00093134","LOS ANGELES DOWNTOWN USC, CA US","34.0236","-118.2911","54.6","2023-02-13","0.67","0.00",,,,"63","49","  110","  140","6.0","10.1",,,
"USW00093134","LOS ANGELES DOWNTOWN USC, CA US","34.0236","-118.2911","54.6","2023-02-14","3.36","0.00",,,,"60","48","   10","  350","13.0","21.9",,,
"USW00093134","LOS ANGELES DOWNTOWN USC, CA US","34.0236","-118.2911","54.6","2023-02-15","2.46","0.00",,,,"63","45","  320","  350","8.9","17.0",,,
"USW00093134","LOS ANGELES DOWNTOWN USC, CA US","34.0236","-118.2911","54.6","2023-02-16",,"0.00",,,,"64","40",,,,,,,"    1"
"USW00093134","LOS ANGELES DOWNTOWN USC, CA US","34.0236","-118.2911","54.6","2023-02-17","1.12","0.00",,,,"68","45","  260","  270","6.9","11.0",,,"    1"
"USW00093134","LOS ANGELES DOWNTOWN USC, CA US","34.0236","-118.2911","54.6","2023-02-18","1.57","0.00",,,,"69","49","  260","  260","10.1","15.0",,,
"USW00093134","LOS ANGELES DOWNTOWN USC, CA US","34.0236","-118.2911","54.6","2023-02-19","1.12","0.00",,,,"68","45","  280","  260","6.9","12.1",,,
"USW00093134","LOS ANGELES DOWNTOWN USC, CA US","34.0236","-118.2911","54.6","2023-02-20","1.79","0.00",,,,"74","50","  260","  270","8.1","13.0",,,
"USW00093134","LOS ANGELES DOWNTOWN USC, CA US","34.0236","-118.2911","54.6","2023-02-21","1.34","0.00",,,,"67","50","  260","  260","12.1","19.0",,,
"USW00093134","LOS ANGELES DOWNTOWN USC, CA US","34.0236","-118.2911","54.6","2023-02-22","6.93","0.00",,,,"57","46","  260","  270","16.1","30.0",,,
"USW00093134","LOS ANGELES DOWNTOWN USC, CA US","34.0236","-118.2911","54.6","2023-02-23","3.36","0.12",,,,"54","46","  270","  270","10.1","16.1","    1",,
"USW00093134","LOS ANGELES DOWNTOWN USC, CA US","34.0236","-118.2911","54.6","2023-02-24","8.05","2.29",,,,"55","45","  130","  130","18.1","33.1","    1",,
"USW00093134","LOS ANGELES DOWNTOWN USC, CA US","34.0236","-118.2911","54.6","2023-02-25","3.80","2.08",,,,"51","44","  100","  130","13.0","19.9","    1","    1",
"USW00093134","LOS ANGELES DOWNTOWN USC, CA US","34.0236","-118.2911","54.6","2023-02-26","1.12","0.07",,,,"56","40","  250","  260","6.9","12.1","    1",,
"USW00093134","LOS ANGELES DOWNTOWN USC, CA US","34.0236","-118.2911","54.6","2023-02-27","2.01","0.42",,,,"53","47","  100","  100","12.1","16.1","    1",,
"USW00093134","LOS ANGELES DOWNTOWN USC, CA US","34.0236","-118.2911","54.6","2023-02-28","2.01","0.94",,,,"58","45","  260","  270","10.1","18.1","    1",,
"USW00093134","LOS ANGELES DOWNTOWN USC, CA US","34.0236","-118.2911","54.6","2023-03-01","5.82","0.27",,,,"57","49","  340","  330","15.0","31.1","    1",,
"USW00093134","LOS ANGELES DOWNTOWN USC, CA US","34.0236","-118.2911","54.6","2023-03-02","1.79","0.00",,,,"63","44","  340","  330","8.9","17.0",,,
"USW00093134","LOS ANGELES DOWNTOWN USC, CA US","34.0236","-118.2911","54.6","2023-03-03","0.89","0.00",,,,"63","44","  270","  270","8.1","16.1","    1",,
"USW00093134","LOS ANGELES DOWNTOWN USC, CA US","34.0236","-118.2911","54.6","2023-03-04","1.12","0.00",,,,"61","46","   90","  260","8.9","16.1","    1",,
"USW00093134","LOS ANGELES DOWNTOWN USC, CA US","34.0236","-118.2911","54.6","2023-03-05","1.34","0.05",,,,"60","49","  270","  270","8.9","16.1","    1",,"    1"
"USW00093134","LOS ANGELES DOWNTOWN USC, CA US","34.0236","-118.2911","54.6","2023-03-06","1.34","0.01",,,,"62","48","  260","  280","10.1","18.1","    1",,
"USW00093134","LOS ANGELES DOWNTOWN USC, CA US","34.0236","-118.2911","54.6","2023-03-07","2.01","0.00",,,,"63","46","  260","  260","12.1","17.0",,,
"USW00093134","LOS ANGELES DOWNTOWN USC, CA US","34.0236","-118.2911","54.6","2023-03-08","1.79","0.00",,,,"62","49","  260","  270","8.9","15.0",,,"    1"
"USW00093134","LOS ANGELES DOWNTOWN USC, CA US","34.0236","-118.2911","54.6","2023-03-09","1.12","0.00",,,,"68","47","  260","  270","10.1","17.0",,,
"USW00093134","LOS ANGELES DOWNTOWN USC, CA US","34.0236","-118.2911","54.6","2023-03-10","5.59","0.81",,,,"57","52","  100","  110","10.1","15.0","    1",,
"USW00093134","LOS ANGELES DOWNTOWN USC, CA US","34.0236","-118.2911","54.6","2023-03-11","1.79","0.12",,,,"64","57","  100","   90","6.9","12.1","    1",,
"USW00093134","LOS ANGELES DOWNTOWN USC, CA US","34.0236","-118.2911","54.6","2023-03-12","0.45","0.00",,,,"64","55","  270","  260","8.1","13.0","    1",,
"USW00093134","LOS ANGELES DOWNTOWN USC, CA US","34.0236","-118.2911","54.6","2023-03-13","1.57","0.00",,,,"67","55","  260","  260","8.9","16.1","    1",,
"USW00093134","LOS ANGELES DOWNTOWN USC, CA US","34.0236","-118.2911","54.6","2023-03-14","3.80","1.89",,,,"60","56","   90","  100","10.1","16.1","    1",,
"USW00093134","LOS ANGELES DOWNTOWN USC, CA US","34.0236","-118.2911","54.6","2023-03-15","3.58","1.22",,,,"62","55","  100","   90","10.1","15.0","    1",,
"USW00093134","LOS ANGELES DOWNTOWN USC, CA US","34.0236","-118.2911","54.6","2023-03-16","1.12","0.00",,,,"62","52","  260","  260","6.9","13.0",,,
"USW00093134","LOS ANGELES DOWNTOWN USC, CA US","34.0236","-118.2911","54.6","2023-03-17","1.12","0.00",,,,"67","48","  260","  270","8.1","13.0","    1",,
"USW00093134","LOS ANGELES DOWNTOWN USC, CA US","34.0236","-118.2911","54.6","2023-03-18","2.01","0.00",,,,"77","51","  270","  270","8.9","14.1","    1",,
"USW00093134","LOS ANGELES DOWNTOWN USC, CA US","34.0236","-118.2911","54.6","2023-03-19","3.13","0.10",,,,"64","54","  100","  140","12.1","19.0","    1",,"    1"
"USW00093134","LOS ANGELES DOWNTOWN USC, CA US","34.0236","-118.2911","54.6","2023-03-20","1.34","0.13",,,,"64","54","  250","  260","8.1","14.1","    1",,
"USW00093134","LOS ANGELES DOWNTOWN USC, CA US","34.0236","-118.2911","54.6","2023-03-21","5.14","1.43",,,,"62","48","   90","  120","17.0","25.9","    1",,"    1"
"USW00093134","LOS ANGELES DOWNTOWN USC, CA US","34.0236","-118.2911","54.6","2023-03-22","2.68","0.33",,,,"60","47","  100","  110","8.1","14.1","    1",,
"USW00093134","LOS ANGELES DOWNTOWN USC, CA US","34.0236","-118.2911","54.6","2023-03-23","1.34","0.02",,,,"62","51","  260","  270","10.1","17.0","    1",,
"USW00093134","LOS ANGELES DOWNTOWN USC, CA US","34.0236","-118.2911","54.6","2023-03-24","5.37","0.00",,,,"67","54","  260","  300","14.1","21.9",,,
"USW00093134","LOS ANGELES DOWNTOWN USC, CA US","34.0236","-118.2911","54.6","2023-03-25","2.01","0.00",,,,"65","49","  340","  270","10.1","19.0",,,
"USW00093134","LOS ANGELES DOWNTOWN USC, CA US","34.0236","-118.2911","54.6","2023-03-26","4.70","0.00",,,,"68","51","  280","  280","13.0","23.9",,,
"USW00093134","LOS ANGELES DOWNTOWN USC, CA US","34.0236","-118.2911","54.6","2023-03-27","2.24","0.00",,,,"73","48","  260","  260","8.9","16.1",,,
"USW00093134","LOS ANGELES DOWNTOWN USC, CA US","34.0236","-118.2911","54.6","2023-03-28","2.01","0.00",,,,"72","52","  270","  260","10.1","17.0",,,
"USW00093134","LOS ANGELES DOWNTOWN USC, CA US","34.0236","-118.2911","54.6","2023-03-29","4.03","0.92",,,,"61","48","  100","  260","13.0","21.9","    1",,
"USW00093134","LOS ANGELES DOWNTOWN USC, CA US","34.0236","-118.2911","54.6","2023-03-30","2.46","0.41",,,,"60","47","  270","  270","10.1","17.0","    1",,
"USW00093134","LOS ANGELES DOWNTOWN USC, CA US","34.0236","-118.2911","54.6","2023-03-31","2.01","0.00",,,,"65","46","  260","  270","8.9","17.0",,,
"USW00093134","LOS ANGELES DOWNTOWN USC, CA US","34.0236","-118.2911","54.6","2023-04-01","1.57","0.00",,,,"71","48","  270","  260","10.1","16.1",,,
"USW00093134","LOS ANGELES DOWNTOWN USC, CA US","34.0236","-118.2911","54.6","2023-04-02","1.57","0.00",,,,"68","52","  260","  260","8.9","16.1",,,
"USW00093134","LOS ANGELES DOWNTOWN USC, CA US","34.0236","-118.2911","54.6","2023-04-03","4.47","0.00",,,,"65","52","  330","  320","14.1","28.0",,,
"USW00093134","LOS ANGELES DOWNTOWN USC, CA US","34.0236","-118.2911","54.6","2023-04-04","4.70","0.00",,,,"63","49","  260","  260","14.1","25.9",,,
"USW00093134","LOS ANGELES DOWNTOWN USC, CA US","34.0236","-118.2911","54.6","2023-04-05","1.79","0.00",,,,"70","48","  260","  260","12.1","17.0",,,"    1"
"USW00093134","LOS ANGELES DOWNTOWN USC, CA US","34.0236","-118.2911","54.6","2023-04-06","2.01","0.00",,,,"73","52","  260","  260","10.1","19.0",,,
"USW00093134","LOS ANGELES DOWNTOWN USC, CA US","34.0236","-118.2911","54.6","2023-04-07","1.12","0.00",,,,"72","55","  260","  260","10.1","17.0",,,"    1"
"USW00093134","LOS ANGELES DOWNTOWN USC, CA US","34.0236","-118.2911","54.6","2023-04-08","1.34","0.00",,,,"70","54","  260","  270","10.1","16.1",,,
"USW00093134","LOS ANGELES DOWNTOWN USC, CA US","34.0236","-118.2911","54.6","2023-04-09","2.01","0.00",,,,"72","55","  260","  260","8.1","13.0","    1",,"    1"
"USW00093134","LOS ANGELES DOWNTOWN USC, CA US","34.0236","-118.2911","54.6","2023-04-10","1.12","0.00",,,,"75","54","  270","  270","6.9","12.1","    1",,"    1"
"USW00093134","LOS ANGELES DOWNTOWN USC, CA US","34.0236","-118.2911","54.6","2023-04-11","0.45","0.00",,,,"68","55","  270","  280","8.1","13.0","    1",,"    1"
"USW00093134","LOS ANGELES DOWNTOWN USC, CA US","34.0236","-118.2911","54.6","2023-04-12","0.89","0.01",,,,"63","55","   90","   90","6.9","8.9","    1",,"    1"
"USW00093134","LOS ANGELES DOWNTOWN USC, CA US","34.0236","-118.2911","54.6","2023-04-13","0.89","0.05",,,,"60","54","  130","  140","8.9","14.1","    1",,"    1"
"USW00093134","LOS ANGELES DOWNTOWN USC, CA US","34.0236","-118.2911","54.6","2023-04-14","0.67","0.00",,,,"65","53","  270","  260","6.0","13.0",,,
"USW00093134","LOS ANGELES DOWNTOWN USC, CA US","34.0236","-118.2911","54.6","2023-04-15","1.57","0.00",,,,"71","51","  260","  270","10.1","17.0",,,
"USW00093134","LOS ANGELES DOWNTOWN USC, CA US","34.0236","-118.2911","54.6","2023-04-16","0.89","0.00",,,,"65","52","  260","  260","8.1","13.0",,,
"USW00093134","LOS ANGELES DOWNTOWN USC, CA US","34.0236","-118.2911","54.6","2023-04-17","0.89","0.00",,,,"67","55","  260","  260","8.9","14.1",,,"    1"
"USW00093134","LOS ANGELES DOWNTOWN USC, CA US","34.0236","-118.2911","54.6","2023-04-18","0.89","0.00",,,,"68","54","  260","  260","8.9","17.0",,,
"USW00093134","LOS ANGELES DOWNTOWN USC, CA US","34.0236","-118.2911","54.6","2023-04-19","1.79","0.00",,,,"71","52","  260","  260","8.9","18.1",,,"    1"
"USW00093134","LOS ANGELES DOWNTOWN USC, CA US","34.0236","-118.2911","54.6","2023-04-20","1.12","0.00",,,,"83","53","  270","  270","8.9","13.0",,,"    1"
"USW00093134","LOS ANGELES DOWNTOWN USC, CA US","34.0236","-118.2911","54.6","2023-04-21","1.79","0.00",,,,"89","60","  260","  260","8.9","16.1",,,"    1"
"USW00093134","LOS ANGELES DOWNTOWN USC, CA US","34.0236","-118.2911","54.6","2023-04-22","1.34","0.00",,,,"86","62","  260","  260","8.9","13.0",,,
"USW00093134","LOS ANGELES DOWNTOWN USC, CA US","34.0236","-118.2911","54.6","2023-04-23","1.57","0.00",,,,"75","59","  260","  270","8.9","15.0","    1",,"    1"
"USW00093134","LOS ANGELES DOWNTOWN USC, CA US","34.0236","-118.2911","54.6","2023-04-24","2.24","0.00",,,,"71","59","  260","  270","8.9","16.1",,,
"USW00093134","LOS ANGELES DOWNTOWN USC, CA US","34.0236","-118.2911","54.6","2023-04-25","1.79","0.00",,,,"71","57","  270","  270","8.1","14.1",,,"    1"
"USW00093134","LOS ANGELES DOWNTOWN USC, CA US","34.0236","-118.2911","54.6","2023-04-26","1.57","0.00",,,,"73","56","  280","  260","8.1","13.0","    1",,"    1"
"USW00093134","LOS ANGELES DOWNTOWN USC, CA US","34.0236","-118.2911","54.6","2023-04-27","1.12","0.00",,,,"71","56","  260","  270","8.1","13.0","    1",,"    1"
"USW00093134","LOS ANGELES DOWNTOWN USC, CA US","34.0236","-118.2911","54.6","2023-04-28","2.01","0.00",,,,"69","56","  260","  260","8.1","13.0","    1",,"    1"
"USW00093134","LOS ANGELES DOWNTOWN USC, CA US","34.0236","-118.2911","54.6","2023-04-29","1.12","0.00",,,,"74","56","  270","  260","8.1","16.1","    1",,"    1"
"USW00093134","LOS ANGELES DOWNTOWN USC, CA US","34.0236","-118.2911","54.6","2023-04-30",,"0.00",,,,"67","58",,,,,"    1",,"    1"
"USW00093134","LOS ANGELES DOWNTOWN USC, CA US","34.0236","-118.2911","54.6","2023-05-01","2.01","0.04",,,,"67","56","  270","  260","8.1","17.0","    1",,
"USW00093134","LOS ANGELES DOWNTOWN USC, CA US","34.0236","-118.2911","54.6","2023-05-02","2.01","0.00",,,,"65","53","  260","  260","10.1","18.1",,,
"USW00093134","LOS ANGELES DOWNTOWN USC, CA US","34.0236","-118.2911","54.6","2023-05-03","1.79","0.03",,,,"66","50","  260","  270","12.1","19.0",,,
"USW00093134","LOS ANGELES DOWNTOWN USC, CA US","34.0236","-118.2911","54.6","2023-05-04","2.91","0.47",,,,"66","52","  250","  270","8.1","14.1","    1",,
"USW00093134","LOS ANGELES DOWNTOWN USC, CA US","34.0236","-118.2911","54.6","2023-05-05",,"0.00",,,,"67","56",,,,,,,
"USW00093134","LOS ANGELES DOWNTOWN USC, CA US","34.0236","-118.2911","54.6","2023-05-06","1.34","0.00",,,,"68","53","  270","  260","10.1","17.0",,,
"USW00093134","LOS ANGELES DOWNTOWN USC, CA US","34.0236","-118.2911","54.6","2023-05-07","2.24","0.00",,,,"71","56","  250","  250","6.0","17.0",,,
"USW00093134","LOS ANGELES DOWNTOWN USC, CA US","34.0236","-118.2911","54.6","2023-05-08","1.57","0.00",,,,"72","58","  260","  270","8.9","15.0",,,"    1"
"USW00093134","LOS ANGELES DOWNTOWN USC, CA US","34.0236","-118.2911","54.6","2023-05-09","2.46","0.00",,,,"66","57","  260","  260","8.1","17.0",,,"    1"
"USW00093134","LOS ANGELES DOWNTOWN USC, CA US","34.0236","-118.2911","54.6","2023-05-10","2.01","0.00",,,,"69","56","  260","  280","8.1","14.1",,,
"USW00093134","LOS ANGELES DOWNTOWN USC, CA US","34.0236","-118.2911","54.6","2023-05-11","1.57","0.00",,,,"69","57","  260","  270","8.9","18.1",,,
"USW00093134","LOS ANGELES DOWNTOWN USC, CA US","34.0236","-118.2911","54.6","2023-05-12","2.01","0.00",,,,"74","55","  260","  260","8.9","15.0",,,
"USW00093134","LOS ANGELES DOWNTOWN USC, CA US","34.0236","-118.2911","54.6","2023-05-13","1.12","0.00",,,,"74","58","  280","  260","8.1","14.1","    1",,"    1"
"USW00093134","LOS ANGELES DOWNTOWN USC, CA US","34.0236","-118.2911","54.6","2023-05-14","1.57","0.00",,,,"77","60","  260","  270","8.9","15.0","    1",,"    1"
"USW00093134","LOS ANGELES DOWNTOWN USC, CA US","34.0236","-118.2911","54.6","2023-05-15","1.79","0.00",,,,"71","61","  260","  260","8.9","14.1",,,"    1"
"USW00093134","LOS ANGELES DOWNTOWN USC, CA US","34.0236","-118.2911","54.6","2023-05-16","1.79","0.00",,,,"73","58","  270","  260","8.1","15.0","    1",,
"USW00093134","LOS ANGELES DOWNTOWN USC, CA US","34.0236","-118.2911","54.6","2023-05-17","2.01","0.00",,,,"72","58","  270","  270","8.1","15.0","    1",,"    1"
"USW00093134","LOS ANGELES DOWNTOWN USC, CA US","34.0236","-118.2911","54.6","2023-05-18","1.79","0.00",,,,"74","60","  270","  270","8.1","13.0","    1",,"    1"
"USW00093134","LOS ANGELES DOWNTOWN USC, CA US","34.0236","-118.2911","54.6","2023-05-19","1.12","0.00",,,,"68","61","  270","  270","6.9","10.1","    1",,"    1"
"USW00093134","LOS ANGELES DOWNTOWN USC, CA US","34.0236","-118.2911","54.6","2023-05-20","1.34","0.00",,,,"74","62","  260","  270","8.1","15.0",,,"    1"
"USW00093134","LOS ANGELES DOWNTOWN USC, CA US","34.0236","-118.2911","54.6","2023-05-21","1.34","0.00",,,,"74","61","  280","  260","8.1","15.0","    1",,"    1"
"USW00093134","LOS ANGELES DOWNTOWN USC, CA US","34.0236","-118.2911","54.6","2023-05-22","0.67","0.00",,,,"69","61","  260","  270","8.1","13.0","    1",,"    1"
"USW00093134","LOS ANGELES DOWNTOWN USC, CA US","34.0236","-118.2911","54.6","2023-05-23","1.57","0.01",,,,"66","61","  280","  130","6.9","8.9","    1",,
"USW00093134","LOS ANGELES DOWNTOWN USC, CA US","34.0236","-118.2911","54.6","2023-05-24","0.89","0.00",,,,"68","59","  270","  260","6.9","11.0","    1",,
"USW00093134","LOS ANGELES DOWNTOWN USC, CA US","34.0236","-118.2911","54.6","2023-05-25","2.24","0.00",,,,"67","61","  260","  270","8.1","14.1",,,
"USW00093134","LOS ANGELES DOWNTOWN USC, CA US","34.0236","-118.2911","54.6","2023-05-26","1.12","0.00",,,,"69","58","  260","  270","8.9","19.9",,,
"USW00093134","LOS ANGELES DOWNTOWN USC, CA US","34.0236","-118.2911","54.6","2023-05-27","1.79","0.00",,,,"70","59","  270","  260","8.9","17.0",,,
"USW00093134","LOS ANGELES DOWNTOWN USC, CA US","34.0236","-118.2911","54.6","2023-05-28","1.79","0.00",,,,"68","59","  270","  270","8.1","12.1",,,
"USW00093134","LOS ANGELES DOWNTOWN USC, CA US","34.0236","-118.2911","54.6","2023-05-29","1.79","0.00",,,,"71","62","  260","  250","8.1","14.1",,,
"USW00093134","LOS ANGELES DOWNTOWN USC, CA US","34.0236","-118.2911","54.6","2023-05-30","2.91","0.00",,,,"69","61","  260","  270","10.1","17.0",,,
"USW00093134","LOS ANGELES DOWNTOWN USC, CA US","34.0236","-118.2911","54.6","2023-05-31","1.34","0.00",,,,"69","61","  260","  260","6.9","11.0",,,
"USW00093134","LOS ANGELES DOWNTOWN USC, CA US","34.0236","-118.2911","54.6","2023-06-01","0.67","0.00",,,,"67","61","  270","  260","6.0","8.9",,,"    1"
"USW00093134","LOS ANGELES DOWNTOWN USC, CA US","34.0236","-118.2911","54.6","2023-06-02","1.57","0.00",,,,"72","60","  260","  270","10.1","17.0",,,
"USW00093134","LOS ANGELES DOWNTOWN USC, CA US","34.0236","-118.2911","54.6","2023-06-03","1.79","0.00",,,,"73","58","  260","  270","10.1","15.0",,,
"USW00093134","LOS ANGELES DOWNTOWN USC, CA US","34.0236","-118.2911","54.6","2023-06-04","1.12","0.00",,,,"73","61","  260","  260","10.1","17.0",,,"    1"
"USW00093134","LOS ANGELES DOWNTOWN USC, CA US","34.0236","-118.2911","54.6","2023-06-05","0.67","0.00",,,,"68","60","  260","  270","6.9","11.0","    1",,"    1"
"USW00093134","LOS ANGELES DOWNTOWN USC, CA US","34.0236","-118.2911","54.6","2023-06-06","2.46","0.00",,,,"68","61","  260","  270","8.9","14.1",,,
"USW00093134","LOS ANGELES DOWNTOWN USC, CA US","34.0236","-118.2911","54.6","2023-06-07","1.34","0.00",,,,"71","60","  260","  270","10.1","14.1",,,
"USW00093134","LOS ANGELES DOWNTOWN USC, CA US","34.0236","-118.2911","54.6","2023-06-08","2.24","0.00",,,,"72","58","  260","  260","8.9","17.0",,,"    1"
"USW00093134","LOS ANGELES DOWNTOWN USC, CA US","34.0236","-118.2911","54.6","2023-06-09","2.46","0.00",,,,"69","60","  260","  260","8.9","14.1","    1",,
"USW00093134","LOS ANGELES DOWNTOWN USC, CA US","34.0236","-118.2911","54.6","2023-06-10","1.57","0.00",,,,"69","61","  260","  260","8.1","14.1",,,"    1"
"USW00093134","LOS ANGELES DOWNTOWN USC, CA US","34.0236","-118.2911","54.6","2023-06-11","1.79","0.00",,,,"69","62","  270","  260","6.9","12.1",,,
"USW00093134","LOS ANGELES DOWNTOWN USC, CA US","34.0236","-118.2911","54.6","2023-06-12","1.34","0.00",,,,"73","62","  260","  270","8.9","14.1",,,
"USW00093134","LOS ANGELES DOWNTOWN USC, CA US","34.0236","-118.2911","54.6","2023-06-13","1.34","0.00",,,,"71","61","  270","  270","8.1","16.1",,,
"USW00093134","LOS ANGELES DOWNTOWN USC, CA US","34.0236","-118.2911","54.6","2023-06-14","1.12","0.00",,,,"67","60","  260","  270","6.9","11.0",,,
"USW00093134","LOS ANGELES DOWNTOWN USC, CA US","34.0236","-118.2911","54.6","2023-06-15","1.34","0.00",,,,"71","63","  260","  270","8.1","13.0",,,
"USW00093134","LOS ANGELES DOWNTOWN USC, CA US","34.0236","-118.2911","54.6","2023-06-16","1.79","0.00",,,,"74","63","  260","  260","8.9","15.0",,,
"USW00093134","LOS ANGELES DOWNTOWN USC, CA US","34.0236","-118.2911","54.6","2023-06-17","2.24","0.00",,,,"79","63","  270","  270","12.1","17.0","    1",,"    1"
"USW00093134","LOS ANGELES DOWNTOWN USC, CA US","34.0236","-118.2911","54.6","2023-06-18","1.57","0.00",,,,"72","63","  260","  260","8.9","15.0",,,
"USW00093134","LOS ANGELES DOWNTOWN USC, CA US","34.0236","-118.2911","54.6","2023-06-19","2.01","0.00",,,,"73","62","  270","  280","8.1","14.1",,,"    1"
"USW00093134","LOS ANGELES DOWNTOWN USC, CA US","34.0236","-118.2911","54.6","2023-06-20","1.79","0.00",,,,"76","60","  270","  270","10.1","16.1",,,
"USW00093134","LOS ANGELES DOWNTOWN USC, CA US","34.0236","-118.2911","54.6","2023-06-21","2.24","0.00",,,,"79","60","  270","  270","10.1","16.1",,,
"USW00093134","LOS ANGELES DOWNTOWN USC, CA US","34.0236","-118.2911","54.6","2023-06-22","1.57","0.00",,,,"74","60","  270","  260","8.9","17.0",,,
"USW00093134","LOS ANGELES DOWNTOWN USC, CA US","34.0236","-118.2911","54.6","2023-06-23","2.46","0.00",,,,"75","59","  270","  260","10.1","16.1",,,"    1"
"USW00093134","LOS ANGELES DOWNTOWN USC, CA US","34.0236","-118.2911","54.6","2023-06-24","0.89","0.00",,,,"78","58","  260","  260","12.1","17.0",,,
"USW00093134","LOS ANGELES DOWNTOWN USC, CA US","34.0236","-118.2911","54.6","2023-06-25","1.57","0.00",,,,"76","60","  270","  270","8.9","15.0",,,
"USW00093134","LOS ANGELES DOWNTOWN USC, CA US","34.0236","-118.2911","54.6","2023-06-26","2.01","0.00",,,,"75","59","  260","  270","10.1","15.0",,,"    1"
"USW00093134","LOS ANGELES DOWNTOWN USC, CA US","34.0236","-118.2911","54.6","2023-06-27","1.34","0.00",,,,"77","60","  260","  270","8.1","14.1",,,
"USW00093134","LOS ANGELES DOWNTOWN USC, CA US","34.0236","-118.2911","54.6","2023-06-28","1.12","0.00",,,,"76","61","  260","  260","8.9","14.1",,,"    1"
"USW00093134","LOS ANGELES DOWNTOWN USC, CA US","34.0236","-118.2911","54.6","2023-06-29","1.57","0.00",,,,"78","61","  260","  270","8.9","13.0",,,"    1"
"USW00093134","LOS ANGELES DOWNTOWN USC, CA US","34.0236","-118.2911","54.6","2023-06-30","1.34","0.00",,,,"77","59","  280","  260","8.1","13.0","    1",,"    1"
"USW00093134","LOS ANGELES DOWNTOWN USC, CA US","34.0236","-118.2911","54.6","2023-07-01","1.12","0.00",,,,"79","63","  260","  260","8.9","14.1","    1",,"    1"
"USW00093134","LOS ANGELES DOWNTOWN USC, CA US","34.0236","-118.2911","54.6","2023-07-02","2.01","0.00",,,,"80","61","  270","  260","8.1","14.1","    1",,"    1"
"USW00093134","LOS ANGELES DOWNTOWN USC, CA US","34.0236","-118.2911","54.6","2023-07-03","1.34","0.00",,,,"80","60","  260","  270","8.1","13.0","    1",,"    1"
"USW00093134","LOS ANGELES DOWNTOWN USC, CA US","34.0236","-118.2911","54.6","2023-07-04","1.57","0.00",,,,"78","60","  260","  270","8.9","14.1","    1",,"    1"
"USW00093134","LOS ANGELES DOWNTOWN USC, CA US","34.0236","-118.2911","54.6","2023-07-05","1.79","0.00",,,,"79","61","  270","  260","8.9","14.1","    1",,"    1"
"USW00093134","LOS ANGELES DOWNTOWN USC, CA US","34.0236","-118.2911","54.6","2023-07-06","1.34","0.00",,,,"77","60","  260","  270","8.9","14.1","    1",,"    1"
"USW00093134","LOS ANGELES DOWNTOWN USC, CA US","34.0236","-118.2911","54.6","2023-07-07","2.01","0.00",,,,"77","61","  270","  260","8.1","14.1",,,"    1"
"USW00093134","LOS ANGELES DOWNTOWN USC, CA US","34.0236","-118.2911","54.6","2023-07-08","1.12","0.00",,,,"78","61","  260","  270","8.1","14.1",,,
"USW00093134","LOS ANGELES DOWNTOWN USC, CA US","34.0236","-118.2911","54.6","2023-07-09","1.79","0.00",,,,"78","62","  260","  270","8.9","15.0",,,
"USW00093134","LOS ANGELES DOWNTOWN USC, CA US","34.0236","-118.2911","54.6","2023-07-10","1.12","0.00",,,,"83","61","  270","  270","8.1","15.0",,,"    1"
"USW00093134","LOS ANGELES DOWNTOWN USC, CA US","34.0236","-118.2911","54.6","2023-07-11","1.79","0.00",,,,"83","62","  270","  280","8.1","12.1","    1",,"    1"
"USW00093134","LOS ANGELES DOWNTOWN USC, CA US","34.0236","-118.2911","54.6","2023-07-12","1.34","0.00",,,,"88","64","  260","  270","8.1","14.1",,,
"USW00093134","LOS ANGELES DOWNTOWN USC, CA US","34.0236","-118.2911","54.6","2023-07-13","2.46","0.00",,,,"90","64","  260","  270","8.1","16.1",,,
"USW00093134","LOS ANGELES DOWNTOWN USC, CA US","34.0236","-118.2911","54.6","2023-07-14","0.67","0.00",,,,"90","64","  260","  270","8.1","12.1",,,
"USW00093134","LOS ANGELES DOWNTOWN USC, CA US","34.0236","-118.2911","54.6","2023-07-15","1.12","0.00",,,,"87","65","  270","  270","8.9","13.0",,,
"USW00093134","LOS ANGELES DOWNTOWN USC, CA US","34.0236","-118.2911","54.6","2023-07-16","0.89","0.00",,,,"86","66","  280","  270","8.1","13.0","    1",,"    1"
"USW00093134","LOS ANGELES DOWNTOWN USC, CA US","34.0236","-118.2911","54.6","2023-07-17","0.89","0.00",,,,"91","68","  270","  280","8.1","13.0","    1",,"    1"
"USW00093134","LOS ANGELES DOWNTOWN USC, CA US","34.0236","-118.2911","54.6","2023-07-18","1.57","0.00",,,,"86","67","  260","  270","8.9","14.1","    1",,
"USW00093134","LOS ANGELES DOWNTOWN USC, CA US","34.0236","-118.2911","54.6","2023-07-19","1.57","0.00",,,,"88","67","  270","  260","10.1","15.0",,,
"USW00093134","LOS ANGELES DOWNTOWN USC, CA US","34.0236","-118.2911","54.6","2023-07-20","1.34","0.00",,,,"89","67","  270","  270","10.1","14.1",,,"    1"
"USW00093134","LOS ANGELES DOWNTOWN USC, CA US","34.0236","-118.2911","54.6","2023-07-21","1.12","0.00",,,,"83","66","  250","  270","8.1","12.1","    1",,
"USW00093134","LOS ANGELES DOWNTOWN USC, CA US","34.0236","-118.2911","54.6","2023-07-22","1.12","0.00",,,,"83","64","  260","  260","8.1","12.1","    1",,"    1"
"USW00093134","LOS ANGELES DOWNTOWN USC, CA US","34.0236","-118.2911","54.6","2023-07-23","1.34","0.00",,,,"89","67","  270","  280","10.1","15.0","    1",,"    1"
"USW00093134","LOS ANGELES DOWNTOWN USC, CA US","34.0236","-118.2911","54.6","2023-07-24","1.34","0.00",,,,"85","68","  260","  270","10.1","14.1",,,
"USW00093134","LOS ANGELES DOWNTOWN USC, CA US","34.0236","-118.2911","54.6","2023-07-25","1.57","0.00",,,,"90","68","  270","  260","8.1","13.0",,,"    1"
"USW00093134","LOS ANGELES DOWNTOWN USC, CA US","34.0236","-118.2911","54.6","2023-07-26","1.12","0.00",,,,"91","70","  260","  270","8.1","14.1",,,"    1"
"USW00093134","LOS ANGELES DOWNTOWN USC, CA US","34.0236","-118.2911","54.6","2023-07-27","2.01","0.00",,,,"92","69","  270","  270","12.1","15.0",,,
"USW00093134","LOS ANGELES DOWNTOWN USC, CA US","34.0236","-118.2911","54.6","2023-07-28","1.79","0.00",,,,"87","70","  270","  260","8.1","15.0",,,
"USW00093134","LOS ANGELES DOWNTOWN USC, CA US","34.0236","-118.2911","54.6","2023-07-29","0.89","0.00",,,,"92","70","  260","  270","8.9","14.1",,,"    1"
"USW00093134","LOS ANGELES DOWNTOWN USC, CA US","34.0236","-118.2911","54.6","2023-07-30","1.34","0.00",,,,"88","70","  260","  130","8.1","12.1","    1",,"    1"
"USW00093134","LOS ANGELES DOWNTOWN USC, CA US","34.0236","-118.2911","54.6","2023-07-31","0.89","0.00",,,,"91","72","  270","  260","6.9","11.0",,,"    1"
"USW00093134","LOS ANGELES DOWNTOWN USC, CA US","34.0236","-118.2911","54.6","2023-08-01","1.12","0.00",,,,"88","70","  270","  260","8.1","16.1",,,"    1"
"USW00093134","LOS ANGELES DOWNTOWN USC, CA US","34.0236","-118.2911","54.6","2023-08-02","0.89","0.00",,,,"87","67","  270","  280","8.1","13.0",,,
"USW00093134","LOS ANGELES DOWNTOWN USC, CA US","34.0236","-118.2911","54.6","2023-08-03","1.34","0.00",,,,"83","64","  260","  260","10.1","16.1",,,
"USW00093134","LOS ANGELES DOWNTOWN USC, CA US","34.0236","-118.2911","54.6","2023-08-04","0.89","0.00",,,,"84","65","  260","  270","8.9","15.0",,,
"USW00093134","LOS ANGELES DOWNTOWN USC, CA US","34.0236","-118.2911","54.6","2023-08-05","1.57","0.00",,,,"84","66","  260","  270","8.9","15.0",,,
"USW00093134","LOS ANGELES DOWNTOWN USC, CA US","34.0236","-118.2911","54.6","2023-08-06","1.12","0.00",,,,"87","66","  260","  260","8.1","12.1","    1",,"    1"
"USW00093134","LOS ANGELES DOWNTOWN USC, CA US","34.0236","-118.2911","54.6","2023-08-07","0.67","0.00",,,,"89","67","  260","  270","6.9","11.0","    1",,"    1"
"USW00093134","LOS ANGELES DOWNTOWN USC, CA US","34.0236","-118.2911","54.6","2023-08-08","0.67","0.00",,,,"90","66","  140","  150","6.9","15.0",,,
"USW00093134","LOS ANGELES DOWNTOWN USC, CA US","34.0236","-118.2911","54.6","2023-08-09","1.34","0.00",,,,"84","68","  260","  260","8.1","15.0",,,
"USW00093134","LOS ANGELES DOWNTOWN USC, CA US","34.0236","-118.2911","54.6","2023-08-10","1.79","0.00",,,,"83","68","  260","  270","8.9","15.0",,,
"USW00093134","LOS ANGELES DOWNTOWN USC, CA US","34.0236","-118.2911","54.6","2023-08-11","2.01","0.00",,,,"78","68","  270","  270","12.1","16.1",,,
"USW00093134","LOS ANGELES DOWNTOWN USC, CA US","34.0236","-118.2911","54.6","2023-08-12","1.57","0.00",,,,"83","68","  270","  280","8.9","14.1",,,"    1"
"USW00093134","LOS ANGELES DOWNTOWN USC, CA US","34.0236","-118.2911","54.6","2023-08-13","1.34","0.00",,,,"84","67","  260","  280","10.1","16.1","    1",,"    1"
"USW00093134","LOS ANGELES DOWNTOWN USC, CA US","34.0236","-118.2911","54.6","2023-08-14","1.34","0.00",,,,"82","67","  260","  270","8.9","15.0","    1",,"    1"
"USW00093134","LOS ANGELES DOWNTOWN USC, CA US","34.0236","-118.2911","54.6","2023-08-15","1.12","0.00",,,,"81","67","  260","  260","8.9","14.1","    1",,"    1"
"USW00093134","LOS ANGELES DOWNTOWN USC, CA US","34.0236","-118.2911","54.6","2023-08-16","2.68","0.00",,,,"84","67","  260","  270","10.1","18.1","    1",,
"USW00093134","LOS ANGELES DOWNTOWN USC, CA US","34.0236","-118.2911","54.6","2023-08-17","1.12","0.00",,,,"85","65","  260","  260","8.9","15.0","    1",,"    1"
"USW00093134","LOS ANGELES DOWNTOWN USC, CA US","34.0236","-118.2911","54.6","2023-08-18","1.34","0.00",,,,"82","64","  260","  260","8.1","13.0","    1",,"    1"
"USW00093134","LOS ANGELES DOWNTOWN USC, CA US","34.0236","-118.2911","54.6","2023-08-19","0.67","0.00",,,,"80","63","  270","  270","6.9","11.0",,,
"USW00093134","LOS ANGELES DOWNTOWN USC, CA US","34.0236","-118.2911","54.6","2023-08-20","2.46","2.48",,,,"79","67","  120","  130","10.1","19.0","    1",,"    1"
"USW00093134","LOS ANGELES DOWNTOWN USC, CA US","34.0236","-118.2911","54.6","2023-08-21","4.03","0.51",,,,"80","66","  130","  130","15.0","23.0","    1",,
"USW00093134","LOS ANGELES DOWNTOWN USC, CA US","34.0236","-118.2911","54.6","2023-08-22","1.79","0.00",,,,"82","65","  260","  260","8.9","15.0",,,
"USW00093134","LOS ANGELES DOWNTOWN USC, CA US","34.0236","-118.2911","54.6","2023-08-23","0.89","0.00",,,,"83","66","  270","  270","12.1","17.0","    1",,
"USW00093134","LOS ANGELES DOWNTOWN USC, CA US","34.0236","-118.2911","54.6","2023-08-24","1.57","0.00",,,,"79","65","  260","  260","8.1","13.0","    1",,"    1"
"USW00093134","LOS ANGELES DOWNTOWN USC, CA US","34.0236","-118.2911","54.6","2023-08-25","1.79","0.00",,,,"79","63","  260","  270","8.1","13.0","    1",,"    1"
"USW00093134","LOS ANGELES DOWNTOWN USC, CA US","34.0236","-118.2911","54.6","2023-08-26","1.34","0.00",,,,"84","63","  260","  270","8.9","14.1",,,"    1"
"USW00093134","LOS ANGELES DOWNTOWN USC, CA US","34.0236","-118.2911","54.6","2023-08-27","1.12","0.00",,,,"88","64","  260","  270","8.1","13.0","    1",,"    1"
"USW00093134","LOS ANGELES DOWNTOWN USC, CA US","34.0236","-118.2911","54.6","2023-08-28","1.34","0.00",,,,"95","68","  270","  260","8.9","15.0",,,"    1"
"USW00093134","LOS ANGELES DOWNTOWN USC, CA US","34.0236","-118.2911","54.6","2023-08-29","0.45","0.00",,,,"93","68","  270","  280","8.1","12.1",,,
"USW00093134","LOS ANGELES DOWNTOWN USC, CA US","34.0236","-118.2911","54.6","2023-08-30","0.67","0.00",,,,"94","67","  280","  280","6.9","12.1",,,"    1"
"USW00093134","LOS ANGELES DOWNTOWN USC, CA US","34.0236","-118.2911","54.6","2023-08-31","0.67","0.00",,,,"87","68","  260","  180","6.9","11.0","    1",,"    1"
"USW00093134","LOS ANGELES DOWNTOWN USC, CA US","34.0236","-118.2911","54.6","2023-09-01","2.24","0.00",,,,"84","70","  130","  130","8.1","14.1",,,"    1"
"USW00093134","LOS ANGELES DOWNTOWN USC, CA US","34.0236","-118.2911","54.6","2023-09-02","1.34","0.03",,,,"79","68","  270","  280","6.9","11.0","    1",,"    1"
"USW00093134","LOS ANGELES DOWNTOWN USC, CA US","34.0236","-118.2911","54.6","2023-09-03","2.01","0.00",,,,"79","67","  270","  260","10.1","16.1",,,
"USW00093134","LOS ANGELES DOWNTOWN USC, CA US","34.0236","-118.2911","54.6","2023-09-04","1.12","0.00",,,,"79","66","  260","  260","8.1","14.1",,,
"USW00093134","LOS ANGELES DOWNTOWN USC, CA US","34.0236","-118.2911","54.6","2023-09-05","1.34","0.00",,,,"76","65","  260","  270","8.1","12.1",,,
"USW00093134","LOS ANGELES DOWNTOWN USC, CA US","34.0236","-118.2911","54.6","2023-09-06","1.57","0.00",,,,"81","67","  270","  270","8.9","14.1",,,
"USW00093134","LOS ANGELES DOWNTOWN USC, CA US","34.0236","-118.2911","54.6","2023-09-07","0.89","0.00",,,,"83","64","  260","  270","8.1","14.1",,,
"USW00093134","LOS ANGELES DOWNTOWN USC, CA US","34.0236","-118.2911","54.6","2023-09-08","1.12","0.00",,,,"94","66","  270","  270","8.9","13.0",,,
"USW00093134","LOS ANGELES DOWNTOWN USC, CA US","34.0236","-118.2911","54.6","2023-09-09","1.57","0.00",,,,"90","70","  270","  260","8.1","14.1",,,
"USW00093134","LOS ANGELES DOWNTOWN USC, CA US","34.0236","-118.2911","54.6","2023-09-10","1.34","0.00",,,,"94","72","  270","  270","8.9","16.1",,,
"USW00093134","LOS ANGELES DOWNTOWN USC, CA US","34.0236","-118.2911","54.6","2023-09-11",,"0.00",,,,"89","70",,,,,,,
"USW00093134","LOS ANGELES DOWNTOWN USC, CA US","34.0236","-118.2911","54.6","2023-09-12","1.12","0.00",,,,"85","67","  260","  270","8.1","12.1","    1",,
"USW00093134","LOS ANGELES DOWNTOWN USC, CA US","34.0236","-118.2911","54.6","2023-09-13","1.57","0.00",,,,"79","67","  100","  260","8.1","12.1",,,
"USW00093134","LOS ANGELES DOWNTOWN USC, CA US","34.0236","-118.2911","54.6","2023-09-14","1.79","0.00",,,,"78","66","  270","  270","8.1","15.0",,,"    1"
"USW00093134","LOS ANGELES DOWNTOWN USC, CA US","34.0236","-118.2911","54.6","2023-09-15","0.89","0.00",,,,"76","67","  260","  260","6.9","13.0",,,"    1"
"USW00093134","LOS ANGELES DOWNTOWN USC, CA US","34.0236","-118.2911","54.6","2023-09-16",,"0.00",,,,"72","67",,,,,,,"    1"
"USW00093134","LOS ANGELES DOWNTOWN USC, CA US","34.0236","-118.2911","54.6","2023-09-17","1.12","0.00",,,,"74","67","  260","  270","6.9","12.1","    1",,"    1"
"USW00093134","LOS ANGELES DOWNTOWN USC, CA US","34.0236","-118.2911","54.6","2023-09-18","1.12","0.00",,,,"79","64","  260","  260","8.1","15.0",,,
"USW00093134","LOS ANGELES DOWNTOWN USC, CA US","34.0236","-118.2911","54.6","2023-09-19","1.34","0.00",,,,"79","63","  270","  270","10.1","18.1","    1",,"    1"
"USW00093134","LOS ANGELES DOWNTOWN USC, CA US","34.0236","-118.2911","54.6","2023-09-20","1.34","0.00",,,,"75","66","  260","  260","8.9","14.1",,,
"USW00093134","LOS ANGELES DOWNTOWN USC, CA US","34.0236","-118.2911","54.6","2023-09-21","0.89","0.00",,,,"74","62","  260","  270","8.9","16.1",,,"    1"
"USW00093134","LOS ANGELES DOWNTOWN USC, CA US","34.0236","-118.2911","54.6","2023-09-22","0.67","0.00",,,,"76","60","  260","  270","6.9","13.0",,,
"USW00093134","LOS ANGELES DOWNTOWN USC, CA US","34.0236","-118.2911","54.6","2023-09-23","0.89","0.00",,,,"76","60","  270","  260","8.1","12.1","    1",,"    1"
"USW00093134","LOS ANGELES DOWNTOWN USC, CA US","34.0236","-118.2911","54.6","2023-09-24","1.34","0.00",,,,"79","61","  270","  270","8.1","13.0","    1",,"    1"
"USW00093134","LOS ANGELES DOWNTOWN USC, CA US","34.0236","-118.2911","54.6","2023-09-25","0.89","0.00",,,,"77","59","  270","  270","8.1","13.0","    1",,"    1"
"USW00093134","LOS ANGELES DOWNTOWN USC, CA US","34.0236","-118.2911","54.6","2023-09-26","1.34","0.00",,,,"81","59","  260","  260","6.9","14.1",,,"    1"
"USW00093134","LOS ANGELES DOWNTOWN USC, CA US","34.0236","-118.2911","54.6","2023-09-27","0.67","0.00",,,,"80","62","  270","  260","8.1","13.0",,,"    1"
"USW00093134","LOS ANGELES DOWNTOWN USC, CA US","34.0236","-118.2911","54.6","2023-09-28","1.12","0.00",,,,"78","66","  280","  270","8.1","14.1",,,"    1"
"USW00093134","LOS ANGELES DOWNTOWN USC, CA US","34.0236","-118.2911","54.6","2023-09-29","1.12","0.00",,,,"73","66","  260","  260","8.1","12.1",,,
"USW00093134","LOS ANGELES DOWNTOWN USC, CA US","34.0236","-118.2911","54.6","2023-09-30","1.34","0.02",,,,"69","63","  270","  260","8.1","16.1",,,
"USW00093134","LOS ANGELES DOWNTOWN USC, CA US","34.0236","-118.2911","54.6","2023-10-01","1.57","0.00",,,,"70","59","  270","  270","8.1","13.0",,,
"USW00093134","LOS ANGELES DOWNTOWN USC, CA US","34.0236","-118.2911","54.6","2023-10-02","2.01","0.00",,,,"73","57","  260","  270","8.9","16.1",,,
"USW00093134","LOS ANGELES DOWNTOWN USC, CA US","34.0236","-118.2911","54.6","2023-10-03","0.89","0.00",,,,"82","60","  260","  270","8.1","12.1",,,
"USW00093134","LOS ANGELES DOWNTOWN USC, CA US","34.0236","-118.2911","54.6","2023-10-04","1.57","0.00",,,,"86","62","  260","  260","8.1","13.0",,,
"USW00093134","LOS ANGELES DOWNTOWN USC, CA US","34.0236","-118.2911","54.6","2023-10-05","1.57","0.00",,,,"96","65","  260","  270","10.1","16.1",,,"    1"
"USW00093134","LOS ANGELES DOWNTOWN USC, CA US","34.0236","-118.2911","54.6","2023-10-06","1.12","0.00",,,,"93","64","  260","  270","8.1","12.1",,,
"USW00093134","LOS ANGELES DOWNTOWN USC, CA US","34.0236","-118.2911","54.6","2023-10-07","0.89","0.00",,,,"89","65","  270","  270","8.1","12.1","    1",,"    1"
"USW00093134","LOS ANGELES DOWNTOWN USC, CA US","34.0236","-118.2911","54.6","2023-10-08","1.34","0.00",,,,"81","64","  270","  270","8.1","11.0","    1",,
"USW00093134","LOS ANGELES DOWNTOWN USC, CA US","34.0236","-118.2911","54.6","2023-10-09","0.45","0.00",,,,"78","63","  270","  270","8.1","16.1","    1",,"    1"
"USW00093134","LOS ANGELES DOWNTOWN USC, CA US","34.0236","-118.2911","54.6","2023-10-10","1.57","0.00",,,,"76","61","  270","  270","6.9","12.1",,,"    1"
"USW00093134","LOS ANGELES DOWNTOWN USC, CA US","34.0236","-118.2911","54.6","2023-10-11","2.24","0.00",,,,"77","63","  270","  270","10.1","19.9",,,"    1"
"USW00093134","LOS ANGELES DOWNTOWN USC, CA US","34.0236","-118.2911","54.6","2023-10-12","0.89","0.00",,,,"80","61","  270","  260","6.9","14.1",,,
"USW00093134","LOS ANGELES DOWNTOWN USC, CA US","34.0236","-118.2911","54.6","2023-10-13","0.22","0.00",,,,"80","60","  270","  270","6.9","12.1",,,
"USW00093134","LOS ANGELES DOWNTOWN USC, CA US","34.0236","-118.2911","54.6","2023-10-14","0.67","0.00",,,,"80","59","  260","  260","6.9","11.0",,,
"USW00093134","LOS ANGELES DOWNTOWN USC, CA US","34.0236","-118.2911","54.6","2023-10-15","1.12","0.00",,,,"88","60","  270","  260","6.9","13.0",,,
"USW00093134","LOS ANGELES DOWNTOWN USC, CA US","34.0236","-118.2911","54.6","2023-10-16","1.12","0.00",,,,"83","61","  260","  260","6.9","13.0",,,"    1"
"USW00093134","LOS ANGELES DOWNTOWN USC, CA US","34.0236","-118.2911","54.6","2023-10-17","0.89","0.00",,,,"81","64","  130","  260","6.9","8.9","    1",,"    1"
"USW00093134","LOS ANGELES DOWNTOWN USC, CA US","34.0236","-118.2911","54.6","2023-10-18","0.67","0.00",,,,"79","63","  250","  260","6.9","8.9","    1",,"    1"
"USW00093134","LOS ANGELES DOWNTOWN USC, CA US","34.0236","-118.2911","54.6","2023-10-19","1.12","0.00",,,,"81","63","  260","  270","6.9","11.0","    1","    1","    1"
"USW00093134","LOS ANGELES DOWNTOWN USC, CA US","34.0236","-118.2911","54.6","2023-10-20","0.00","0.00",,,,"85","63","  260","  270","6.0","8.9","    1",,"    1"
"USW00093134","LOS ANGELES DOWNTOWN USC, CA US","34.0236","-118.2911","54.6","2023-10-21","0.67","0.00",,,,"82","63","  270","  260","12.1","19.0",,,
"USW00093134","LOS ANGELES DOWNTOWN USC, CA US","34.0236","-118.2911","54.6","2023-10-22","1.12","0.00",,,,"76","59","  270","  270","10.1","16.1",,,
"USW00093134","LOS ANGELES DOWNTOWN USC, CA US","34.0236","-118.2911","54.6","2023-10-23","2.01","0.00",,,,"75","64","  270","  270","6.9","13.0",,,"    1"
"USW00093134","LOS ANGELES DOWNTOWN USC, CA US","34.0236","-118.2911","54.6","2023-10-24","1.34","0.00",,,,"76","60","  260","  270","8.1","14.1",,,"    1"
"USW00093134","LOS ANGELES DOWNTOWN USC, CA US","34.0236","-118.2911","54.6","2023-10-25","2.24","0.00",,,,"72","64","  260","  280","6.9","13.0",,,
"USW00093134","LOS ANGELES DOWNTOWN USC, CA US","34.0236","-118.2911","54.6","2023-10-26","1.12","0.00",,,,"72","62","  270","  270","8.9","15.0",,,
"USW00093134","LOS ANGELES DOWNTOWN USC, CA US","34.0236","-118.2911","54.6","2023-10-27","0.45","0.00",,,,"73","58","  260","  260","8.1","13.0",,,
"USW00093134","LOS ANGELES DOWNTOWN USC, CA US","34.0236","-118.2911","54.6","2023-10-28","0.22","0.00",,,,"74","54","  260","  270","6.0","13.0",,,
"USW00093134","LOS ANGELES DOWNTOWN USC, CA US","34.0236","-118.2911","54.6","2023-10-29","0.00","0.00",,,,"80","54","   20","  320","6.0","10.1",,,
"USW00093134","LOS ANGELES DOWNTOWN USC, CA US","34.0236","-118.2911","54.6","2023-10-30","0.00","0.00",,,,"81","49","  100","  270","4.9","8.9",,,
"USW00093134","LOS ANGELES DOWNTOWN USC, CA US","34.0236","-118.2911","54.6","2023-10-31","0.89","0.00",,,,"83","54","  270","  270","6.9","11.0",,,
"USW00093134","LOS ANGELES DOWNTOWN USC, CA US","34.0236","-118.2911","54.6","2023-11-01","1.79","0.00",,,,"86","60","  270","  260","8.1","12.1",,,
"USW00093134","LOS ANGELES DOWNTOWN USC, CA US","34.0236","-118.2911","54.6","2023-11-02","0.67","0.00",,,,"84","59","  260","  270","6.9","11.0",,,"    1"
"USW00093134","LOS ANGELES DOWNTOWN USC, CA US","34.0236","-118.2911","54.6","2023-11-03","0.45","0.00",,,,"82","55","  260","  270","6.9","10.1","    1","    1","    1"
"USW00093134","LOS ANGELES DOWNTOWN USC, CA US","34.0236","-118.2911","54.6","2023-11-04","0.67","0.00",,,,"78","53","  270","  280","6.9","11.0","    1","    1","    1"
"USW00093134","LOS ANGELES DOWNTOWN USC, CA US","34.0236","-118.2911","54.6","2023-11-05","0.67","0.00",,,,"81","54","  260","  260","6.9","8.9","    1",,"    1"
"USW00093134","LOS ANGELES DOWNTOWN USC, CA US","34.0236","-118.2911","54.6","2023-11-06","0.67","0.00",,,,"76","55","  260","  270","6.9","11.0","    1",,"    1"
"USW00093134","LOS ANGELES DOWNTOWN USC, CA US","34.0236","-118.2911","54.6","2023-11-07","1.12","0.00",,,,"72","62","  340","  280","8.1","15.0",,,
"USW00093134","LOS ANGELES DOWNTOWN USC, CA US","34.0236","-118.2911","54.6","2023-11-08","1.12","0.00",,,,"78","54","  360","  350","8.9","15.0",,,"    1"
"USW00093134","LOS ANGELES DOWNTOWN USC, CA US","34.0236","-118.2911","54.6","2023-11-09","0.22","0.00",,,,"79","51","  170","  150","6.0","11.0",,,"    1"
"USW00093134","LOS ANGELES DOWNTOWN USC, CA US","34.0236","-118.2911","54.6","2023-11-10","0.22","0.00",,,,"76","52","  270","  270","6.9","11.0",,,
"USW00093134","LOS ANGELES DOWNTOWN USC, CA US","34.0236","-118.2911","54.6","2023-11-11","1.12","0.00",,,,"81","50","  270","  270","6.9","11.0",,,
"USW00093134","LOS ANGELES DOWNTOWN USC, CA US","34.0236","-118.2911","54.6","2023-11-12","1.12","0.00",,,,"85","56","  270","  270","6.0","10.1",,,
"USW00093134","LOS ANGELES DOWNTOWN USC, CA US","34.0236","-118.2911","54.6","2023-11-13","0.89","0.00",,,,"77","55","  130","  130","6.9","10.1",,,
"USW00093134","LOS ANGELES DOWNTOWN USC, CA US","34.0236","-118.2911","54.6","2023-11-14","0.89","0.00",,,,"79","51","  260","  270","6.9","13.0",,,"    1"
"USW00093134","LOS ANGELES DOWNTOWN USC, CA US","34.0236","-118.2911","54.6","2023-11-15","2.24","0.34",,,,"72","55","   80","   80","12.1","19.0","    1",,"    1"
"USW00093134","LOS ANGELES DOWNTOWN USC, CA US","34.0236","-118.2911","54.6","2023-11-16","1.57","0.00",,,,"74","60","  260","  270","8.1","11.0","    1",,
"USW00093134","LOS ANGELES DOWNTOWN USC, CA US","34.0236","-118.2911","54.6","2023-11-17","2.24","0.00",,,,"76","58","  270","  140","8.1","13.0",,,
"USW00093134","LOS ANGELES DOWNTOWN USC, CA US","34.0236","-118.2911","54.6","2023-11-18","2.01","0.02",,,,"70","63","  260","  270","6.9","13.0","    1",,
"USW00093134","LOS ANGELES DOWNTOWN USC, CA US","34.0236","-118.2911","54.6","2023-11-19","2.24","0.00",,,,"73","57","  320","  270","12.1","21.0","    1",,
"USW00093134","LOS ANGELES DOWNTOWN USC, CA US","34.0236","-118.2911","54.6","2023-11-20",,"0.00",,,,"74","51",,,,,,,
"USW00093134","LOS ANGELES DOWNTOWN USC, CA US","34.0236","-118.2911","54.6","2023-11-21","0.45","0.00",,,,"81","51","  260","  260","6.0","8.9",,,"    1"
"USW00093134","LOS ANGELES DOWNTOWN USC, CA US","34.0236","-118.2911","54.6","2023-11-22","0.67","0.00",,,,"82","56","  260","  260","8.1","12.1",,,"    1"
"USW00093134","LOS ANGELES DOWNTOWN USC, CA US","34.0236","-118.2911","54.6","2023-11-23","1.79","0.00",,,,"72","58","  140","  140","8.9","13.0",,,
"USW00093134","LOS ANGELES DOWNTOWN USC, CA US","34.0236","-118.2911","54.6","2023-11-24","0.45","0.00",,,,"70","57","  250","  270","6.9","13.0",,,
"USW00093134","LOS ANGELES DOWNTOWN USC, CA US","34.0236","-118.2911","54.6","2023-11-25","0.67","0.00",,,,"70","54","  270","  260","6.0","10.1",,,
"USW00093134","LOS ANGELES DOWNTOWN USC, CA US","34.0236","-118.2911","54.6","2023-11-26","1.12","0.00",,,,"71","50","   90","   90","8.1","11.0",,,
"USW00093134","LOS ANGELES DOWNTOWN USC, CA US","34.0236","-118.2911","54.6","2023-11-27","0.45","0.00",,,,"73","52","   60","   30","6.0","8.9",,,"    1"
"USW00093134","LOS ANGELES DOWNTOWN USC, CA US","34.0236","-118.2911","54.6","2023-11-28","0.22","0.00",,,,"72","51","  270","  270","6.9","11.0",,,"    1"
"USW00093134","LOS ANGELES DOWNTOWN USC, CA US","34.0236","-118.2911","54.6","2023-11-29","0.45","0.00",,,,"67","50","  270","  270","8.9","18.1",,,"    1"
"USW00093134","LOS ANGELES DOWNTOWN USC, CA US","34.0236","-118.2911","54.6","2023-11-30","0.89","0.00",,,,"67","51","  260","  280","8.9","15.0",,,
"USW00093134","LOS ANGELES DOWNTOWN USC, CA US","34.0236","-118.2911","54.6","2023-12-01","2.01","0.00",,,,"68","54","  340","  360","8.9","21.9",,,
"USW00093134","LOS ANGELES DOWNTOWN USC, CA US","34.0236","-118.2911","54.6","2023-12-02","1.12","0.00",,,,"68","49","  260","  270","8.9","13.0",,,
"USW00093134","LOS ANGELES DOWNTOWN USC, CA US","34.0236","-118.2911","54.6","2023-12-03","0.67","0.00",,,,"69","49","  100","  260","6.0","8.9","    1",,"    1"
"USW00093134","LOS ANGELES DOWNTOWN USC, CA US","34.0236","-118.2911","54.6","2023-12-04","0.22","0.00",,,,"77","51","  280","  270","6.9","8.9","    1",,"    1"
"USW00093134","LOS ANGELES DOWNTOWN USC, CA US","34.0236","-118.2911","54.6","2023-12-05","0.89","0.00",,,,"83","54","  270","  270","6.9","10.1",,,
"USW00093134","LOS ANGELES DOWNTOWN USC, CA US","34.0236","-118.2911","54.6","2023-12-06","0.22","0.00",,,,"74","55","   90","   90","6.0","8.9",,,"    1"
"USW00093134","LOS ANGELES DOWNTOWN USC, CA US","34.0236","-118.2911","54.6","2023-12-07","2.01","0.00",,,,"68","56","  270","  260","8.9","14.1",,,"    1"
"USW00093134","LOS ANGELES DOWNTOWN USC, CA US","34.0236","-118.2911","54.6","2023-12-08","0.67","0.00",,,,"69","50","  260","  270","6.9","11.0",,,
"USW00093134","LOS ANGELES DOWNTOWN USC, CA US","34.0236","-118.2911","54.6","2023-12-09","0.00","0.00",,,,"72","48","  270","  280","2.9","6.0",,,
"USW00093134","LOS ANGELES DOWNTOWN USC, CA US","34.0236","-118.2911","54.6","2023-12-10","1.12","0.00",,,,"76","50","  270","   10","6.0","11.0",,,
"USW00093134","LOS ANGELES DOWNTOWN USC, CA US","34.0236","-118.2911","54.6","2023-12-11","0.89","0.00",,,,"75","52","  280","  280","6.9","8.9",,,
"USW00093134","LOS ANGELES DOWNTOWN USC, CA US","34.0236","-118.2911","54.6","2023-12-12","0.89","0.00",,,,"69","49","  270","  280","6.0","10.1","    1",,"    1"
"USW00093134","LOS ANGELES DOWNTOWN USC, CA US","34.0236","-118.2911","54.6","2023-12-13","0.67","0.00",,,,"69","54","  270","  260","6.9","12.1","    1",,"    1"
"USW00093134","LOS ANGELES DOWNTOWN USC, CA US","34.0236","-118.2911","54.6","2023-12-14","0.67","0.00",,,,"75","49","   10","  270","6.0","8.1",,,
"USW00093134","LOS ANGELES DOWNTOWN USC, CA US","34.0236","-118.2911","54.6","2023-12-15","1.79","0.00",,,,"79","55","   90","   90","6.9","11.0",,,"    1"
"USW00093134","LOS ANGELES DOWNTOWN USC, CA US","34.0236","-118.2911","54.6","2023-12-16","1.34","0.00",,,,"80","55","  260","  260","8.1","15.0",,,
"USW00093134","LOS ANGELES DOWNTOWN USC, CA US","34.0236","-118.2911","54.6","2023-12-17","1.12","0.00",,,,"79","58","  290","  270","6.0","10.1",,,
"USW00093134","LOS ANGELES DOWNTOWN USC, CA US","34.0236","-118.2911","54.6","2023-12-18","0.89","0.02",,,,"73","58","  270","  270","6.9","12.1",,,"    1"
"USW00093134","LOS ANGELES DOWNTOWN USC, CA US","34.0236","-118.2911","54.6","2023-12-19","1.57","0.19",,,,"68","59","   90","   90","8.1","12.1","    1",,
"USW00093134","LOS ANGELES DOWNTOWN USC, CA US","34.0236","-118.2911","54.6","2023-12-20","3.58","0.41",,,,"66","61","  130","  130","8.9","13.0","    1",,
"USW00093134","LOS ANGELES DOWNTOWN USC, CA US","34.0236","-118.2911","54.6","2023-12-21","2.24","0.89",,,,"65","60","  100","  100","8.9","13.0","    1",,
"USW00093134","LOS ANGELES DOWNTOWN USC, CA US","34.0236","-118.2911","54.6","2023-12-22","2.24","0.58",,,,"68","57","   70","  100","14.1","23.9","    1",,
"USW00093134","LOS ANGELES DOWNTOWN USC, CA US","34.0236","-118.2911","54.6","2023-12-23","0.45","0.00",,,,"66","54","  260","  260","6.9","12.1","    1",,
"USW00093134","LOS ANGELES DOWNTOWN USC, CA US","34.0236","-118.2911","54.6","2023-12-24","0.67","0.00",,,,"67","54","  270","  270","6.9","12.1","    1",,
"USW00093134","LOS ANGELES DOWNTOWN USC, CA US","34.0236","-118.2911","54.6","2023-12-25","0.45","0.00",,,,"68","49","  260","  260","6.9","11.0","    1",,
"USW00093134","LOS ANGELES DOWNTOWN USC, CA US","34.0236","-118.2911","54.6","2023-12-26","0.67","0.00",,,,"69","51","  250","  260","6.9","12.1","    1",,
"USW00093134","LOS ANGELES DOWNTOWN USC, CA US","34.0236","-118.2911","54.6","2023-12-27","0.67","0.00",,,,"66","52","  270","  270","8.1","13.0","    1",,"    1"
"USW00093134","LOS ANGELES DOWNTOWN USC, CA US","34.0236","-118.2911","54.6","2023-12-28","0.89","0.00",,,,"67","51","  260","  280","6.9","11.0","    1",,"    1"
"USW00093134","LOS ANGELES DOWNTOWN USC, CA US","34.0236","-118.2911","54.6","2023-12-29","0.45","0.00",,,,"67","51","  270","  270","6.9","12.1","    1",,"    1"
"USW00093134","LOS ANGELES DOWNTOWN USC, CA US","34.0236","-118.2911","54.6","2023-12-30","2.91","0.73",,,,"63","52","  120","  120","8.9","15.0","    1",,"    1"
"USW00093134","LOS ANGELES DOWNTOWN USC, CA US","34.0236","-118.2911","54.6","2023-12-31","1.34","0.00",,,,"61","52","  130","  140","6.9","11.0","    1",,
"USW00093134","LOS ANGELES DOWNTOWN USC, CA US","34.0236","-118.2911","54.6","2024-01-01","1.12","0.00",,,,"67","50","   90","   60","6.9","10.1","    1",,"    1"
"USW00093134","LOS ANGELES DOWNTOWN USC, CA US","34.0236","-118.2911","54.6","2024-01-02","1.12","0.00",,,,"68","45","  270","  270","8.1","13.0","    1",,
"USW00093134","LOS ANGELES DOWNTOWN USC, CA US","34.0236","-118.2911","54.6","2024-01-03","1.57","0.22",,,,"65","51","  260","  270","10.1","18.1","    1",,"    1"
"USW00093134","LOS ANGELES DOWNTOWN USC, CA US","34.0236","-118.2911","54.6","2024-01-04","1.79","0.00",,,,"66","50","  350","  270","8.1","13.0",,,
"USW00093134","LOS ANGELES DOWNTOWN USC, CA US","34.0236","-118.2911","54.6","2024-01-05","1.12","0.00",,,,"66","47","  280","  280","6.9","11.0",,,
"USW00093134","LOS ANGELES DOWNTOWN USC, CA US","34.0236","-118.2911","54.6","2024-01-06","1.12","0.00",,,,"65","44","  280","  280","6.9","12.1",,,
"USW00093134","LOS ANGELES DOWNTOWN USC, CA US","34.0236","-118.2911","54.6","2024-01-07","5.59","0.00",,,,"58","49","  330","  330","14.1","23.9",,,
"USW00093134","LOS ANGELES DOWNTOWN USC, CA US","34.0236","-118.2911","54.6","2024-01-08","1.12","0.00",,,,"62","43","  340","  350","12.1","19.9",,,"    1"
"USW00093134","LOS ANGELES DOWNTOWN USC, CA US","34.0236","-118.2911","54.6","2024-01-09","0.45","0.00",,,,"65","44","  260","  270","6.9","10.1",,,"    1"
"USW00093134","LOS ANGELES DOWNTOWN USC, CA US","34.0236","-118.2911","54.6","2024-01-10","1.12","0.00",,,,"63","44","  260","  260","8.1","13.0",,,
"USW00093134","LOS ANGELES DOWNTOWN USC, CA US","34.0236","-118.2911","54.6","2024-01-11","1.34","0.00",,,,"64","47","  350","  350","12.1","19.0",,,
"USW00093134","LOS ANGELES DOWNTOWN USC, CA US","34.0236","-118.2911","54.6","2024-01-12","1.12","0.00",,,,"64","42","  270","  280","8.1","13.0",,,"    1"
"USW00093134","LOS ANGELES DOWNTOWN USC, CA US","34.0236","-118.2911","54.6","2024-01-13","0.89","0.00",,,,"64","43","  270","  260","8.1","12.1",,,
"USW00093134","LOS ANGELES DOWNTOWN USC, CA US","34.0236","-118.2911","54.6","2024-01-14","0.67","0.00",,,,"64","47","  260","  270","6.0","10.1",,,
"USW00093134","LOS ANGELES DOWNTOWN USC, CA US","34.0236","-118.2911","54.6","2024-01-15","0.67","0.00",,,,"67","48","  260","  260","8.1","12.1","    1",,"    1"
"USW00093134","LOS ANGELES DOWNTOWN USC, CA US","34.0236","-118.2911","54.6","2024-01-16","0.67","0.00",,,,"70","48","  260","  260","8.9","14.1","    1",,"    1"
"USW00093134","LOS ANGELES DOWNTOWN USC, CA US","34.0236","-118.2911","54.6","2024-01-17","0.89","0.00",,,,"61","56","  110","  270","6.0","6.9","    1",,"    1"
"USW00093134","LOS ANGELES DOWNTOWN USC, CA US","34.0236","-118.2911","54.6","2024-01-18","1.34","0.00",,,,"68","53","  280","  270","8.1","13.0","    1",,"    1"
"USW00093134","LOS ANGELES DOWNTOWN USC, CA US","34.0236","-118.2911","54.6","2024-01-19","0.89","0.00",,,,"70","53","  270","  260","8.1","12.1","    1",,"    1"
"USW00093134","LOS ANGELES DOWNTOWN USC, CA US","34.0236","-118.2911","54.6","2024-01-20","3.13","0.41",,,,"60","56","   90","   90","12.1","17.0","    1",,"    1"
"USW00093134","LOS ANGELES DOWNTOWN USC, CA US","34.0236","-118.2911","54.6","2024-01-21","1.79","0.00",,,,"67","57","  100","  110","6.9","11.0","    1",,
"USW00093134","LOS ANGELES DOWNTOWN USC, CA US","34.0236","-118.2911","54.6","2024-01-22","4.70","1.37",,,,"60","56","  110","  100","16.1","23.9","    1",,"    1"
"USW00093134","LOS ANGELES DOWNTOWN USC, CA US","34.0236","-118.2911","54.6","2024-01-23","1.79","0.00",,,,"68","52","  100","  250","8.1","14.1","    1","    1","    1"
"USW00093134","LOS ANGELES DOWNTOWN USC, CA US","34.0236","-118.2911","54.6","2024-01-24","1.57","0.00",,,,"64","57","  270","  120","6.0","8.9",,,
"USW00093134","LOS ANGELES DOWNTOWN USC, CA US","34.0236","-118.2911","54.6","2024-01-25","1.12","0.05",,,,"66","55","  260","  270","8.1","14.1","    1",,
"USW00093134","LOS ANGELES DOWNTOWN USC, CA US","34.0236","-118.2911","54.6","2024-01-26","0.89","0.00",,,,"74","49","  270","  260","6.9","11.0",,,
"USW00093134","LOS ANGELES DOWNTOWN USC, CA US","34.0236","-118.2911","54.6","2024-01-27","0.45","0.00",,,,"78","52","  260","  260","6.0","10.1",,,
"USW00093134","LOS ANGELES DOWNTOWN USC, CA US","34.0236","-118.2911","54.6","2024-01-28","0.45","0.00",,,,"80","53","  260","  260","8.1","13.0",,,
"USW00093134","LOS ANGELES DOWNTOWN USC, CA US","34.0236","-118.2911","54.6","2024-01-29","1.57","0.00",,,,"80","54","  270","  270","8.1","15.0",,,
"USW00093134","LOS ANGELES DOWNTOWN USC, CA US","34.0236","-118.2911","54.6","2024-01-30","0.67","0.00",,,,"75","51","  260","  270","6.9","10.1",,,"    1"
"USW00093134","LOS ANGELES DOWNTOWN USC, CA US","34.0236","-118.2911","54.6","2024-01-31","1.79","0.00",,,,"69","53","  110","  110","10.1","15.0",,,"    1"
"USW00093134","LOS ANGELES DOWNTOWN USC, CA US","34.0236","-118.2911","54.6","2024-02-01","5.37","1.54",,,,"59","50","   90","  110","19.9","32.0","    1",,
"USW00093134","LOS ANGELES DOWNTOWN USC, CA US","34.0236","-118.2911","54.6","2024-02-02","1.57","0.00",,,,"63","48","  270","  260","12.1","19.0",,,
"USW00093134","LOS ANGELES DOWNTOWN USC, CA US","34.0236","-118.2911","54.6","2024-02-03","1.12","0.15",,,,"62","47","  100","  110","8.9","15.0","    1",,"    1"
"USW00093134","LOS ANGELES DOWNTOWN USC, CA US","34.0236","-118.2911","54.6","2024-02-04","7.16","4.10",,,,"60","52","   80","  140","14.1","25.9","    1",,
"USW00093134","LOS ANGELES DOWNTOWN USC, CA US","34.0236","-118.2911","54.6","2024-02-05","4.25","2.93",,,,"58","54","  100","  110","12.1","17.0","    1",,
"USW00093134","LOS ANGELES DOWNTOWN USC, CA US","34.0236","-118.2911","54.6","2024-02-06","1.12","1.48",,,,"56","50","  110","   80","8.1","14.1","    1",,
"USW00093134","LOS ANGELES DOWNTOWN USC, CA US","34.0236","-118.2911","54.6","2024-02-07","1.34","0.37",,,,"60","47","  260","  260","10.1","19.9","    1",,
"USW00093134","LOS ANGELES DOWNTOWN USC, CA US","34.0236","-118.2911","54.6","2024-02-08","1.12","0.00",,,,"60","43","  260","  270","6.9","13.0",,,
"USW00093134","LOS ANGELES DOWNTOWN USC, CA US","34.0236","-118.2911","54.6","2024-02-09","2.68","0.00",,,,"62","49","  340","  350","8.9","21.0",,,
"USW00093134","LOS ANGELES DOWNTOWN USC, CA US","34.0236","-118.2911","54.6","2024-02-10","1.57","0.00",,,,"66","48","   90","  320","8.1","18.1",,,
"USW00093134","LOS ANGELES DOWNTOWN USC, CA US","34.0236","-118.2911","54.6","2024-02-11","1.12","0.00",,,,"66","44","  260","  260","8.1","15.0",,,
"USW00093134","LOS ANGELES DOWNTOWN USC, CA US","34.0236","-118.2911","54.6","2024-02-12","1.57","0.00",,,,"68","46","  270","  270","8.1","15.0",,,
"USW00093134","LOS ANGELES DOWNTOWN USC, CA US","34.0236","-118.2911","54.6","2024-02-13","1.12","0.00",,,,"67","46","  270","  270","8.9","17.0",,,"    1"
"USW00093134","LOS ANGELES DOWNTOWN USC, CA US","34.0236","-118.2911","54.6","2024-02-14","0.67","0.00",,,,"65","53","  260","  250","8.1","15.0","    1",,"    1"
"USW00093134","LOS ANGELES DOWNTOWN USC, CA US","34.0236","-118.2911","54.6","2024-02-15","1.12","0.00",,,,"65","50","  260","  280","8.1","16.1",,,"    1"
"USW00093134","LOS ANGELES DOWNTOWN USC, CA US","34.0236","-118.2911","54.6","2024-02-16","1.34","0.00",,,,"68","56","  270","  260","8.9","16.1","    1",,"    1"
"USW00093134","LOS ANGELES DOWNTOWN USC, CA US","34.0236","-118.2911","54.6","2024-02-17","0.22","0.01",,,,"64","56","  270","  280","6.9","15.0","    1",,"    1"
"USW00093134","LOS ANGELES DOWNTOWN USC, CA US","34.0236","-118.2911","54.6","2024-02-18","1.34","0.01",,,,"65","55","  270","  260","8.1","15.0","    1",,
"USW00093134","LOS ANGELES DOWNTOWN USC, CA US","34.0236","-118.2911","54.6","2024-02-19","4.03","1.05",,,,"59","56","  100","  120","8.9","17.0","    1",,
"USW00093134","LOS ANGELES DOWNTOWN USC, CA US","34.0236","-118.2911","54.6","2024-02-20","3.13","0.69",,,,"60","57","  130","  120","10.1","18.1","    1",,
"USW00093134","LOS ANGELES DOWNTOWN USC, CA US","34.0236","-118.2911","54.6","2024-02-21","1.34","0.23",,,,"65","54","  270","  250","8.1","16.1","    1",,
"USW00093134","LOS ANGELES DOWNTOWN USC, CA US","34.0236","-118.2911","54.6","2024-02-22","1.57","0.00",,,,"68","53","  260","  260","8.1","14.1","    1",,
"USW00093134","LOS ANGELES DOWNTOWN USC, CA US","34.0236","-118.2911","54.6","2024-02-23","0.67","0.00",,,,"79","53","   80","   60","6.9","12.1",,,
"USW00093134","LOS ANGELES DOWNTOWN USC, CA US","34.0236","-118.2911","54.6","2024-02-24","0.45","0.00",,,,"77","58","  250","  280","6.9","14.1",,,
"USW00093134","LOS ANGELES DOWNTOWN USC, CA US","34.0236","-118.2911","54.6","2024-02-25","0.45","0.00",,,,"69","53","  260","  260","8.1","14.1",,,
"USW00093134","LOS ANGELES DOWNTOWN USC, CA US","34.0236","-118.2911","54.6","2024-02-26","0.22","0.10",,,,"66","54","  270","  270","6.0","13.0","    1",,"    1"
"USW00093134","LOS ANGELES DOWNTOWN USC, CA US","34.0236","-118.2911","54.6","2024-02-27","0.22","0.00",,,,"67","55","  280","  270","6.0","15.0","    1",,
"USW00093134","LOS ANGELES DOWNTOWN USC, CA US","34.0236","-118.2911","54.6","2024-02-28","1.12","0.00",,,,"69","51","  260","  260","8.9","17.0",,,"    1"
"USW00093134","LOS ANGELES DOWNTOWN USC, CA US","34.0236","-118.2911","54.6","2024-02-29","1.34","0.00",,,,"65","57","  250","  270","6.9","16.1",,,
"USW00093134","LOS ANGELES DOWNTOWN USC, CA US","34.0236","-118.2911","54.6","2024-03-01","1.12","0.07",,,,"65","56","  260","  270","8.1","16.1","    1",,
"USW00093134","LOS ANGELES DOWNTOWN USC, CA US","34.0236","-118.2911","54.6","2024-03-02","1.57","0.28",,,,"62","53","  270","  260","8.9","17.0","    1",,"    1"
"USW00093134","LOS ANGELES DOWNTOWN USC, CA US","34.0236","-118.2911","54.6","2024-03-03","1.57","0.03",,,,"63","52","  260","  270","12.1","25.9","    1",,
"USW00093134","LOS ANGELES DOWNTOWN USC, CA US","34.0236","-118.2911","54.6","2024-03-04","0.89","0.00",,,,"67","49","  260","  260","8.1","15.0",,,
"USW00093134","LOS ANGELES DOWNTOWN USC, CA US","34.0236","-118.2911","54.6","2024-03-05","0.67","0.00",,,,"66","51","  270","  260","8.1","15.0",,,
"USW00093134","LOS ANGELES DOWNTOWN USC, CA US","34.0236","-118.2911","54.6","2024-03-06","2.01","0.72",,,,"65","50","  110","  170","8.9","16.1","    1",,
"USW00093134","LOS ANGELES DOWNTOWN USC, CA US","34.0236","-118.2911","54.6","2024-03-07","1.34","0.01",,,,"67","48","  250","  260","8.1","19.0",,,
"USW00093134","LOS ANGELES DOWNTOWN USC, CA US","34.0236","-118.2911","54.6","2024-03-08","1.12","0.00",,,,"72","50","  270","  270","10.1","21.9",,,
"USW00093134","LOS ANGELES DOWNTOWN USC, CA US","34.0236","-118.2911","54.6","2024-03-09","1.12","0.00",,,,"73","50","  260","  250","8.1","15.0",,,
"USW00093134","LOS ANGELES DOWNTOWN USC, CA US","34.0236","-118.2911","54.6","2024-03-10","0.89","0.00",,,,"71","50","  270","  260","8.9","15.0",,,
"USW00093134","LOS ANGELES DOWNTOWN USC, CA US","34.0236","-118.2911","54.6","2024-03-11","1.34","0.00",,,,"67","54","  260","  260","8.1","17.0",,,
"USW00093134","LOS ANGELES DOWNTOWN USC, CA US","34.0236","-118.2911","54.6","2024-03-12","1.34","0.00",,,,"66","54","  260","  260","8.9","17.0",,,"    1"
"USW00093134","LOS ANGELES DOWNTOWN USC, CA US","34.0236","-118.2911","54.6","2024-03-13","2.01","0.00",,,,"70","56","  260","  260","8.1","17.0",,,
"USW00093134","LOS ANGELES DOWNTOWN USC, CA US","34.0236","-118.2911","54.6","2024-03-14","3.58","0.00",,,,"71","53","   10","  360","16.1","31.1",,,
"USW00093134","LOS ANGELES DOWNTOWN USC, CA US","34.0236","-118.2911","54.6","2024-03-15","2.68","0.00",,,,"70","56","  260","  260","8.9","18.1",,,"    1"
"USW00093134","LOS ANGELES DOWNTOWN USC, CA US","34.0236","-118.2911","54.6","2024-03-16","1.34","0.00",,,,"69","55","  270","  250","10.1","21.9",,,
"USW00093134","LOS ANGELES DOWNTOWN USC, CA US","34.0236","-118.2911","54.6","2024-03-17","1.79","0.00",,,,"71","52","  270","  280","8.9","18.1",,,
"USW00093134","LOS ANGELES DOWNTOWN USC, CA US","34.0236","-118.2911","54.6","2024-03-18","0.89","0.00",,,,"75","53","  270","  250","8.1","16.1",,,
"USW00093134","LOS ANGELES DOWNTOWN USC, CA US","34.0236","-118.2911","54.6","2024-03-19","1.57","0.00",,,,"73","55","  270","  260","8.1","14.1",,,
"USW00093134","LOS ANGELES DOWNTOWN USC, CA US","34.0236","-118.2911","54.6","2024-03-20","1.34","0.00",,,,"71","54","  270","  260","8.1","16.1","    1",,"    1"
"USW00093134","LOS ANGELES DOWNTOWN USC, CA US","34.0236","-118.2911","54.6","2024-03-21","1.12","0.00",,,,"71","57","  270","  290","8.9","19.9",,,"    1"
"USW00093134","LOS ANGELES DOWNTOWN USC, CA US","34.0236","-118.2911","54.6","2024-03-22","1.34","0.00",,,,"72","54","  270","  260","8.1","14.1","    1",,"    1"
"USW00093134","LOS ANGELES DOWNTOWN USC, CA US","34.0236","-118.2911","54.6","2024-03-23","3.80","0.28",,,,"64","54","  260","  260","12.1","28.0","    1",,
"USW00093134","LOS ANGELES DOWNTOWN USC, CA US","34.0236","-118.2911","54.6","2024-03-24","2.91","0.01",,,,"65","50","  260","  260","13.0","25.1",,,
"USW00093134","LOS ANGELES DOWNTOWN USC, CA US","34.0236","-118.2911","54.6","2024-03-25","2.24","0.00",,,,"67","50","  270","  250","8.1","18.1",,,
"USW00093134","LOS ANGELES DOWNTOWN USC, CA US","34.0236","-118.2911","54.6","2024-03-26","2.46","0.00",,,,"69","55","  270","  270","8.9","17.0",,,
"USW00093134","LOS ANGELES DOWNTOWN USC, CA US","34.0236","-118.2911","54.6","2024-03-27","2.01","0.00",,,,"70","54","  260","  260","8.1","16.1",,,"    1"
"USW00093134","LOS ANGELES DOWNTOWN USC, CA US","34.0236","-118.2911","54.6","2024-03-28","1.12","0.00",,,,"68","54","  260","  280","12.1","21.0","    1",,"    1"
"USW00093134","LOS ANGELES DOWNTOWN USC, CA US","34.0236","-118.2911","54.6","2024-03-29","2.91","0.12",,,,"64","53","  130","  140","12.1","23.0","    1",,
"USW00093134","LOS ANGELES DOWNTOWN USC, CA US","34.0236","-118.2911","54.6","2024-03-30","6.71","1.73",,,,"57","51","   90","  120","15.0","28.0","    1",,
"USW00093134","LOS ANGELES DOWNTOWN USC, CA US","34.0236","-118.2911","54.6","2024-03-31","5.82","0.25",,,,"64","51","  140","  120","14.1","23.0","    1",,
"USW00093134","LOS ANGELES DOWNTOWN USC, CA US","34.0236","-118.2911","54.6","2024-04-01","1.79","0.00",,,,"69","52","  260","  260","10.1","19.9",,,
"USW00093134","LOS ANGELES DOWNTOWN USC, CA US","34.0236","-118.2911","54.6","2024-04-02","1.57","0.00",,,,"74","53","  270","  260","8.1","17.0",,,
"USW00093134","LOS ANGELES DOWNTOWN USC, CA US","34.0236","-118.2911","54.6","2024-04-03","0.89","0.00",,,,"76","54","  260",,"6.9",,,,
"USW00093134","LOS ANGELES DOWNTOWN USC, CA US","34.0236","-118.2911","54.6","2024-04-04","2.46","0.01",,,,"66","51","  260","  270","12.1","23.0",,,
"USW00093134","LOS ANGELES DOWNTOWN USC, CA US","34.0236","-118.2911","54.6","2024-04-05","3.58","0.09",,,,"59","47","  250","  250","13.0","33.1",,,
"USW00093134","LOS ANGELES DOWNTOWN USC, CA US","34.0236","-118.2911","54.6","2024-04-06","1.79","0.00",,,,"65","46","  260","  260","10.1","19.9",,,
"USW00093134","LOS ANGELES DOWNTOWN USC, CA US","34.0236","-118.2911","54.6","2024-04-07","1.12","0.00",,,,"68","48","  260","  260","8.1","18.1",,,
"USW00093134","LOS ANGELES DOWNTOWN USC, CA US","34.0236","-118.2911","54.6","2024-04-08","0.89","0.00",,,,"74","50","  270","  270","8.1","17.0",,,
"USW00093134","LOS ANGELES DOWNTOWN USC, CA US","34.0236","-118.2911","54.6","2024-04-09","0.45","0.00",,,,"81","53","  250",,"10.1",,,,
"USW00093134","LOS ANGELES DOWNTOWN USC, CA US","34.0236","-118.2911","54.6","2024-04-10","1.12","0.00",,,,"81","56","  270","  260","8.1","14.1",,,"    1"
"USW00093134","LOS ANGELES DOWNTOWN USC, CA US","34.0236","-118.2911","54.6","2024-04-11","0.45","0.00",,,,"78","56","  270",,"4.9",,"    1","    1","    1"
"USW00093134","LOS ANGELES DOWNTOWN USC, CA US","34.0236","-118.2911","54.6","2024-04-12","2.01","0.00",,,,"63","56","  130",,"6.9",,"    1",,"    1"
"USW00093134","LOS ANGELES DOWNTOWN USC, CA US","34.0236","-118.2911","54.6","2024-04-13","4.25","0.36",,,,"65","50","  160","  160","12.1","21.0","    1","    1",
"USW00093134","LOS ANGELES DOWNTOWN USC, CA US","34.0236","-118.2911","54.6","2024-04-14","2.24","0.17",,,,"60","49","  130","   90","8.1","13.0","    1",,"    1"
"USW00093134","LOS ANGELES DOWNTOWN USC, CA US","34.0236","-118.2911","54.6","2024-04-15","1.34","0.00",,,,"67","48","  260",,"6.0",,"    1",,
"USW00093134","LOS ANGELES DOWNTOWN USC, CA US","34.0236","-118.2911","54.6","2024-04-16","1.57","0.00",,,,"79","52","  250",,"8.1",,,,
"USW00093134","LOS ANGELES DOWNTOWN USC, CA US","34.0236","-118.2911","54.6","2024-04-17","0.45","0.00",,,,"77","56","  270","  270","8.1","16.1",,,
"USW00093134","LOS ANGELES DOWNTOWN USC, CA US","34.0236","-118.2911","54.6","2024-04-18","0.67","0.00",,,,"72","56","  260","  270","8.9","19.9","    1",,"    1"
"USW00093134","LOS ANGELES DOWNTOWN USC, CA US","34.0236","-118.2911","54.6","2024-04-19","2.01","0.00",,,,"69","57","  260","  260","8.1","17.0",,,
"USW00093134","LOS ANGELES DOWNTOWN USC, CA US","34.0236","-118.2911","54.6","2024-04-20","1.34","0.00",,,,"71","57","  270","  260","8.1","15.0",,,"    1"
"USW00093134","LOS ANGELES DOWNTOWN USC, CA US","34.0236","-118.2911","54.6","2024-04-21","0.89","0.00",,,,"71","55","  260","  280","8.1","16.1","    1",,"    1"
"USW00093134","LOS ANGELES DOWNTOWN USC, CA US","34.0236","-118.2911","54.6","2024-04-22","0.45","0.00",,,,"68","60","  260","  280","6.9","14.1",,,"    1"
"USW00093134","LOS ANGELES DOWNTOWN USC, CA US","34.0236","-118.2911","54.6","2024-04-23","1.34","0.00",,,,"68","57","  260","  260","8.9","17.0",,,
"USW00093134","LOS ANGELES DOWNTOWN USC, CA US","34.0236","-118.2911","54.6","2024-04-24","2.24","0.00",,,,"68","57","  270","  250","8.9","18.1",,,
"USW00093134","LOS ANGELES DOWNTOWN USC, CA US","34.0236","-118.2911","54.6","2024-04-25","1.34","0.00",,,,"66","56","  270","  270","8.1","17.0",,,
"USW00093134","LOS ANGELES DOWNTOWN USC, CA US","34.0236","-118.2911","54.6","2024-04-26","1.12","0.00",,,,"70","57","  260","  270","10.1","21.9",,,
"USW00093134","LOS ANGELES DOWNTOWN USC, CA US","34.0236","-118.2911","54.6","2024-04-27","2.01","0.00",,,,"73","57","  260","  270","10.1","18.1",,,
"USW00093134","LOS ANGELES DOWNTOWN USC, CA US","34.0236","-118.2911","54.6","2024-04-28","1.34","0.00",,,,"74","55","  280","  260","8.1","16.1",,,
"USW00093134","LOS ANGELES DOWNTOWN USC, CA US","34.0236","-118.2911","54.6","2024-04-29","1.12","0.00",,,,"75","57","  270","  270","8.9","16.1",,,"    1"
"USW00093134","LOS ANGELES DOWNTOWN USC, CA US","34.0236","-118.2911","54.6","2024-04-30","2.24","0.00",,,,"76","59","  260","  270","8.9","17.0",,,"    1"
"USW00093134","LOS ANGELES DOWNTOWN USC, CA US","34.0236","-118.2911","54.6","2024-05-01","0.89","0.00",,,,"72","59","  270","  270","8.1","17.0",,,"    1"
"USW00093134","LOS ANGELES DOWNTOWN USC, CA US","34.0236","-118.2911","54.6","2024-05-02","0.89","0.00",,,,"72","58","  270","  270","8.9","16.1",,,"    1"
"USW00093134","LOS ANGELES DOWNTOWN USC, CA US","34.0236","-118.2911","54.6","2024-05-03","2.24","0.00",,,,"71","60","  110",,"6.0",,,,
"USW00093134","LOS ANGELES DOWNTOWN USC, CA US","34.0236","-118.2911","54.6","2024-05-04","1.34","0.00",,,,"67","58","  260","  260","8.9","18.1","    1",,"    1"
"USW00093134","LOS ANGELES DOWNTOWN USC, CA US","34.0236","-118.2911","54.6","2024-05-05","2.91","0.13",,,,"72","54","  260","  330","12.1","27.1","    1",,"    1"
"USW00093134","LOS ANGELES DOWNTOWN USC, CA US","34.0236","-118.2911","54.6","2024-05-06","2.24","0.00",,,,"70","55","  270","  250","8.9","19.0",,,"    1"
"USW00093134","LOS ANGELES DOWNTOWN USC, CA US","34.0236","-118.2911","54.6","2024-05-07","1.34","0.00",,,,"74","55","  250",,"6.0",,,,
"USW00093134","LOS ANGELES DOWNTOWN USC, CA US","34.0236","-118.2911","54.6","2024-05-08","1.57","0.00",,,,"74","58","  270","  260","8.9","19.0",,,
"USW00093134","LOS ANGELES DOWNTOWN USC, CA US","34.0236","-118.2911","54.6","2024-05-09","2.01","0.00",,,,"75","61","  280","  270","8.9","18.1",,,
"USW00093134","LOS ANGELES DOWNTOWN USC, CA US","34.0236","-118.2911","54.6","2024-05-10","2.01","0.00",,,,"69","59","  260","  260","8.9","16.1",,,
"USW00093134","LOS ANGELES DOWNTOWN USC, CA US","34.0236","-118.2911","54.6","2024-05-11","1.12","0.00",,,,"70","58","  270",,"4.9",,,,
"USW00093134","LOS ANGELES DOWNTOWN USC, CA US","34.0236","-118.2911","54.6","2024-05-12","1.34","0.00",,,,"72","59","  260",,"6.0",,,,"    1"
"USW00093134","LOS ANGELES DOWNTOWN USC, CA US","34.0236","-118.2911","54.6","2024-05-13","0.89","0.00",,,,"70","59","  260","  260","8.1","15.0",,,"    1"
"USW00093134","LOS ANGELES DOWNTOWN USC, CA US","34.0236","-118.2911","54.6","2024-05-14","1.12","0.00",,,,"71","60","  270","  270","10.1","16.1",,,
"USW00093134","LOS ANGELES DOWNTOWN USC, CA US","34.0236","-118.2911","54.6","2024-05-15","1.57","0.00",,,,"67","60","  270",,"6.0",,,,
"USW00093134","LOS ANGELES DOWNTOWN USC, CA US","34.0236","-118.2911","54.6","2024-05-16","0.67","0.00",,,,"68","60","  260","  260","6.9","14.1",,,
"USW00093134","LOS ANGELES DOWNTOWN USC, CA US","34.0236","-118.2911","54.6","2024-05-17","1.34","0.00",,,,"69","60","  260","  260","8.1","15.0",,,
"USW00093134","LOS ANGELES DOWNTOWN USC, CA US","34.0236","-118.2911","54.6","2024-05-18","1.34","0.00",,,,"69","59","  270",,"6.9",,,,
"USW00093134","LOS ANGELES DOWNTOWN USC, CA US","34.0236","-118.2911","54.6","2024-05-19","2.01","0.00",,,,"72","57","  260","  270","8.1","18.1",,,
"USW00093134","LOS ANGELES DOWNTOWN USC, CA US","34.0236","-118.2911","54.6","2024-05-20","0.00","0.00",,,,"68","54","  120","   40","4.9","12.1",,,
"USW00093134","LOS ANGELES DOWNTOWN USC, CA US","34.0236","-118.2911","54.6","2024-05-21",,"0.00",,,,"70","55","  110","   10","6.0","11.0",,,
"USW00093134","LOS ANGELES DOWNTOWN USC, CA US","34.0236","-118.2911","54.6","2024-05-22",,"0.00",,,,"71","54","  160","  100","6.0","10.1",,,
"USW00093134","LOS ANGELES DOWNTOWN USC, CA US","34.0236","-118.2911","54.6","2024-05-23",,"0.00",,,,"67","56","   30","   10","4.0","8.9",,,
"USW00093134","LOS ANGELES DOWNTOWN USC, CA US","34.0236","-118.2911","54.6","2024-05-24",,"0.00",,,,"67","55","  160","  110","4.9","8.9",,,
"USW00093134","LOS ANGELES DOWNTOWN USC, CA US","34.0236","-118.2911","54.6","2024-05-25",,"0.00",,,,"69","52","  160","  310","6.0","10.1",,,
"USW00093134","LOS ANGELES DOWNTOWN USC, CA US","34.0236","-118.2911","54.6","2024-05-26",,"0.00",,,,"70","56","   10","   20","6.9","11.0",,,
"USW00093134","LOS ANGELES DOWNTOWN USC, CA US","34.0236","-118.2911","54.6","2024-05-27",,"0.00",,,,"74","54","   70","  360","4.9","12.1",,,
"USW00093134","LOS ANGELES DOWNTOWN USC, CA US","34.0236","-118.2911","54.6","2024-05-28",,"0.00",,,,"73","56","  160","  160","6.0","10.1",,,
"USW00093134","LOS ANGELES DOWNTOWN USC, CA US","34.0236","-118.2911","54.6","2024-05-29",,"0.00",,,,"73","57","   80","  110","6.0","12.1",,,
"USW00093134","LOS ANGELES DOWNTOWN USC, CA US","34.0236","-118.2911","54.6","2024-05-30",,"0.00",,,,"75","57","  130","   20","6.0","11.0",,,
"USW00093134","LOS ANGELES DOWNTOWN USC, CA US","34.0236","-118.2911","54.6","2024-05-31",,"0.00",,,,"73","58","  110","   60","6.0","11.0",,,
"USW00093134","LOS ANGELES DOWNTOWN USC, CA US","34.0236","-118.2911","54.6","2024-06-01",,"0.00",,,,"71","59","  110","  150","4.9","11.0",,,
"USW00093134","LOS ANGELES DOWNTOWN USC, CA US","34.0236","-118.2911","54.6","2024-06-02",,"0.00",,,,"71","58","  160","  160","6.0","12.1",,,
"USW00093134","LOS ANGELES DOWNTOWN USC, CA US","34.0236","-118.2911","54.6","2024-06-03",,"0.00",,,,"72","57",,,,,,,
"USW00093134","LOS ANGELES DOWNTOWN USC, CA US","34.0236","-118.2911","54.6","2024-06-04",,"0.00",,,,"77","59","  110","  150","13.0","4.9",,,
"USW00093134","LOS ANGELES DOWNTOWN USC, CA US","34.0236","-118.2911","54.6","2024-06-05",,"0.00",,,,"80","62",,,,,,,
"USW00093134","LOS ANGELES DOWNTOWN USC, CA US","34.0236","-118.2911","54.6","2024-06-06",,"0.00",,,,"76","61","  160","  135","4.9","11.0",,,
"USW00093134","LOS ANGELES DOWNTOWN USC, CA US","34.0236","-118.2911","54.6","2024-06-07",,"0.00",,,,"76","59","   30","   30","4.9","11.0",,,
"USW00093134","LOS ANGELES DOWNTOWN USC, CA US","34.0236","-118.2911","54.6","2024-06-08",,"0.00",,,,"74","62","   30","   30","6.0","10.1",,,
"USW00093134","LOS ANGELES DOWNTOWN USC, CA US","34.0236","-118.2911","54.6","2024-06-09",,"0.00",,,,"74","58","  350","   30","6.0","12.1",,,
"USW00093134","LOS ANGELES DOWNTOWN USC, CA US","34.0236","-118.2911","54.6","2024-06-10",,"0.00",,,,"76","58","  350","  350","6.0","13.0",,,
"USW00093134","LOS ANGELES DOWNTOWN USC, CA US","34.0236","-118.2911","54.6","2024-06-11",,"0.00",,,,"73","60","  150","   70","6.0","11.0",,,
"USW00093134","LOS ANGELES DOWNTOWN USC, CA US","34.0236","-118.2911","54.6","2024-06-12",,"0.00",,"0.0",,"79","60","   10","   20","4.9","11.0",,,
"USW00093134","LOS ANGELES DOWNTOWN USC, CA US","34.0236","-118.2911","54.6","2024-06-13",,"0.00",,"0.0",,"76","60","  130","   70","4.9","12.1",,,
"USW00093134","LOS ANGELES DOWNTOWN USC, CA US","34.0236","-118.2911","54.6","2024-06-14",,"0.00",,"0.0",,"78","60","  360","  330","6.0","13.0",,,
"USW00093134","LOS ANGELES DOWNTOWN USC, CA US","34.0236","-118.2911","54.6","2024-06-15",,"0.00",,"0.0",,"82","59","   30","   10","4.9","10.1",,,
"USW00093134","LOS ANGELES DOWNTOWN USC, CA US","34.0236","-118.2911","54.6","2024-06-16",,"0.00",,"0.0",,"79","59","  180","  160","6.0","11.0",,,
"USW00093134","LOS ANGELES DOWNTOWN USC, CA US","34.0236","-118.2911","54.6","2024-06-17",,"0.00",,"0.0",,"74","62","  160","   20","6.0","12.1",,,
"USW00093134","LOS ANGELES DOWNTOWN USC, CA US","34.0236","-118.2911","54.6","2024-06-18",,"0.00",,"0.0",,"77","62","  135","  135","6.0","10.1",,,
"USW00093134","LOS ANGELES DOWNTOWN USC, CA US","34.0236","-118.2911","54.6","2024-06-19",,"0.00",,"0.0",,"76","61","   45","   45","4.9","11.0",,,
"USW00093134","LOS ANGELES DOWNTOWN USC, CA US","34.0236","-118.2911","54.6","2024-06-20",,"0.00",,"0.0",,"79","59","  340","  340","4.9","12.1",,,
"USW00093134","LOS ANGELES DOWNTOWN USC, CA US","34.0236","-118.2911","54.6","2024-06-21",,"0.00",,"0.0",,"82","58","  360","  350","6.0","11.0",,,
"USW00093134","LOS ANGELES DOWNTOWN USC, CA US","34.0236","-118.2911","54.6","2024-06-22",,"0.00",,"0.0",,"89","61","  340","   40","4.9","11.0",,,
"USW00093134","LOS ANGELES DOWNTOWN USC, CA US","34.0236","-118.2911","54.6","2024-06-23",,"0.00",,"0.0",,"90","66","  122","  110","6.0","11.0",,,
"USW00093134","LOS ANGELES DOWNTOWN USC, CA US","34.0236","-118.2911","54.6","2024-06-24",,"0.00",,"0.0",,"91","68",,,,,,,
"USW00093134","LOS ANGELES DOWNTOWN USC, CA US","34.0236","-118.2911","54.6","2024-06-25",,"0.00",,"0.0",,"86","66","  360","  360","4.9","12.1",,,
"USW00093134","LOS ANGELES DOWNTOWN USC, CA US","34.0236","-118.2911","54.6","2024-06-26",,"0.00",,"0.0",,"82","63","  350","   30","6.0","10.1",,,
"USW00093134","LOS ANGELES DOWNTOWN USC, CA US","34.0236","-118.2911","54.6","2024-06-27",,"0.00",,"0.0",,"85","63","   20","   10","6.0","10.1",,,
"USW00093134","LOS ANGELES DOWNTOWN USC, CA US","34.0236","-118.2911","54.6","2024-06-28",,"0.00",,"0.0",,"81","62",,,,,,,
"USW00093134","LOS ANGELES DOWNTOWN USC, CA US","34.0236","-118.2911","54.6","2024-06-29",,"0.00",,"0.0",,"83","60",,,,,,,
"USW00093134","LOS ANGELES DOWNTOWN USC, CA US","34.0236","-118.2911","54.6","2024-06-30",,"0.00",,"0.0",,"85","58",,,,,,,
"USW00093134","LOS ANGELES DOWNTOWN USC, CA US","34.0236","-118.2911","54.6","2024-07-01",,"0.00",,"0.0",,"85","62",,,,,,,
"USW00093134","LOS ANGELES DOWNTOWN USC, CA US","34.0236","-118.2911","54.6","2024-07-02",,"0.00",,"0.0",,"83","61",,,,,,,
"USW00093134","LOS ANGELES DOWNTOWN USC, CA US","34.0236","-118.2911","54.6","2024-07-03",,"0.00",,"0.0",,"85","62",,,,,,,
"USW00093134","LOS ANGELES DOWNTOWN USC, CA US","34.0236","-118.2911","54.6","2024-07-04",,"0.00",,"0.0",,"82","63",,,,,,,
"USW00093134","LOS ANGELES DOWNTOWN USC, CA US","34.0236","-118.2911","54.6","2024-07-05",,"0.00",,"0.0",,"88","63",,,,,,,
"USW00093134","LOS ANGELES DOWNTOWN USC, CA US","34.0236","-118.2911","54.6","2024-07-06",,"0.00",,"0.0",,"87","66",,,,,,,
"USW00093134","LOS ANGELES DOWNTOWN USC, CA US","34.0236","-118.2911","54.6","2024-07-07",,"0.00",,"0.0",,"85","64",,,,,,,
"USW00093134","LOS ANGELES DOWNTOWN USC, CA US","34.0236","-118.2911","54.6","2024-07-08",,"0.00",,"0.0",,"81","64",,,,,,,
"USW00093134","LOS ANGELES DOWNTOWN USC, CA US","34.0236","-118.2911","54.6","2024-07-09","2.68","0.00",,"0.0",,"88","63","  340","  290","4.9","8.9",,,
"USW00093134","LOS ANGELES DOWNTOWN USC, CA US","34.0236","-118.2911","54.6","2024-07-10","2.24","0.00",,"0.0",,"88","63","    0","  110","6.0","8.9",,,
"USW00093134","LOS ANGELES DOWNTOWN USC, CA US","34.0236","-118.2911","54.6","2024-07-11","2.91","0.00",,"0.0",,"88","64","  150","   20","6.9","12.1",,,
"USW00093134","LOS ANGELES DOWNTOWN USC, CA US","34.0236","-118.2911","54.6","2024-07-12",,"0.00",,"0.0",,"80","65",,,,,,,
"USW00093134","LOS ANGELES DOWNTOWN USC, CA US","34.0236","-118.2911","54.6","2024-07-13",,"0.00",,"0.0",,"86","65","  360","  360","6.9","11.0",,,
"USW00093134","LOS ANGELES DOWNTOWN USC, CA US","34.0236","-118.2911","54.6","2024-07-14",,"0.00",,"0.0",,"84","65",,,,,,,
"USW00093134","LOS ANGELES DOWNTOWN USC, CA US","34.0236","-118.2911","54.6","2024-07-15",,"0.00",,"0.0",,"82","63",,,,,,,
"USW00093134","LOS ANGELES DOWNTOWN USC, CA US","34.0236","-118.2911","54.6","2024-07-16",,"0.00",,"0.0",,"84","64",,,,,,,
"USW00093134","LOS ANGELES DOWNTOWN USC, CA US","34.0236","-118.2911","54.6","2024-07-17",,"0.00",,"0.0",,"84","64",,,,,,,
"USW00093134","LOS ANGELES DOWNTOWN USC, CA US","34.0236","-118.2911","54.6","2024-07-18",,"0.00",,"0.0",,"83","66","  360","   20","4.9","14.1",,,
"USW00093134","LOS ANGELES DOWNTOWN USC, CA US","34.0236","-118.2911","54.6","2024-07-19",,"0.00",,"0.0",,"90","63","  360","  360","6.0","10.1",,,
"USW00093134","LOS ANGELES DOWNTOWN USC, CA US","34.0236","-118.2911","54.6","2024-07-20",,"0.00",,"0.0",,"90","63","  360","  360","10.1","13.0",,,
"USW00093134","LOS ANGELES DOWNTOWN USC, CA US","34.0236","-118.2911","54.6","2024-07-21",,"0.00",,"0.0",,"90","66","  360","  360","4.9","12.1",,,
"USW00093134","LOS ANGELES DOWNTOWN USC, CA US","34.0236","-118.2911","54.6","2024-07-22",,"0.00",,"0.0",,"88","66","  135","   45","4.9","11.0",,,
"USW00093134","LOS ANGELES DOWNTOWN USC, CA US","34.0236","-118.2911","54.6","2024-07-23",,"0.00",,"0.0",,"89","67","  340","  340","6.9","11.0",,,
"USW00093134","LOS ANGELES DOWNTOWN USC, CA US","34.0236","-118.2911","54.6","2024-07-24",,"0.00",,"0.0",,"87","67","  360","  360","4.9","10.1",,,
"USW00093134","LOS ANGELES DOWNTOWN USC, CA US","34.0236","-118.2911","54.6","2024-07-25",,"0.00",,"0.0",,"89","67","   10","   10","8.1","11.0",,,
"USW00093134","LOS ANGELES DOWNTOWN USC, CA US","34.0236","-118.2911","54.6","2024-07-26",,"0.00",,"0.0",,"88","66",,,,,,,
"USW00093134","LOS ANGELES DOWNTOWN USC, CA US","34.0236","-118.2911","54.6","2024-07-27",,"0.00",,"0.0",,"84","62",,,,,,,
"USW00093134","LOS ANGELES DOWNTOWN USC, CA US","34.0236","-118.2911","54.6","2024-07-28",,"0.00",,"0.0",,"83","60",,,,,,,
"USW00093134","LOS ANGELES DOWNTOWN USC, CA US","34.0236","-118.2911","54.6","2024-07-29",,"0.00",,"0.0",,"84","59","  360","   70","6.0","12.1",,,
"USW00093134","LOS ANGELES DOWNTOWN USC, CA US","34.0236","-118.2911","54.6","2024-07-30",,"0.00",,"0.0",,"83","58","  360","   30","6.9","12.1",,,
"USW00093134","LOS ANGELES DOWNTOWN USC, CA US","34.0236","-118.2911","54.6","2024-07-31",,"0.00",,,,"84","59","   10","   20","4.9","12.1",,,
"USW00093134","LOS ANGELES DOWNTOWN USC, CA US","34.0236","-118.2911","54.6","2024-08-01",,"0.00",,,,"86","61","  360","  350","6.9","11.0",,,
"USW00093134","LOS ANGELES DOWNTOWN USC, CA US","34.0236","-118.2911","54.6","2024-08-02",,"0.00","0.0",,,"88","66","  330","   60","4.9","11.0",,,
"USW00093134","LOS ANGELES DOWNTOWN USC, CA US","34.0236","-118.2911","54.6","2024-08-03",,"0.00",,,,"90","64",,,,,,,
"USW00093134","LOS ANGELES DOWNTOWN USC, CA US","34.0236","-118.2911","54.6","2024-08-04",,"0.00",,,,"93","64",,,,,,,
"USW00093134","LOS ANGELES DOWNTOWN USC, CA US","34.0236","-118.2911","54.6","2024-08-05",,"0.00",,,,"94","65","   10","   10","6.9","13.0",,,
"USW00093134","LOS ANGELES DOWNTOWN USC, CA US","34.0236","-118.2911","54.6","2024-08-06",,"0.00",,,,"93","66",,,,,,,
"USW00093134","LOS ANGELES DOWNTOWN USC, CA US","34.0236","-118.2911","54.6","2024-08-07",,"0.00",,,,"89","67","  160","  160","8.1","11.0",,,
"USW00093134","LOS ANGELES DOWNTOWN USC, CA US","34.0236","-118.2911","54.6","2024-08-08",,"0.00",,,,"87","65","   30","   30","6.9","13.0",,,
"USW00093134","LOS ANGELES DOWNTOWN USC, CA US","34.0236","-118.2911","54.6","2024-08-09",,"0.00",,,,"85","63","  360","  360","6.0","11.0",,,
"USW00093134","LOS ANGELES DOWNTOWN USC, CA US","34.0236","-118.2911","54.6","2024-08-10",,"0.00",,,,"91","64","  360","  360","4.9","11.0",,,
"USW00093134","LOS ANGELES DOWNTOWN USC, CA US","34.0236","-118.2911","54.6","2024-08-11",,"0.00",,,,"90","67","  150","  140","6.0","11.0",,,
"USW00093134","LOS ANGELES DOWNTOWN USC, CA US","34.0236","-118.2911","54.6","2024-08-12",,"0.00",,,,"89","67",,,,,,,
"USW00093134","LOS ANGELES DOWNTOWN USC, CA US","34.0236","-118.2911","54.6","2024-08-13",,"0.00",,,,"90","65","   40","   40","4.9","10.1",,,
"USW00093134","LOS ANGELES DOWNTOWN USC, CA US","34.0236","-118.2911","54.6","2024-08-14",,"0.00",,,,"87","65",,,,,,,
"USW00093134","LOS ANGELES DOWNTOWN USC, CA US","34.0236","-118.2911","54.6","2024-08-15",,"0.00",,,,"87","64",,,"6.0","11.0",,,
"USW00093134","LOS ANGELES DOWNTOWN USC, CA US","34.0236","-118.2911","54.6","2024-08-16",,"0.00",,,,"91","65","  340","  360","6.0","11.0",,,
"USW00093134","LOS ANGELES DOWNTOWN USC, CA US","34.0236","-118.2911","54.6","2024-08-17",,"0.00",,,,"83","66","  360","  360","6.9","14.1",,,
"USW00093134","LOS ANGELES DOWNTOWN USC, CA US","34.0236","-118.2911","54.6","2024-08-18",,"0.00",,,,"84","62","  360","  360","6.0","14.1",,,
"USW00093134","LOS ANGELES DOWNTOWN USC, CA US","34.0236","-118.2911","54.6","2024-08-19",,"0.00",,,,"91","63","   30","  360","6.0","11.0",,,
"USW00093134","LOS ANGELES DOWNTOWN USC, CA US","34.0236","-118.2911","54.6","2024-08-20",,"0.00",,,,"97","64","  360","   10","4.9","11.0",,,
"USW00093134","LOS ANGELES DOWNTOWN USC, CA US","34.0236","-118.2911","54.6","2024-08-21",,"0.00",,,,"93","64","   30","  360","6.9","13.0",,,
"USW00093134","LOS ANGELES DOWNTOWN USC, CA US","34.0236","-118.2911","54.6","2024-08-22",,"0.00",,,,"84","65","   20","  120","4.9","11.0",,,
"USW00093134","LOS ANGELES DOWNTOWN USC, CA US","34.0236","-118.2911","54.6","2024-08-23",,"0.00",,"0.0",,"82","61","  150","   30","6.0","10.1",,,
"USW00093134","LOS ANGELES DOWNTOWN USC, CA US","34.0236","-118.2911","54.6","2024-08-24",,"0.00",,"0.0",,"81","59","   10","  350","6.9","11.0",,,
"USW00093134","LOS ANGELES DOWNTOWN USC, CA US","34.0236","-118.2911","54.6","2024-08-25",,"0.00",,"0.0",,"82","61","  150","   30","6.0","11.0",,,
"USW00093134","LOS ANGELES DOWNTOWN USC, CA US","34.0236","-118.2911","54.6","2024-08-26",,"0.00",,"0.0",,"87","61",,,"6.0","11.0",,,
"USW00093134","LOS ANGELES DOWNTOWN USC, CA US","34.0236","-118.2911","54.6","2024-08-27",,"0.00",,"0.0",,"83","63",,,,,,,
"USW00093134","LOS ANGELES DOWNTOWN USC, CA US","34.0236","-118.2911","54.6","2024-08-28",,"0.00",,"0.0",,"84","61","  120","  360","6.0","12.1",,,
"USW00093134","LOS ANGELES DOWNTOWN USC, CA US","34.0236","-118.2911","54.6","2024-08-29","0.67","0.00",,"0.0",,"80","61","  310",,"1.1",,,,
"USW00093134","LOS ANGELES DOWNTOWN USC, CA US","34.0236","-118.2911","54.6","2024-08-30",,"0.00",,"0.0",,"80","61","   40","   10","4.9","10.1",,,
"USW00093134","LOS ANGELES DOWNTOWN USC, CA US","34.0236","-118.2911","54.6","2024-08-31",,"0.00",,"0.0",,"83","62","   10","  130","4.9","11.0",,,
"USW00093134","LOS ANGELES DOWNTOWN USC, CA US","34.0236","-118.2911","54.6","2024-09-01",,"0.00",,"0.0",,"86","63","   20","   20","4.9","11.0",,,
"USW00093134","LOS ANGELES DOWNTOWN USC, CA US","34.0236","-118.2911","54.6","2024-09-02","1.34","0.00",,"0.0",,"88","65","  120",,"4.9",,,,
"USW00093134","LOS ANGELES DOWNTOWN USC, CA US","34.0236","-118.2911","54.6","2024-09-03","1.12","0.00",,"0.0",,"90","66","  170",,"2.0",,,,
"USW00093134","LOS ANGELES DOWNTOWN USC, CA US","34.0236","-118.2911","54.6","2024-09-04","1.57","0.00",,"0.0",,"94","66","  340",,"4.9",,,,
"USW00093134","LOS ANGELES DOWNTOWN USC, CA US","34.0236","-118.2911","54.6","2024-09-05","1.34","0.00",,"0.0",,"102","72","  350","  330","6.0","10.1",,,
"USW00093134","LOS ANGELES DOWNTOWN USC, CA US","34.0236","-118.2911","54.6","2024-09-06",,"0.00",,"0.0",,"112","75","  360","  360","4.9","12.1",,,
"USW00093134","LOS ANGELES DOWNTOWN USC, CA US","34.0236","-118.2911","54.6","2024-09-07",,"0.00",,"0.0",,"99","73","  360","  360","6.0","8.9",,,
"USW00093134","LOS ANGELES DOWNTOWN USC, CA US","34.0236","-118.2911","54.6","2024-09-08",,"0.00",,"0.0",,"104","75","  160","  160","6.0","8.9",,,
"USW00093134","LOS ANGELES DOWNTOWN USC, CA US","34.0236","-118.2911","54.6","2024-09-09","1.79","0.00",,"0.0",,"105","78","   10",,"4.9","12.1",,,
"USW00093134","LOS ANGELES DOWNTOWN USC, CA US","34.0236","-118.2911","54.6","2024-09-10","1.57","0.00",,"0.0",,"90","63","  130",,"4.9",,,,
"USW00093134","LOS ANGELES DOWNTOWN USC, CA US","34.0236","-118.2911","54.6","2024-09-11",,"0.00",,"0.0",,"81","59","   20",,"6.9","11.0",,,
"USW00093134","LOS ANGELES DOWNTOWN USC, CA US","34.0236","-118.2911","54.6","2024-09-12",,"0.00",,,,"78","63",,,"4.0","8.9",,,
"USW00093134","LOS ANGELES DOWNTOWN USC, CA US","34.0236","-118.2911","54.6","2024-09-13","1.34","0.00",,"0.0",,"80","64","  140",,"4.9",,,,
"USW00093134","LOS ANGELES DOWNTOWN USC, CA US","34.0236","-118.2911","54.6","2024-09-14",,"0.00",,"0.0",,"81","63","  150","  130","6.0","11.0",,,
"USW00093134","LOS ANGELES DOWNTOWN USC, CA US","34.0236","-118.2911","54.6","2024-09-15","1.12","0.00",,"0.0",,"75","63","  130",,"2.9",,,,
"USW00093134","LOS ANGELES DOWNTOWN USC, CA US","34.0236","-118.2911","54.6","2024-09-16","1.57","0.00",,"0.0",,"73","59","  140",,"4.9",,,,
"USW00093134","LOS ANGELES DOWNTOWN USC, CA US","34.0236","-118.2911","54.6","2024-09-17","1.12","0.00",,"0.0",,"75","57","   20","   20","6.9","13.0",,,
"USW00093134","LOS ANGELES DOWNTOWN USC, CA US","34.0236","-118.2911","54.6","2024-09-18",,"0.00",,"0.0",,"76","56","  140","  110","6.9","10.1",,,
"USW00093134","LOS ANGELES DOWNTOWN USC, CA US","34.0236","-118.2911","54.6","2024-09-19",,"0.00",,"0.0",,"73","61","  100","  140","4.9","8.1",,,
"USW00093134","LOS ANGELES DOWNTOWN USC, CA US","34.0236","-118.2911","54.6","2024-09-20",,"0.00",,"0.0",,"72","61","  150","  340","4.9","10.1",,,
"USW00093134","LOS ANGELES DOWNTOWN USC, CA US","34.0236","-118.2911","54.6","2024-09-21",,"0.00",,"0.0",,"76","60","  170","  150","4.9","8.9",,,
"USW00093134","LOS ANGELES DOWNTOWN USC, CA US","34.0236","-118.2911","54.6","2024-09-22",,"0.00",,"0.0",,"79","60","  360","  360","4.9","8.9",,,
"USW00093134","LOS ANGELES DOWNTOWN USC, CA US","34.0236","-118.2911","54.6","2024-09-23",,"0.00",,"0.0",,"82","60",,,,,,,
"USW00093134","LOS ANGELES DOWNTOWN USC, CA US","34.0236","-118.2911","54.6","2024-09-24","1.34","0.00",,"0.0",,"79","62","   70","   10","2.0","6.9",,,
"USW00093134","LOS ANGELES DOWNTOWN USC, CA US","34.0236","-118.2911","54.6","2024-09-25","1.79","0.00",,"0.0",,"74","59","   60","   10","2.9","8.1",,,
"USW00093134","LOS ANGELES DOWNTOWN USC, CA US","34.0236","-118.2911","54.6","2024-09-26","2.24","0.00",,"0.0",,"78","57","  160","  200","4.0","8.1",,,
"USW00093134","LOS ANGELES DOWNTOWN USC, CA US","34.0236","-118.2911","54.6","2024-09-27","2.01","0.00",,"0.0",,"78","59","  360","  100","4.9","10.1",,,
"USW00093134","LOS ANGELES DOWNTOWN USC, CA US","34.0236","-118.2911","54.6","2024-09-28",,"0.00",,"0.0",,"79","57","  150","  330","6.0","8.9",,,
"USW00093134","LOS ANGELES DOWNTOWN USC, CA US","34.0236","-118.2911","54.6","2024-09-29",,"0.00",,"0.0",,"79","55","  330","   50","4.0","8.9",,,
"USW00093134","LOS ANGELES DOWNTOWN USC, CA US","34.0236","-118.2911","54.6","2024-09-30","1.79","0.00",,"0.0",,"86","55","  360","  360","4.0","6.9",,,
"USW00093134","LOS ANGELES DOWNTOWN USC, CA US","34.0236","-118.2911","54.6","2024-10-01","1.79","0.00",,"0.0",,"88","60","  360","   20","4.9","8.9",,,
"USW00093134","LOS ANGELES DOWNTOWN USC, CA US","34.0236","-118.2911","54.6","2024-10-02",,"0.00",,"0.0",,"88","60","   10","   10","4.9","8.1",,,
"USW00093134","LOS ANGELES DOWNTOWN USC, CA US","34.0236","-118.2911","54.6","2024-10-03","1.57","0.00",,"0.0",,"87","61","  170","  170","4.9","10.1",,,
"USW00093134","LOS ANGELES DOWNTOWN USC, CA US","34.0236","-118.2911","54.6","2024-10-04","1.57","0.00",,"0.0",,"89","63","   10","   10","4.9","8.9",,,
"USW00093134","LOS ANGELES DOWNTOWN USC, CA US","34.0236","-118.2911","54.6","2024-10-05",,"0.00",,"0.0",,"83","63","   10","  350","4.0","8.1",,,
"USW00093134","LOS ANGELES DOWNTOWN USC, CA US","34.0236","-118.2911","54.6","2024-10-06",,"0.00",,"0.0",,"85","62","  330","  310","4.0","8.1",,,
"USW00093134","LOS ANGELES DOWNTOWN USC, CA US","34.0236","-118.2911","54.6","2024-10-07","2.24","0.00",,"0.0",,"86","60","   20","   20","4.0","8.1",,,
"USW00093134","LOS ANGELES DOWNTOWN USC, CA US","34.0236","-118.2911","54.6","2024-10-08","2.01","0.00",,"0.0",,"84","57","  330","  330","4.9","8.9",,,
"USW00093134","LOS ANGELES DOWNTOWN USC, CA US","34.0236","-118.2911","54.6","2024-10-09",,"0.00",,"0.0",,"82","59","  120","  330","4.0","8.1",,,
"USW00093134","LOS ANGELES DOWNTOWN USC, CA US","34.0236","-118.2911","54.6","2024-10-10",,"0.00",,"0.0",,"83","60","  330","  360","4.0","6.9",,,
"USW00093134","LOS ANGELES DOWNTOWN USC, CA US","34.0236","-118.2911","54.6","2024-10-11",,"0.00",,"0.0",,"84","58","   20","  350","4.9","8.1",,,
"USW00093134","LOS ANGELES DOWNTOWN USC, CA US","34.0236","-118.2911","54.6","2024-10-12","2.24","0.00",,"0.0",,"82","55","  350","   20","4.0","8.9",,,
"USW00093134","LOS ANGELES DOWNTOWN USC, CA US","34.0236","-118.2911","54.6","2024-10-13","1.57","0.00",,"0.0",,"78","58","  340","  360","4.0","6.9",,,
"USW00093134","LOS ANGELES DOWNTOWN USC, CA US","34.0236","-118.2911","54.6","2024-10-14","1.34","0.00",,"0.0",,"76","58","   20","   20","4.9","8.9",,,
"USW00093134","LOS ANGELES DOWNTOWN USC, CA US","34.0236","-118.2911","54.6","2024-10-15","1.57","0.00",,"0.0",,"73","59","  150","  150","4.0","8.9",,,
"USW00093134","LOS ANGELES DOWNTOWN USC, CA US","34.0236","-118.2911","54.6","2024-10-16","1.12","0.00",,"0.0",,"66","63","  160","  160","4.0","6.0",,,
"USW00093134","LOS ANGELES DOWNTOWN USC, CA US","34.0236","-118.2911","54.6","2024-10-17","1.12","0.00",,"0.0",,"71","59","  340","   40","4.0","8.9",,,
"USW00093134","LOS ANGELES DOWNTOWN USC, CA US","34.0236","-118.2911","54.6","2024-10-18","2.46","0.00",,"0.0",,"83","54","  330","  330","6.0","10.1",,,
"USW00093134","LOS ANGELES DOWNTOWN USC, CA US","34.0236","-118.2911","54.6","2024-10-19",,"0.00",,"0.0",,"82","54","  340","  280","6.9","8.9",,,
"USW00093134","LOS ANGELES DOWNTOWN USC, CA US","34.0236","-118.2911","54.6","2024-10-20",,"0.00",,"0.0",,"85","57","  100","  360","4.9","8.1",,,
"USW00093134","LOS ANGELES DOWNTOWN USC, CA US","34.0236","-118.2911","54.6","2024-10-21",,"0.00",,"0.0",,"87","58","  330","   20","4.9","8.9",,,
"USW00093134","LOS ANGELES DOWNTOWN USC, CA US","34.0236","-118.2911","54.6","2024-10-22","2.01","0.00",,"0.0",,"86","59","  330","  330","4.0","8.9",,,
"USW00093134","LOS ANGELES DOWNTOWN USC, CA US","34.0236","-118.2911","54.6","2024-10-23","2.01","0.00",,"0.0",,"88","58","   80","   20","4.9","8.1",,,
"USW00093134","LOS ANGELES DOWNTOWN USC, CA US","34.0236","-118.2911","54.6","2024-10-24","1.79","0.00",,"0.0",,"84","57","  160","  330","4.9","8.9",,,
"USW00093134","LOS ANGELES DOWNTOWN USC, CA US","34.0236","-118.2911","54.6","2024-10-25","2.46","0.00",,"0.0",,"78","54","   10","  160","4.9","6.9",,,
"USW00093134","LOS ANGELES DOWNTOWN USC, CA US","34.0236","-118.2911","54.6","2024-10-26","1.34","0.00",,"0.0",,"82","54","  320","  270","2.9","6.9",,,
"USW00093134","LOS ANGELES DOWNTOWN USC, CA US","34.0236","-118.2911","54.6","2024-10-27","1.57","0.00",,"0.0",,"82","57","  330","  180","2.9","6.9",,,
"USW00093134","LOS ANGELES DOWNTOWN USC, CA US","34.0236","-118.2911","54.6","2024-10-28","2.46","0.00",,"0.0",,"69","56","  150","  150","6.0","10.1",,,
"USW00093134","LOS ANGELES DOWNTOWN USC, CA US","34.0236","-118.2911","54.6","2024-10-29","2.68","0.00",,"0.0",,"72","50","  340","    0","6.9","14.1",,,
"USW00093134","LOS ANGELES DOWNTOWN USC, CA US","34.0236","-118.2911","54.6","2024-10-30","2.01","0.00",,"0.0",,"75","51","  360","  300","4.0","6.0",,,
"USW00093134","LOS ANGELES DOWNTOWN USC, CA US","34.0236","-118.2911","54.6","2024-10-31","1.79","0.00",,"0.0",,"73","49","  330","  120","4.0","10.1",,,
"USW00093134","LOS ANGELES DOWNTOWN USC, CA US","34.0236","-118.2911","54.6","2024-11-01","1.79","0.00",,"0.0",,"71","48","  330","  330","4.9","10.1",,,
"USW00093134","LOS ANGELES DOWNTOWN USC, CA US","34.0236","-118.2911","54.6","2024-11-02","2.01","0.07",,"0.0",,"67","52","  160","  160","6.0","10.1",,,
"USW00093134","LOS ANGELES DOWNTOWN USC, CA US","34.0236","-118.2911","54.6","2024-11-03","4.47","0.00",,"0.0",,"76","51","  340","  340","13.0","21.0",,,
"USW00093134","LOS ANGELES DOWNTOWN USC, CA US","34.0236","-118.2911","54.6","2024-11-04","2.01","0.00",,"0.0",,"76","50","  340","  150","4.0","8.9",,,
"USW00093134","LOS ANGELES DOWNTOWN USC, CA US","34.0236","-118.2911","54.6","2024-11-05","2.24","0.00",,"0.0",,"75","49","  340","  130","4.9","8.1",,,
"USW00093134","LOS ANGELES DOWNTOWN USC, CA US","34.0236","-118.2911","54.6","2024-11-06","2.24","0.00",,"0.0",,"76","50","  340","  180","6.0","8.9",,,
"USW00093134","LOS ANGELES DOWNTOWN USC, CA US","34.0236","-118.2911","54.6","2024-11-07","2.46","0.00",,"0.0",,"75","47","  340","  340","6.9","10.1",,,
"USW00093134","LOS ANGELES DOWNTOWN USC, CA US","34.0236","-118.2911","54.6","2024-11-08",,"0.00",,"0.0",,"76","49","  330","  340","4.9","8.9",,,
"USW00093134","LOS ANGELES DOWNTOWN USC, CA US","34.0236","-118.2911","54.6","2024-11-09","2.01","0.00",,"0.0",,"78","48","  340","  160","6.0","6.9",,,
"USW00093134","LOS ANGELES DOWNTOWN USC, CA US","34.0236","-118.2911","54.6","2024-11-10","1.79","0.00",,"0.0",,"79","51","  340","  110","4.9","8.9",,,
"USW00093134","LOS ANGELES DOWNTOWN USC, CA US","34.0236","-118.2911","54.6","2024-11-11","2.01","0.00",,"0.0",,"72","48","  140","   30","4.0","8.9",,,
"USW00093134","LOS ANGELES DOWNTOWN USC, CA US","34.0236","-118.2911","54.6","2024-11-12","2.24","0.00",,"0.0",,"72","48","  330","  330","8.1","14.1",,,
"USW00093134","LOS ANGELES DOWNTOWN USC, CA US","34.0236","-118.2911","54.6","2024-11-13","2.24","0.00",,"0.0",,"80","51","  340","  330","6.9","8.9",,,
"USW00093134","LOS ANGELES DOWNTOWN USC, CA US","34.0236","-118.2911","54.6","2024-11-14","2.24","0.00",,"0.0",,"75","51","  160","  160","4.9","8.9",,,
"USW00093134","LOS ANGELES DOWNTOWN USC, CA US","34.0236","-118.2911","54.6","2024-11-15","3.13","0.00",,"0.0",,"65","51","  340","  340","8.9","17.0",,,
"USW00093134","LOS ANGELES DOWNTOWN USC, CA US","34.0236","-118.2911","54.6","2024-11-16","2.24","0.00",,"0.0",,"69","43","  160","  160","8.1","12.1",,,
"USW00093134","LOS ANGELES DOWNTOWN USC, CA US","34.0236","-118.2911","54.6","2024-11-17","1.57","0.00",,"0.0",,"71","43","  340","  150","4.9","11.0",,,
"USW00093134","LOS ANGELES DOWNTOWN USC, CA US","34.0236","-118.2911","54.6","2024-11-18","2.01","0.00",,"0.0",,"67","44","  340","  160","6.9","8.9",,,
"USW00093134","LOS ANGELES DOWNTOWN USC, CA US","34.0236","-118.2911","54.6","2024-11-19","2.68","0.00",,"0.0",,"71","47","  330","  330","6.0","8.9",,,
"USW00093134","LOS ANGELES DOWNTOWN USC, CA US","34.0236","-118.2911","54.6","2024-11-20","2.91","0.00",,"0.0",,"76","49","  330","  360","6.9","8.1",,,
"USW00093134","LOS ANGELES DOWNTOWN USC, CA US","34.0236","-118.2911","54.6","2024-11-21","2.24","0.00",,"0.0",,"78","47","  340","  340","6.9","8.9",,,
"USW00093134","LOS ANGELES DOWNTOWN USC, CA US","34.0236","-118.2911","54.6","2024-11-22","2.46","0.00",,"0.0",,"75","47","  350","  350","6.0","6.9",,,
"USW00093134","LOS ANGELES DOWNTOWN USC, CA US","34.0236","-118.2911","54.6","2024-11-23","1.57","0.02",,"0.0",,"62","46","  160","  130","4.0","6.0",,,
"USW00093134","LOS ANGELES DOWNTOWN USC, CA US","34.0236","-118.2911","54.6","2024-11-24","1.34","0.03",,"0.0",,"64","49","  160","  160","4.9","8.1",,,
"USW00093134","LOS ANGELES DOWNTOWN USC, CA US","34.0236","-118.2911","54.6","2024-11-25","2.01","0.00",,"0.0",,"67","49","  340","  350","4.9","6.9",,,
"USW00093134","LOS ANGELES DOWNTOWN USC, CA US","34.0236","-118.2911","54.6","2024-11-26","1.57","0.02",,"0.0",,"69","53","  350","  160","6.0","8.1",,,
"USW00093134","LOS ANGELES DOWNTOWN USC, CA US","34.0236","-118.2911","54.6","2024-11-27","1.57","0.00",,"0.0",,"69","56","  360","  310","4.0","6.9",,,
"USW00093134","LOS ANGELES DOWNTOWN USC, CA US","34.0236","-118.2911","54.6","2024-11-28","2.68","0.00",,"0.0",,"75","51","  350","  350","6.9","8.9",,,
"USW00093134","LOS ANGELES DOWNTOWN USC, CA US","34.0236","-118.2911","54.6","2024-11-29","4.03","0.00",,"0.0",,"70","55","  340","  330","8.1","12.1",,,
"USW00093134","LOS ANGELES DOWNTOWN USC, CA US","34.0236","-118.2911","54.6","2024-11-30","3.58","0.00",,"0.0",,"79","53","  330","  340","8.9","12.1",,,
"USW00093134","LOS ANGELES DOWNTOWN USC, CA US","34.0236","-118.2911","54.6","2024-12-01","2.01","0.00",,"0.0",,"76","50","  340","  150","4.9","10.1",,,
"USW00093134","LOS ANGELES DOWNTOWN USC, CA US","34.0236","-118.2911","54.6","2024-12-02","2.24","0.00",,"0.0",,"76","48","  340","  320","4.9","8.1",,,
"USW00093134","LOS ANGELES DOWNTOWN USC, CA US","34.0236","-118.2911","54.6","2024-12-03","2.01","0.00",,"0.0",,"71","47","  340","  180","4.0","8.1",,,
"USW00093134","LOS ANGELES DOWNTOWN USC, CA US","34.0236","-118.2911","54.6","2024-12-04","1.12","0.00",,"0.0",,"67","48","  150","  320","4.0","8.1",,,
"USW00093134","LOS ANGELES DOWNTOWN USC, CA US","34.0236","-118.2911","54.6","2024-12-05",,"0.00",,"0.0",,"65","44","  350","  170","4.9","6.9",,,
"USW00093134","LOS ANGELES DOWNTOWN USC, CA US","34.0236","-118.2911","54.6","2024-12-06",,"0.00",,"0.0",,"76","45","  350","  350","6.0","6.9",,,
"USW00093134","LOS ANGELES DOWNTOWN USC, CA US","34.0236","-118.2911","54.6","2024-12-07",,"0.00",,"0.0",,"81","49","  350","  340","6.0","6.9",,,
"USW00093134","LOS ANGELES DOWNTOWN USC, CA US","34.0236","-118.2911","54.6","2024-12-08",,"0.00",,"0.0",,"71","48","  330","  330","4.9","6.9",,,
"USW00093134","LOS ANGELES DOWNTOWN USC, CA US","34.0236","-118.2911","54.6","2024-12-09",,"0.00",,"0.0",,"66","49","  330","  340","4.9","6.9",,,
"USW00093134","LOS ANGELES DOWNTOWN USC, CA US","34.0236","-118.2911","54.6","2024-12-10","3.36","0.00",,"0.0",,"72","44","  340","  340","8.1","10.1",,,
"USW00093134","LOS ANGELES DOWNTOWN USC, CA US","34.0236","-118.2911","54.6","2024-12-11","3.58","0.00",,"0.0",,"70","51","  340","  340","8.1","10.1",,,
"USW00093134","LOS ANGELES DOWNTOWN USC, CA US","34.0236","-118.2911","54.6","2024-12-12","2.46","0.00",,"0.0",,"61","43","  350","  340","6.9","10.1",,,
"USW00093134","LOS ANGELES DOWNTOWN USC, CA US","34.0236","-118.2911","54.6","2024-12-13","2.68","0.00",,"0.0",,"64","47","  340","  340","6.9","10.1",,,
"USW00093134","LOS ANGELES DOWNTOWN USC, CA US","34.0236","-118.2911","54.6","2024-12-14","2.01","0.00",,"0.0",,"66","47","  340","   90","6.0","8.9",,,
"USW00093134","LOS ANGELES DOWNTOWN USC, CA US","34.0236","-118.2911","54.6","2024-12-15","2.01","0.00",,"0.0",,"65","45","  350","  350","6.0","6.9",,,
"USW00093134","LOS ANGELES DOWNTOWN USC, CA US","34.0236","-118.2911","54.6","2024-12-16","2.46","0.00",,"0.0",,"72","46","  340","  350","6.9","8.1",,,
"USW00093134","LOS ANGELES DOWNTOWN USC, CA US","34.0236","-118.2911","54.6","2024-12-17","2.68","0.00",,"0.0",,"75","46","  350","  340","8.1","11.0",,,
"USW00093134","LOS ANGELES DOWNTOWN USC, CA US","34.0236","-118.2911","54.6","2024-12-18","2.91","0.00",,"0.0",,"83","53","  340","  120","6.9","8.1",,,
"USW00093134","LOS ANGELES DOWNTOWN USC, CA US","34.0236","-118.2911","54.6","2024-12-19","1.57","0.00",,"0.0",,"83","51","  350","  350","4.9","6.0",,,
"USW00093134","LOS ANGELES DOWNTOWN USC, CA US","34.0236","-118.2911","54.6","2024-12-20","2.24","0.00",,"0.0",,"70","45","  350","  360","4.9","8.1",,,
"USW00093134","LOS ANGELES DOWNTOWN USC, CA US","34.0236","-118.2911","54.6","2024-12-21","2.68","0.00",,"0.0",,"68","44","  350","  340","6.0","10.1",,,
"USW00093134","LOS ANGELES DOWNTOWN USC, CA US","34.0236","-118.2911","54.6","2024-12-22","1.79","0.00",,"0.0",,"65","49","  350","  360","4.9","8.1",,,
"USW00093134","LOS ANGELES DOWNTOWN USC, CA US","34.0236","-118.2911","54.6","2024-12-23","1.79","0.00",,"0.0",,"69","48","  350","  360","4.9","6.9",,,
"USW00093134","LOS ANGELES DOWNTOWN USC, CA US","34.0236","-118.2911","54.6","2024-12-24","2.68","0.02",,"0.0",,"59","50","  340","  350","15.0","21.0",,,
"USW00093134","LOS ANGELES DOWNTOWN USC, CA US","34.0236","-118.2911","54.6","2024-12-25","2.46","0.00",,"0.0",,"64","47","  340","  340","8.9","15.0",,,
"USW00093134","LOS ANGELES DOWNTOWN USC, CA US","34.0236","-118.2911","54.6","2024-12-26","2.01","0.00",,"0.0",,"66","46","  350","  340","4.9","8.1",,,
"USW00093134","LOS ANGELES DOWNTOWN USC, CA US","34.0236","-118.2911","54.6","2024-12-27","1.57","0.00",,"0.0",,"61","48","  170","  140","4.0","6.0",,,
"USW00093134","LOS ANGELES DOWNTOWN USC, CA US","34.0236","-118.2911","54.6","2024-12-28","1.79","0.00",,"0.0",,"64","49","  190","  320","4.9","6.9",,,
"USW00093134","LOS ANGELES DOWNTOWN USC, CA US","34.0236","-118.2911","54.6","2024-12-29","1.79","0.00",,"0.0",,"57","45","  340","   20","4.0","8.1",,,
"USW00093134","LOS ANGELES DOWNTOWN USC, CA US","34.0236","-118.2911","54.6","2024-12-30","1.79","0.00",,"0.0",,"64","47","  350","  160","4.9","6.9",,,
"USW00093134","LOS ANGELES DOWNTOWN USC, CA US","34.0236","-118.2911","54.6","2024-12-31",,"0.00",,,,"61","44","  340","  160","4.9","6.9",,,
"USW00093134","LOS ANGELES DOWNTOWN USC, CA US","34.0236","-118.2911","54.6","2025-01-01","2.24","0.00",,"0.0",,"66","42","  360","  360","6.9","8.9",,,
"USW00093134","LOS ANGELES DOWNTOWN USC, CA US","34.0236","-118.2911","54.6","2025-01-02","2.01","0.00",,"0.0",,"79","47","  340","  350","6.9","8.9",,,
"USW00093134","LOS ANGELES DOWNTOWN USC, CA US","34.0236","-118.2911","54.6","2025-01-03","2.01","0.00",,"0.0",,"65","47","  340","  340","6.0","6.9",,,
"USW00093134","LOS ANGELES DOWNTOWN USC, CA US","34.0236","-118.2911","54.6","2025-01-04","1.79","0.00",,"0.0",,"63","46","  340","   10","4.9","6.9",,,
"USW00093134","LOS ANGELES DOWNTOWN USC, CA US","34.0236","-118.2911","54.6","2025-01-05","2.01","0.00",,"0.0",,"76","46","  350","  110","6.0","8.1",,,
"USW00093134","LOS ANGELES DOWNTOWN USC, CA US","34.0236","-118.2911","54.6","2025-01-06","2.01","0.00",,"0.0",,"75","50","  340","  330","4.9","6.0",,,
"USW00093134","LOS ANGELES DOWNTOWN USC, CA US","34.0236","-118.2911","54.6","2025-01-07",,"0.00",,"0.0",,"71","48","  330","  360","10.1","31.1",,,
"USW00093134","LOS ANGELES DOWNTOWN USC, CA US","34.0236","-118.2911","54.6","2025-01-08","3.80","0.00",,"0.0",,"71","47","  340","  340","13.0","19.0",,,
"USW00093134","LOS ANGELES DOWNTOWN USC, CA US","34.0236","-118.2911","54.6","2025-01-09",,"0.00",,"0.0",,"70","45","  340","  350","8.1","8.9",,,
"USW00093134","LOS ANGELES DOWNTOWN USC, CA US","34.0236","-118.2911","54.6","2025-01-10","2.91","0.00",,"0.0",,"71","45","  340","  240","6.0","8.1",,,
"USW00093134","LOS ANGELES DOWNTOWN USC, CA US","34.0236","-118.2911","54.6","2025-01-11","1.79","0.00",,"0.0",,"69","44","  340","  340","6.0","8.1",,,
"USW00093134","LOS ANGELES DOWNTOWN USC, CA US","34.0236","-118.2911","54.6","2025-01-12","2.91","0.00",,"0.0",,"69","43","  340","  340","6.9","11.0",,,
"USW00093134","LOS ANGELES DOWNTOWN USC, CA US","34.0236","-118.2911","54.6","2025-01-13","2.91","0.00",,"0.0",,"68","40","  330","  200","6.0","8.9",,,
"USW00093134","LOS ANGELES DOWNTOWN USC, CA US","34.0236","-118.2911","54.6","2025-01-14","2.68","0.00",,"0.0",,"66","39","  360","   20","6.0","10.1",,,
"USW00093134","LOS ANGELES DOWNTOWN USC, CA US","34.0236","-118.2911","54.6","2025-01-15","2.24","0.00",,"0.0",,"73","43","  350","  350","6.9","8.9",,,
"USW00093134","LOS ANGELES DOWNTOWN USC, CA US","34.0236","-118.2911","54.6","2025-01-16","2.91","0.00",,"0.0",,"69","45","  340","  360","6.0","10.1",,,
"USW00093134","LOS ANGELES DOWNTOWN USC, CA US","34.0236","-118.2911","54.6","2025-01-17","16.11","0.00",,"0.0",,"62","43","  140","  130","4.9","8.1",,,
"USW00093134","LOS ANGELES DOWNTOWN USC, CA US","34.0236","-118.2911","54.6","2025-01-18",,"0.00",,"0.0",,"63","44","  330","  130","4.9","6.9",,,
"USW00093134","LOS ANGELES DOWNTOWN USC, CA US","34.0236","-118.2911","54.6","2025-01-19",,"0.00",,"0.0",,"60","42","  150","    0","2.0","8.1",,,
"USW00093134","LOS ANGELES DOWNTOWN USC, CA US","34.0236","-118.2911","54.6","2025-01-20",,"0.00",,"0.0",,"71","44","  150","  150","6.9","14.1",,,
"USW00093134","LOS ANGELES DOWNTOWN USC, CA US","34.0236","-118.2911","54.6","2025-01-21","2.91","0.00",,"0.0",,"71","39","  340","  340","8.1","8.9",,,
"USW00093134","LOS ANGELES DOWNTOWN USC, CA US","34.0236","-118.2911","54.6","2025-01-22","2.46","0.00",,"0.0",,"78","51","  350","  340","6.9","8.9",,,
"USW00093134","LOS ANGELES DOWNTOWN USC, CA US","34.0236","-118.2911","54.6","2025-01-23",,"0.00",,"0.0",,"80","47","  350","  120","6.0","8.9",,,
"USW00093134","LOS ANGELES DOWNTOWN USC, CA US","34.0236","-118.2911","54.6","2025-01-24",,"0.00",,"0.0",,"74","46","  340","  350","6.9","8.9",,,
"USW00093134","LOS ANGELES DOWNTOWN USC, CA US","34.0236","-118.2911","54.6","2025-01-25",,"0.11",,"0.0",,"61","42","  150","  150","8.1","12.1",,,
"USW00093134","LOS ANGELES DOWNTOWN USC, CA US","34.0236","-118.2911","54.6","2025-01-26","1.79","0.36",,"0.0",,"54","48","  160","  160","6.0","11.0",,,
"USW00093134","LOS ANGELES DOWNTOWN USC, CA US","34.0236","-118.2911","54.6","2025-01-27","2.68","0.07",,"0.0",,"60","43","  340","  310","6.0","8.9",,,
"USW00093134","LOS ANGELES DOWNTOWN USC, CA US","34.0236","-118.2911","54.6","2025-01-28","2.24","0.00",,"0.0",,"61","41","  160","  160","6.0","12.1",,,
"USW00093134","LOS ANGELES DOWNTOWN USC, CA US","34.0236","-118.2911","54.6","2025-01-29",,"0.00",,"0.0",,"62","45","  350","  350","6.9","10.1",,,
"USW00093134","LOS ANGELES DOWNTOWN USC, CA US","34.0236","-118.2911","54.6","2025-01-30",,"0.00",,"0.0",,"58","44","  350","  340","6.0","8.1",,,
"USW00093134","LOS ANGELES DOWNTOWN USC, CA US","34.0236","-118.2911","54.6","2025-01-31",,"0.00",,"0.0",,"64","41","  160","  160","4.9","8.9",,,
"USW00093134","LOS ANGELES DOWNTOWN USC, CA US","34.0236","-118.2911","54.6","2025-02-01",,"0.00",,"0.0",,"71","44","  350","  110","6.0","8.1",,,
"USW00093134","LOS ANGELES DOWNTOWN USC, CA US","34.0236","-118.2911","54.6","2025-02-02",,"0.00",,"0.0",,"75","47","  340","  140","6.0","8.1",,,
"USW00093134","LOS ANGELES DOWNTOWN USC, CA US","34.0236","-118.2911","54.6","2025-02-03",,"0.00",,"0.0",,"69","48","  330","  110","6.0","8.1",,,
"USW00093134","LOS ANGELES DOWNTOWN USC, CA US","34.0236","-118.2911","54.6","2025-02-04","2.46","0.00",,"0.0",,"65","50","  150","  150","6.9","10.1",,,
"USW00093134","LOS ANGELES DOWNTOWN USC, CA US","34.0236","-118.2911","54.6","2025-02-05","2.01","0.24",,"0.0",,"63","52","  190","    0","4.0","6.9",,,
"USW00093134","LOS ANGELES DOWNTOWN USC, CA US","34.0236","-118.2911","54.6","2025-02-06","3.13","0.99",,"0.0",,"63","56","  170","  160","6.9","11.0",,,
"USW00093134","LOS ANGELES DOWNTOWN USC, CA US","34.0236","-118.2911","54.6","2025-02-07","2.01","0.71",,"0.0",,"62","50","  140","   80","4.9","8.9",,,
"USW00093134","LOS ANGELES DOWNTOWN USC, CA US","34.0236","-118.2911","54.6","2025-02-08","2.24","0.00",,"0.0",,"65","46","  350","   40","4.9","8.9",,,
"USW00093134","LOS ANGELES DOWNTOWN USC, CA US","34.0236","-118.2911","54.6","2025-02-09","2.01","0.00",,"0.0",,"72","47","  340","  140","6.9","11.0",,,
"USW00093134","LOS ANGELES DOWNTOWN USC, CA US","34.0236","-118.2911","54.6","2025-02-10","2.24","0.00",,"0.0",,"63","44","  160","  170","6.0","8.9",,,
"USW00093134","LOS ANGELES DOWNTOWN USC, CA US","34.0236","-118.2911","54.6","2025-02-11","1.34","0.00",,"0.0",,"62","49","  160","  350","6.0","12.1",,,
"USW00093134","LOS ANGELES DOWNTOWN USC, CA US","34.0236","-118.2911","54.6","2025-02-12","2.24","0.06",,"0.0",,"55","49","  160","  140","4.9","10.1",,,
"USW00093134","LOS ANGELES DOWNTOWN USC, CA US","34.0236","-118.2911","54.6","2025-02-13","2.46","2.80",,"0.0",,"57","52","  360","  340","10.1","15.0",,,
"USW00093134","LOS ANGELES DOWNTOWN USC, CA US","34.0236","-118.2911","54.6","2025-02-14","1.79","0.08",,"0.0",,"62","49","   90","   70","6.0","10.1",,,
"USW00093134","LOS ANGELES DOWNTOWN USC, CA US","34.0236","-118.2911","54.6","2025-02-15",,"0.00",,"0.0",,"70","45","   20","   10","4.9","8.9",,,
"USW00093134","LOS ANGELES DOWNTOWN USC, CA US","34.0236","-118.2911","54.6","2025-02-16","1.57","0.00",,"0.0",,"74","48","  340","  320","4.9","6.9",,,
"USW00093134","LOS ANGELES DOWNTOWN USC, CA US","34.0236","-118.2911","54.6","2025-02-17",,"0.00",,"0.0",,"70","46","  150","  150","4.0","8.1",,,
"USW00093134","LOS ANGELES DOWNTOWN USC, CA US","34.0236","-118.2911","54.6","2025-02-18","1.34","0.00",,"0.0",,"68","49","  360","  360","4.9","8.9",,,
"USW00093134","LOS ANGELES DOWNTOWN USC, CA US","34.0236","-118.2911","54.6","2025-02-19","2.01","0.00",,"0.0",,"73","47","  340","   20","4.9","8.9",,,
"USW00093134","LOS ANGELES DOWNTOWN USC, CA US","34.0236","-118.2911","54.6","2025-02-20","1.79","0.00",,"0.0",,"75","48","  330","    0","4.0","6.9",,,
"USW00093134","LOS ANGELES DOWNTOWN USC, CA US","34.0236","-118.2911","54.6","2025-02-21","1.34","0.00",,"0.0",,"79","48","  330","   10","4.0","6.9",,,
"USW00093134","LOS ANGELES DOWNTOWN USC, CA US","34.0236","-118.2911","54.6","2025-02-22","2.01","0.00",,"0.0",,"78","48","  160","  120","4.9","6.0",,,
"USW00093134","LOS ANGELES DOWNTOWN USC, CA US","34.0236","-118.2911","54.6","2025-02-23",,"0.00",,"0.0",,"82","49","  330","  360","4.0","8.1",,,
"USW00093134","LOS ANGELES DOWNTOWN USC, CA US","34.0236","-118.2911","54.6","2025-02-24",,"0.00",,"0.0",,"77","52","  340","   40","4.9","8.9",,,
"USW00093134","LOS ANGELES DOWNTOWN USC, CA US","34.0236","-118.2911","54.6","2025-02-25","1.57","0.00",,"0.0",,"77","50","  160","  160","4.0","10.1",,,
"USW00093134","LOS ANGELES DOWNTOWN USC, CA US","34.0236","-118.2911","54.6","2025-02-26","2.01","0.00",,"0.0",,"82","49","  340","  160","6.0","8.1",,,
"USW00093134","LOS ANGELES DOWNTOWN USC, CA US","34.0236","-118.2911","54.6","2025-02-27","2.68","0.00",,"0.0",,"88","56","  160","  160","6.0","11.0",,,
"USW00093134","LOS ANGELES DOWNTOWN USC, CA US","34.0236","-118.2911","54.6","2025-02-28","2.68","0.00",,"0.0",,"75","55","   20","   50","6.0","11.0",,,
"USW00093134","LOS ANGELES DOWNTOWN USC, CA US","34.0236","-118.2911","54.6","2025-03-01","1.79","0.00",,"0.0",,"62","55","  180","  180","6.9","11.0",,,
"USW00093134","LOS ANGELES DOWNTOWN USC, CA US","34.0236","-118.2911","54.6","2025-03-02","2.91","0.00",,"0.0",,"63","50","   20","   80","6.9","17.0",,,
"USW00093134","LOS ANGELES DOWNTOWN USC, CA US","34.0236","-118.2911","54.6","2025-03-03","3.58","0.00",,"0.0",,"64","44","  350","  350","16.1","21.9",,,
"USW00093134","LOS ANGELES DOWNTOWN USC, CA US","34.0236","-118.2911","54.6","2025-03-04","2.01","0.00",,"0.0",,"68","50","  350","  360","6.9","12.1",,,
"USW00093134","LOS ANGELES DOWNTOWN USC, CA US","34.0236","-118.2911","54.6","2025-03-05","2.01","0.53",,"0.0",,"56","48","  180","  180","4.9","8.9",,,
"USW00093134","LOS ANGELES DOWNTOWN USC, CA US","34.0236","-118.2911","54.6","2025-03-06",,"0.09",,"0.0",,"56","44","   50","   80","6.9","12.1",,,
"USW00093134","LOS ANGELES DOWNTOWN USC, CA US","34.0236","-118.2911","54.6","2025-03-07","3.36","0.01",,"0.0",,"66","40","  350","  350","14.1","21.0",,,
"USW00093134","LOS ANGELES DOWNTOWN USC, CA US","34.0236","-118.2911","54.6","2025-03-08",,"0.00",,"0.0",,"67","43","   30","  360","6.0","12.1",,,
"USW00093134","LOS ANGELES DOWNTOWN USC, CA US","34.0236","-118.2911","54.6","2025-03-09",,"0.00",,"0.0",,"75","46","  340","  140","6.9","10.1",,,
"USW00093134","LOS ANGELES DOWNTOWN USC, CA US","34.0236","-118.2911","54.6","2025-03-10",,"0.00",,"0.0",,"73","48","   30","   30","6.9","12.1",,,
"USW00093134","LOS ANGELES DOWNTOWN USC, CA US","34.0236","-118.2911","54.6","2025-03-11","2.46","0.03",,"0.0",,"60","50","  150","  150","6.0","12.1",,,
"USW00093134","LOS ANGELES DOWNTOWN USC, CA US","34.0236","-118.2911","54.6","2025-03-12",,"0.31",,"0.0",,"62","52","  160","  160","8.1","19.0",,,
"USW00093134","LOS ANGELES DOWNTOWN USC, CA US","34.0236","-118.2911","54.6","2025-03-13","3.36","1.03",,"0.0",,"59","47","  170","  140","6.9","14.1",,,
"USW00093134","LOS ANGELES DOWNTOWN USC, CA US","34.0236","-118.2911","54.6","2025-03-14","1.57","0.04",,"0.0",,"50","42","  160","  150","4.0","8.1",,,
"USW00093134","LOS ANGELES DOWNTOWN USC, CA US","34.0236","-118.2911","54.6","2025-03-15","2.46","0.00",,"0.0",,"66","42","  350","  160","4.9","6.9",,,
"USW00093134","LOS ANGELES DOWNTOWN USC, CA US","34.0236","-118.2911","54.6","2025-03-16","2.01","0.00",,"0.0",,"70","44","  350","  170","4.9","6.9",,,
"USW00093134","LOS ANGELES DOWNTOWN USC, CA US","34.0236","-118.2911","54.6","2025-03-17","2.01","0.02",,"0.0",,"66","48","  130","  250","6.0","8.1",,,
"USW00093134","LOS ANGELES DOWNTOWN USC, CA US","34.0236","-118.2911","54.6","2025-03-18","3.36","0.00",,"0.0",,"68","46","  130","  130","6.9","12.1",,,
"USW00093134","LOS ANGELES DOWNTOWN USC, CA US","34.0236","-118.2911","54.6","2025-03-19","2.91","0.00",,"0.0",,"78","48","  340","  340","6.0","8.1",,,
"USW00093134","LOS ANGELES DOWNTOWN USC, CA US","34.0236","-118.2911","54.6","2025-03-20","2.01","0.00",,"0.0",,"73","50","  330","   70","4.9","8.1",,,
"USW00093134","LOS ANGELES DOWNTOWN USC, CA US","34.0236","-118.2911","54.6","2025-03-21","2.68","0.00",,"0.0",,"76","48","    0","   20","6.9","8.1",,,
"USW00093134","LOS ANGELES DOWNTOWN USC, CA US","34.0236","-118.2911","54.6","2025-03-22","2.24","0.00",,"0.0",,"75","50","   60","  120","4.9","6.9",,,
"USW00093134","LOS ANGELES DOWNTOWN USC, CA US","34.0236","-118.2911","54.6","2025-03-23","2.01","0.00",,"0.0",,"74","52","  340","  360","4.9","8.1",,,
"USW00093134","LOS ANGELES DOWNTOWN USC, CA US","34.0236","-118.2911","54.6","2025-03-24","2.68","0.00",,"0.0",,"87","53","  350","  350","6.9","13.0",,,
"USW00093134","LOS ANGELES DOWNTOWN USC, CA US","34.0236","-118.2911","54.6","2025-03-25","2.24","0.00",,"0.0",,"74","53","  350","   20","6.0","8.1",,,
"USW00093134","LOS ANGELES DOWNTOWN USC, CA US","34.0236","-118.2911","54.6","2025-03-26","1.57","0.00",,"0.0",,"61","54","  160","  160","2.9","6.9",,,
"USW00093134","LOS ANGELES DOWNTOWN USC, CA US","34.0236","-118.2911","54.6","2025-03-27","1.57","0.00",,"0.0",,"68","56","  340","   40","4.0","8.1",,,
"USW00093134","LOS ANGELES DOWNTOWN USC, CA US","34.0236","-118.2911","54.6","2025-03-28",,"0.00",,"0.0",,"69","53","  130","  160","6.0","11.0",,,
"USW00093134","LOS ANGELES DOWNTOWN USC, CA US","34.0236","-118.2911","54.6","2025-03-29","2.46","0.00",,"0.0",,"67","51","  150","  150","6.0","8.1",,,
"USW00093134","LOS ANGELES DOWNTOWN USC, CA US","34.0236","-118.2911","54.6","2025-03-30",,"0.07",,"0.0",,"65","53","  120","   90","4.9","11.0",,,
"USW00093134","LOS ANGELES DOWNTOWN USC, CA US","34.0236","-118.2911","54.6","2025-03-31",,"0.08",,"0.0",,"66","52","  190","  320","4.9","8.1",,,
"USW00093134","LOS ANGELES DOWNTOWN USC, CA US","34.0236","-118.2911","54.6","2025-04-01",,"0.00",,"0.0",,"66","48","  340","  340","12.1","19.0",,,
"USW00093134","LOS ANGELES DOWNTOWN USC, CA US","34.0236","-118.2911","54.6","2025-04-02",,"0.00",,"0.0",,"66","47","  340","  340","12.1","19.9",,,
"USW00093134","LOS ANGELES DOWNTOWN USC, CA US","34.0236","-118.2911","54.6","2025-04-03",,"0.09",,"0.0",,"66","48","  350","  100","6.9","11.0",,,
"USW00093134","LOS ANGELES DOWNTOWN USC, CA US","34.0236","-118.2911","54.6","2025-04-04","2.24","0.00",,"0.0",,"70","45","   90","   90","6.0","12.1",,,
"USW00093134","LOS ANGELES DOWNTOWN USC, CA US","34.0236","-118.2911","54.6","2025-04-05","2.68","0.00",,"0.0",,"79","48","  160","  330","6.9","8.1",,,
"USW00093134","LOS ANGELES DOWNTOWN USC, CA US","34.0236","-118.2911","54.6","2025-04-06","2.01","0.00",,"0.0",,"83","51","  330","  340","4.0","6.9",,,
"USW00093134","LOS ANGELES DOWNTOWN USC, CA US","34.0236","-118.2911","54.6","2025-04-07","1.79","0.00",,"0.0",,"78","49","  150","  360","2.9","8.1",,,
"USW00093134","LOS ANGELES DOWNTOWN USC, CA US","34.0236","-118.2911","54.6","2025-04-08","2.24","0.00",,"0.0",,"79","52","  140","  160","2.9","8.1",,,
"USW00093134","LOS ANGELES DOWNTOWN USC, CA US","34.0236","-118.2911","54.6","2025-04-09","2.01","0.00",,"0.0",,"82","53","  170","  150","2.9","8.1",,,
"USW00093134","LOS ANGELES DOWNTOWN USC, CA US","34.0236","-118.2911","54.6","2025-04-10","1.79","0.00",,"0.0",,"83","54","  350","  340","4.9","8.9",,,
"USW00093134","LOS ANGELES DOWNTOWN USC, CA US","34.0236","-118.2911","54.6","2025-04-11","2.01","0.00",,"0.0",,"84","55","  340","  110","4.9","8.9",,,
"USW00093134","LOS ANGELES DOWNTOWN USC, CA US","34.0236","-118.2911","54.6","2025-04-12","1.57","0.00",,"0.0",,"76","55","  160","   30","4.9","10.1",,,
"USW00093134","LOS ANGELES DOWNTOWN USC, CA US","34.0236","-118.2911","54.6","2025-04-13","1.57","0.00",,"0.0",,"72","55","  160","  170","4.9","10.1",,,
"USW00093134","LOS ANGELES DOWNTOWN USC, CA US","34.0236","-118.2911","54.6","2025-04-14","1.79","0.00",,"0.0",,"74","52","  360","   30","4.9","11.0",,,
"USW00093134","LOS ANGELES DOWNTOWN USC, CA US","34.0236","-118.2911","54.6","2025-04-15","1.34","0.00",,"0.0",,"66","52","   20","   30","4.9","10.1",,,
"USW00093134","LOS ANGELES DOWNTOWN USC, CA US","34.0236","-118.2911","54.6","2025-04-16","1.79","0.00",,"0.0",,"67","52","  160","  180","4.9","10.1",,,
"USW00093134","LOS ANGELES DOWNTOWN USC, CA US","34.0236","-118.2911","54.6","2025-04-17","1.12","0.00",,"0.0",,"62","56","  130","  110","4.0","6.9",,,
"USW00093134","LOS ANGELES DOWNTOWN USC, CA US","34.0236","-118.2911","54.6","2025-04-18","1.34","0.00",,"0.0",,"62","53","  350","  110","4.9","8.1",,,
"USW00093134","LOS ANGELES DOWNTOWN USC, CA US","34.0236","-118.2911","54.6","2025-04-19","2.01","0.00",,"0.0",,"72","48","  160","  360","6.0","10.1",,,
"USW00093134","LOS ANGELES DOWNTOWN USC, CA US","34.0236","-118.2911","54.6","2025-04-20","1.79","0.00",,"0.0",,"73","49","  160","  160","4.9","11.0",,,
"USW00093134","LOS ANGELES DOWNTOWN USC, CA US","34.0236","-118.2911","54.6","2025-04-21","1.57","0.00",,"0.0",,"72","51","  160","   40","4.9","8.9",,,
"USW00093134","LOS ANGELES DOWNTOWN USC, CA US","34.0236","-118.2911","54.6","2025-04-22","1.79","0.00",,"0.0",,"70","51","  160","  110","6.9","10.1",,,
"USW00093134","LOS ANGELES DOWNTOWN USC, CA US","34.0236","-118.2911","54.6","2025-04-23",,"0.00",,"0.0",,"64","56","  150","  170","4.9","10.1",,,
"USW00093134","LOS ANGELES DOWNTOWN USC, CA US","34.0236","-118.2911","54.6","2025-04-24",,"0.00",,"0.0",,"67","55","   40","  170","4.9","10.1",,,
"USW00093134","LOS ANGELES DOWNTOWN USC, CA US","34.0236","-118.2911","54.6","2025-04-25",,"0.00",,"0.0",,"63","54","  150","  150","6.9","13.0",,,
"USW00093134","LOS ANGELES DOWNTOWN USC, CA US","34.0236","-118.2911","54.6","2025-04-26",,"0.22",,"0.0",,"62","49","  110","  110","6.0","12.1",,,
"USW00093134","LOS ANGELES DOWNTOWN USC, CA US","34.0236","-118.2911","54.6","2025-04-27",,"0.00",,"0.0",,"63","47","  340","   50","47.0","11.0",,,
"USW00093134","LOS ANGELES DOWNTOWN USC, CA US","34.0236","-118.2911","54.6","2025-04-28","1.57","0.00",,"0.0",,"68","49","   70","   70","2.9","8.1",,,
"USW00093134","LOS ANGELES DOWNTOWN USC, CA US","34.0236","-118.2911","54.6","2025-04-29","2.24","0.00",,"0.0",,"73","49","  120","  100","4.9","8.1",,,
"USW00093134","LOS ANGELES DOWNTOWN USC, CA US","34.0236","-118.2911","54.6","2025-04-30","1.79","0.00",,"0.0",,"72","55","  140","  140","4.9","8.1",,,
"USW00093134","LOS ANGELES DOWNTOWN USC, CA US","34.0236","-118.2911","54.6","2025-05-01","1.57","0.00",,"0.0",,"70","56","  160","  360","4.9","11.0",,,
"USW00093134","LOS ANGELES DOWNTOWN USC, CA US","34.0236","-118.2911","54.6","2025-05-02","1.79","0.00",,"0.0",,"69","57","  180","  180","6.0","10.1",,,
"USW00093134","LOS ANGELES DOWNTOWN USC, CA US","34.0236","-118.2911","54.6","2025-05-03","1.79","0.00",,"0.0",,"63","58","  350","  170","4.0","6.9",,,
"USW00093134","LOS ANGELES DOWNTOWN USC, CA US","34.0236","-118.2911","54.6","2025-05-04","1.57","0.00",,"0.0",,"61","55","  180","  180","6.0","11.0",,,
"USW00093134","LOS ANGELES DOWNTOWN USC, CA US","34.0236","-118.2911","54.6","2025-05-05","1.79","0.00",,"0.0",,"65","57","  160","  180","4.0","6.9",,,
"USW00093134","LOS ANGELES DOWNTOWN USC, CA US","34.0236","-118.2911","54.6","2025-05-06","1.12","0.03",,"0.0",,"62","56","  140","  140","4.0","6.9",,,
"USW00093134","LOS ANGELES DOWNTOWN USC, CA US","34.0236","-118.2911","54.6","2025-05-07","1.57","0.00",,"0.0",,"72","55","   10","   10","6.0","8.9",,,
"USW00093134","LOS ANGELES DOWNTOWN USC, CA US","34.0236","-118.2911","54.6","2025-05-08","2.01","0.00",,"0.0",,"81","53","  130","   40","4.9","8.9",,,
"USW00093134","LOS ANGELES DOWNTOWN USC, CA US","34.0236","-118.2911","54.6","2025-05-09",,"0.00",,"0.0",,"91","57","   20","   20","6.0","8.9",,,
"USW00093134","LOS ANGELES DOWNTOWN USC, CA US","34.0236","-118.2911","54.6","2025-05-10","2.01","0.00",,"0.0",,"99","60","  340","  340","6.0","12.1",,,
"USW00093134","LOS ANGELES DOWNTOWN USC, CA US","34.0236","-118.2911","54.6","2025-05-11","2.01","0.00",,"0.0",,"90","61","  360","  150","6.0","10.1",,,
"USW00093134","LOS ANGELES DOWNTOWN USC, CA US","34.0236","-118.2911","54.6","2025-05-12","2.46","0.00",,"0.0",,"74","57","  170","  130","6.0","11.0",,,
"USW00093134","LOS ANGELES DOWNTOWN USC, CA US","34.0236","-118.2911","54.6","2025-05-13",,"0.00",,"0.0",,"72","52","  140","  140","6.0","12.1",,,
"USW00093134","LOS ANGELES DOWNTOWN USC, CA US","34.0236","-118.2911","54.6","2025-05-14","2.01","0.00",,"0.0",,"73","52","   30","  140","6.0","14.1",,,
"USW00093134","LOS ANGELES DOWNTOWN USC, CA US","34.0236","-118.2911","54.6","2025-05-15","2.01","0.00",,"0.0",,"75","52","  110","   90","6.0","10.1",,,
"USW00093134","LOS ANGELES DOWNTOWN USC, CA US","34.0236","-118.2911","54.6","2025-05-16","1.57","0.00",,"0.0",,"74","54","  130","  340","4.9","11.0",,,
"USW00093134","LOS ANGELES DOWNTOWN USC, CA US","34.0236","-118.2911","54.6","2025-05-17",,"0.00",,"0.0",,"65","56","  160","  160","6.0","10.1",,,
"USW00093134","LOS ANGELES DOWNTOWN USC, CA US","34.0236","-118.2911","54.6","2025-05-18",,"0.00",,"0.0",,"73","55","  150","  150","6.0","13.0",,,
"USW00093134","LOS ANGELES DOWNTOWN USC, CA US","34.0236","-118.2911","54.6","2025-05-19",,"0.00",,"0.0",,"80","54","   10","  150","4.9","10.1",,,
"USW00093134","LOS ANGELES DOWNTOWN USC, CA US","34.0236","-118.2911","54.6","2025-05-20",,"0.00",,"0.0",,"87","58","  340","   50","4.9","11.0",,,
"USW00093134","LOS ANGELES DOWNTOWN USC, CA US","34.0236","-118.2911","54.6","2025-05-21","2.01","0.00",,"0.0",,"88","58","   20","  340","6.0","10.1",,,
"USW00093134","LOS ANGELES DOWNTOWN USC, CA US","34.0236","-118.2911","54.6","2025-05-22","1.79","0.00",,"0.0",,"83","58","   20","  360","4.9","10.1",,,
"USW00093134","LOS ANGELES DOWNTOWN USC, CA US","34.0236","-118.2911","54.6","2025-05-23","2.01","0.00",,"0.0",,"77","62","  160","  140","6.9","12.1",,,
"USW00093134","LOS ANGELES DOWNTOWN USC, CA US","34.0236","-118.2911","54.6","2025-05-24","2.24","0.00",,"0.0",,"74","60","  180","   70","4.9","11.0",,,
"USW00093134","LOS ANGELES DOWNTOWN USC, CA US","34.0236","-118.2911","54.6","2025-05-25","2.24","0.00",,"0.0",,"73","59","  170","  290","4.9","11.0",,,
"USW00093134","LOS ANGELES DOWNTOWN USC, CA US","34.0236","-118.2911","54.6","2025-05-26","1.57","0.00",,"0.0",,"73","57","  140","  140","4.9","10.1",,,
"USW00093134","LOS ANGELES DOWNTOWN USC, CA US","34.0236","-118.2911","54.6","2025-05-27",,"0.00",,"0.0",,"79","59","   70","   90","4.9","10.1",,,
"USW00093134","LOS ANGELES DOWNTOWN USC, CA US","34.0236","-118.2911","54.6","2025-05-28",,"0.00",,"0.0",,"72","61","  140","  180","4.9","10.1",,,
"USW00093134","LOS ANGELES DOWNTOWN USC, CA US","34.0236","-118.2911","54.6","2025-05-29",,"0.00",,"0.0",,"75","60","  160","  160","6.0","10.1",,,
"USW00093134","LOS ANGELES DOWNTOWN USC, CA US","34.0236","-118.2911","54.6","2025-05-30",,"0.00",,"0.0",,"96","59","  340","  340","8.9","13.0",,,
"USW00093134","LOS ANGELES DOWNTOWN USC, CA US","34.0236","-118.2911","54.6","2025-05-31","2.01","0.00",,"0.0",,"91","60","  350","  340","6.0","10.1",,,
"USW00093134","LOS ANGELES DOWNTOWN USC, CA US","34.0236","-118.2911","54.6","2025-06-01","1.79","0.00",,"0.0",,"84","61","   20","   20","6.0","10.1",,,
"USW00093134","LOS ANGELES DOWNTOWN USC, CA US","34.0236","-118.2911","54.6","2025-06-02","2.01","0.00",,"0.0",,"79","59","  160","  100","6.0","10.1",,,
"USW00093134","LOS ANGELES DOWNTOWN USC, CA US","34.0236","-118.2911","54.6","2025-06-03","2.01","0.03",,"0.0",,"72","61","  160","   40","4.9","8.9",,,
"USW00093134","LOS ANGELES DOWNTOWN USC, CA US","34.0236","-118.2911","54.6","2025-06-04","1.57","0.01",,"0.0",,"73","60","  360","  360","4.9","8.9",,,
"USW00093134","LOS ANGELES DOWNTOWN USC, CA US","34.0236","-118.2911","54.6","2025-06-05","1.57","0.00",,"0.0",,"75","60","  100","  130","6.0","10.1",,,
"USW00093134","LOS ANGELES DOWNTOWN USC, CA US","34.0236","-118.2911","54.6","2025-06-06","1.79","0.00",,"0.0",,"73","61","  160","   10","6.0","11.0",,,
"USW00093134","LOS ANGELES DOWNTOWN USC, CA US","34.0236","-118.2911","54.6","2025-06-07","1.79","0.00",,"0.0",,"74","59","  130","  160","4.9","11.0",,,
"USW00093134","LOS ANGELES DOWNTOWN USC, CA US","34.0236","-118.2911","54.6","2025-06-08","1.57","0.00",,"0.0",,"76","58","  360","  130","4.9","8.9",,,
"USW00093134","LOS ANGELES DOWNTOWN USC, CA US","34.0236","-118.2911","54.6","2025-06-09","1.34","0.00",,"0.0",,"76","58","  140","  160","6.0","11.0",,,
"USW00093134","LOS ANGELES DOWNTOWN USC, CA US","34.0236","-118.2911","54.6","2025-06-10",,"0.00",,,,"81","61","  360","  360","6.0","10.1",,,
"USW00093134","LOS ANGELES DOWNTOWN USC, CA US","34.0236","-118.2911","54.6","2025-06-11",,"0.00",,,,"80","61","  160","   20","4.9","10.1",,,
"USW00093134","LOS ANGELES DOWNTOWN USC, CA US","34.0236","-118.2911","54.6","2025-06-12",,"0.00",,,,"78","63","   10","  150","4.9","10.1",,,
"USW00093134","LOS ANGELES DOWNTOWN USC, CA US","34.0236","-118.2911","54.6","2025-06-13",,"0.00",,"0.0",,"79","62","  120","  120","6.0","11.0",,,
"USW00093134","LOS ANGELES DOWNTOWN USC, CA US","34.0236","-118.2911","54.6","2025-06-14",,"0.00",,"0.0",,"82","62","  150","  150","4.0","10.1",,,
"USW00093134","LOS ANGELES DOWNTOWN USC, CA US","34.0236","-118.2911","54.6","2025-06-15","2.01","0.00",,"0.0",,"89","59","   50","  340","4.9","12.1",,,
"USW00093134","LOS ANGELES DOWNTOWN USC, CA US","34.0236","-118.2911","54.6","2025-06-16","1.79","0.00",,"0.0",,"87","60","  110","   90","4.9","10.1",,,
"USW00093134","LOS ANGELES DOWNTOWN USC, CA US","34.0236","-118.2911","54.6","2025-06-17","1.79","0.00",,"0.0",,"89","60","  130","  110","4.9","12.1",,,
"USW00093134","LOS ANGELES DOWNTOWN USC, CA US","34.0236","-118.2911","54.6","2025-06-18","2.01","0.00",,"0.0",,"88","61","  340","   40","4.9","11.0",,,
"USW00093134","LOS ANGELES DOWNTOWN USC, CA US","34.0236","-118.2911","54.6","2025-06-19","2.01","0.00",,"0.0",,"80","62","  160","  160","6.0","11.0",,,
"USW00093134","LOS ANGELES DOWNTOWN USC, CA US","34.0236","-118.2911","54.6","2025-06-20","1.57","0.00",,"0.0",,"77","62","   20","   20","4.9","11.0",,,
"USW00093134","LOS ANGELES DOWNTOWN USC, CA US","34.0236","-118.2911","54.6","2025-06-21","2.46","0.00",,"0.0",,"74","60","  130","  130","4.9","11.0",,,
"USW00093134","LOS ANGELES DOWNTOWN USC, CA US","34.0236","-118.2911","54.6","2025-06-22","2.01","0.00",,"0.0",,"79","57","  140","   20","6.0","12.1",,,
"USW00093134","LOS ANGELES DOWNTOWN USC, CA US","34.0236","-118.2911","54.6","2025-06-23","2.24","0.00",,"0.0",,"78","61","  160","   20","6.9","12.1",,,
"USW00093134","LOS ANGELES DOWNTOWN USC, CA US","34.0236","-118.2911","54.6","2025-06-24","2.01","0.00",,"0.0",,"75","60","   40","  140","4.9","10.1",,,
"USW00093134","LOS ANGELES DOWNTOWN USC, CA US","34.0236","-118.2911","54.6","2025-06-25","1.34","0.00",,"0.0",,"79","59","  360","  360","6.0","11.0",,,
"USW00093134","LOS ANGELES DOWNTOWN USC, CA US","34.0236","-118.2911","54.6","2025-06-26","1.57","0.00",,"0.0",,"81","60","  140","  170","6.0","11.0",,,
"USW00093134","LOS ANGELES DOWNTOWN USC, CA US","34.0236","-118.2911","54.6","2025-06-27","1.57","0.00",,"0.0",,"83","62","   20","  360","4.9","11.0",,,
"USW00093134","LOS ANGELES DOWNTOWN USC, CA US","34.0236","-118.2911","54.6","2025-06-28",,"0.00",,"0.0",,"87","61","  360","   40","6.0","10.1",,,
"USW00093134","LOS ANGELES DOWNTOWN USC, CA US","34.0236","-118.2911","54.6","2025-06-29",,"0.00",,"0.0",,"84","60","    0","   30","4.9","10.1",,,
"USW00093134","LOS ANGELES DOWNTOWN USC, CA US","34.0236","-118.2911","54.6","2025-06-30",,"0.00",,"0.0",,"84","60","   50","   10","4.9","10.1",,,
"USW00093134","LOS ANGELES DOWNTOWN USC, CA US","34.0236","-118.2911","54.6","2025-07-01","2.24","0.00",,"0.0",,"80","58","  140","  140","4.9","8.1",,,
"USW00093134","LOS ANGELES DOWNTOWN USC, CA US","34.0236","-118.2911","54.6","2025-07-02","1.57","0.00",,"0.0",,"79","59","  120","  140","4.0","8.1",,,
"USW00093134","LOS ANGELES DOWNTOWN USC, CA US","34.0236","-118.2911","54.6","2025-07-03","1.79","0.00",,"0.0",,"80","62","  140","  330","4.9","8.1",,,
"USW00093134","LOS ANGELES DOWNTOWN USC, CA US","34.0236","-118.2911","54.6","2025-07-04","1.57","0.00",,"0.0",,"83","62","  150","  150","4.9","8.1",,,
"USW00093134","LOS ANGELES DOWNTOWN USC, CA US","34.0236","-118.2911","54.6","2025-07-05","1.79","0.00",,"0.0",,"86","60","  340","  130","4.0","6.9",,,
"USW00093134","LOS ANGELES DOWNTOWN USC, CA US","34.0236","-118.2911","54.6","2025-07-06","2.01","0.00",,"0.0",,"84","59","   30","  150","4.0","8.1",,,
"USW00093134","LOS ANGELES DOWNTOWN USC, CA US","34.0236","-118.2911","54.6","2025-07-07","1.57","0.00",,"0.0",,"82","60","  150","  340","4.9","10.1",,,
"USW00093134","LOS ANGELES DOWNTOWN USC, CA US","34.0236","-118.2911","54.6","2025-07-08","2.01","0.00",,"0.0",,"86","58","  360","  360","4.9","11.0",,,
"USW00093134","LOS ANGELES DOWNTOWN USC, CA US","34.0236","-118.2911","54.6","2025-07-09","1.79","0.00",,"0.0",,"90","63","  350","  350","4.9","10.1",,,
"USW00093134","LOS ANGELES DOWNTOWN USC, CA US","34.0236","-118.2911","54.6","2025-07-10","1.79","0.00",,"0.0",,"88","61","  160","  360","6.0","8.9",,,
"USW00093134","LOS ANGELES DOWNTOWN USC, CA US","34.0236","-118.2911","54.6","2025-07-11","2.01","0.00",,"0.0",,"82","62","  160","  160","6.9","11.0",,,
"USW00093134","LOS ANGELES DOWNTOWN USC, CA US","34.0236","-118.2911","54.6","2025-07-12","1.79","0.00",,"0.0",,"82","64","  160","   40","4.9","10.1",,,
"USW00093134","LOS ANGELES DOWNTOWN USC, CA US","34.0236","-118.2911","54.6","2025-07-13","1.79","0.00",,"0.0",,"80","61","  130","  140","4.9","8.1",,,
"USW00093134","LOS ANGELES DOWNTOWN USC, CA US","34.0236","-118.2911","54.6","2025-07-14","1.57","0.00",,"0.0",,"81","61","   70","  170","4.0","6.9",,,
"USW00093134","LOS ANGELES DOWNTOWN USC, CA US","34.0236","-118.2911","54.6","2025-07-15","1.34","0.00",,"0.0",,"80","61","  110","  120","4.0","8.1",,,
"USW00093134","LOS ANGELES DOWNTOWN USC, CA US","34.0236","-118.2911","54.6","2025-07-16","1.57","0.00",,"0.0",,"81","62","  140","  150","4.0","8.1",,,
"USW00093134","LOS ANGELES DOWNTOWN USC, CA US","34.0236","-118.2911","54.6","2025-07-17",,"0.00",,"0.0",,"83","61","   10","   10","6.9","11.0",,,
"USW00093134","LOS ANGELES DOWNTOWN USC, CA US","34.0236","-118.2911","54.6","2025-07-18",,"0.00",,"0.0",,"81","62","  350","  350","6.0","8.9",,,
"USW00093134","LOS ANGELES DOWNTOWN USC, CA US","34.0236","-118.2911","54.6","2025-07-19","2.24","0.00",,"0.0",,"82","64","  150","  150","4.9","6.9",,,
"USW00093134","LOS ANGELES DOWNTOWN USC, CA US","34.0236","-118.2911","54.6","2025-07-20",,"0.00",,"0.0",,"79","66","   10","   60","4.9","8.9",,,
"USW00093134","LOS ANGELES DOWNTOWN USC, CA US","34.0236","-118.2911","54.6","2025-07-21","1.79","0.00",,"0.0",,"76","65","   90","  360","4.0","6.0",,,
"USW00093134","LOS ANGELES DOWNTOWN USC, CA US","34.0236","-118.2911","54.6","2025-07-22","1.79","0.00",,"0.0",,"77","61","   30","  120","4.0","8.1",,,
"USW00093134","LOS ANGELES DOWNTOWN USC, CA US","34.0236","-118.2911","54.6","2025-07-23","1.57","0.00",,"0.0",,"81","61","   70","  140","4.0","8.1",,,
"USW00093134","LOS ANGELES DOWNTOWN USC, CA US","34.0236","-118.2911","54.6","2025-07-24","1.57","0.00",,"0.0",,"81","58","  350","  110","4.0","8.1",,,
"USW00093134","LOS ANGELES DOWNTOWN USC, CA US","34.0236","-118.2911","54.6","2025-07-25","2.01","0.00",,"0.0",,"80","59","  130","  130","4.9","8.1",,,
"USW00093134","LOS ANGELES DOWNTOWN USC, CA US","34.0236","-118.2911","54.6","2025-07-26","1.57","0.00",,"0.0",,"81","60","  150","   40","4.9","8.1",,,
"USW00093134","LOS ANGELES DOWNTOWN USC, CA US","34.0236","-118.2911","54.6","2025-07-27","2.01","0.00",,"0.0",,"79","59","  140","   10","4.9","8.1",,,
"USW00093134","LOS ANGELES DOWNTOWN USC, CA US","34.0236","-118.2911","54.6","2025-07-28","2.01","0.00",,"0.0",,"83","60","  130","  140","4.0","6.9",,,
"USW00093134","LOS ANGELES DOWNTOWN USC, CA US","34.0236","-118.2911","54.6","2025-07-29","2.01","0.00",,"0.0",,"85","59","   40","   60","2.9","6.9",,,
"USW00093134","LOS ANGELES DOWNTOWN USC, CA US","34.0236","-118.2911","54.6","2025-07-30",,"0.00",,"0.0",,"84","60","  110","  100","4.9","10.1",,,
"USW00093134","LOS ANGELES DOWNTOWN USC, CA US","34.0236","-118.2911","54.6","2025-07-31","1.79","0.00",,"0.0",,"86","61","  340","  120","2.0","6.9",,,
"USW00093134","LOS ANGELES DOWNTOWN USC, CA US","34.0236","-118.2911","54.6","2025-08-01","1.79","0.00",,"0.0",,"84","61","  150","  210","2.9","8.1",,,
"USW00093134","LOS ANGELES DOWNTOWN USC, CA US","34.0236","-118.2911","54.6","2025-08-02","1.79","0.00",,"0.0",,"84","60","  130","  130","4.0","6.9",,,
"USW00093134","LOS ANGELES DOWNTOWN USC, CA US","34.0236","-118.2911","54.6","2025-08-03",,"0.00",,"0.0",,"85","61","  160","  350","6.0","10.1",,,
"USW00093134","LOS ANGELES DOWNTOWN USC, CA US","34.0236","-118.2911","54.6","2025-08-04",,"0.00",,"0.0",,"85","61","   40","  140","4.9","8.9",,,
"USW00093134","LOS ANGELES DOWNTOWN USC, CA US","34.0236","-118.2911","54.6","2025-08-05",,"0.00",,,,"88","63","   10","   10","6.0","8.9",,,
"USW00093134","LOS ANGELES DOWNTOWN USC, CA US","34.0236","-118.2911","54.6","2025-08-06","1.79","0.00",,"0.0",,"91","63","  350","   30","4.0","6.9",,,
"USW00093134","LOS ANGELES DOWNTOWN USC, CA US","34.0236","-118.2911","54.6","2025-08-07","2.01","0.00",,"0.0",,"95","63","  340","   10","4.0","6.9",,,
"USW00093134","LOS ANGELES DOWNTOWN USC, CA US","34.0236","-118.2911","54.6","2025-08-08","2.01","0.00",,"0.0",,"91","63","  160","   70","4.9","10.1",,,
"USW00093134","LOS ANGELES DOWNTOWN USC, CA US","34.0236","-118.2911","54.6","2025-08-09","1.79","0.00",,"0.0",,"84","63","  150","  130","4.9","8.1",,,
"USW00093134","LOS ANGELES DOWNTOWN USC, CA US","34.0236","-118.2911","54.6","2025-08-10","2.01","0.00",,"0.0",,"87","63","  140","   50","4.9","8.1",,,
"USW00093134","LOS ANGELES DOWNTOWN USC, CA US","34.0236","-118.2911","54.6","2025-08-11","1.79","0.00",,"0.0",,"88","63","  130","   40","4.0","8.1",,,
"USW00093134","LOS ANGELES DOWNTOWN USC, CA US","34.0236","-118.2911","54.6","2025-08-12","1.34","0.00",,"0.0",,"85","63","   60","  150","4.0","6.9",,,
"USW00093134","LOS ANGELES DOWNTOWN USC, CA US","34.0236","-118.2911","54.6","2025-08-13","1.57","0.00",,"0.0",,"82","65","   90","   40","4.0","6.9",,,
"USW00093134","LOS ANGELES DOWNTOWN USC, CA US","34.0236","-118.2911","54.6","2025-08-14","1.79","0.00",,"0.0",,"81","66","  180","   10","4.9","8.1",,,
"USW00093134","LOS ANGELES DOWNTOWN USC, CA US","34.0236","-118.2911","54.6","2025-08-15","2.24","0.00",,"0.0",,"81","67","  160","   60","4.9","8.1",,,
"USW00093134","LOS ANGELES DOWNTOWN USC, CA US","34.0236","-118.2911","54.6","2025-08-16","1.79","0.00",,"0.0",,"79","65","   90","  140","4.0","8.1",,,
"USW00093134","LOS ANGELES DOWNTOWN USC, CA US","34.0236","-118.2911","54.6","2025-08-17",,"0.00",,"0.0",,"84","63","  360","   10","4.0","8.9",,,
"USW00093134","LOS ANGELES DOWNTOWN USC, CA US","34.0236","-118.2911","54.6","2025-08-18",,"0.00",,"0.0",,"85","63","  360","  360","6.0","10.1",,,
"USW00093134","LOS ANGELES DOWNTOWN USC, CA US","34.0236","-118.2911","54.6","2025-08-19",,"0.00",,"0.0",,"89","64","  360","  150","6.0","11.0",,,
"USW00093134","LOS ANGELES DOWNTOWN USC, CA US","34.0236","-118.2911","54.6","2025-08-20",,"0.00",,"0.0",,"91","64","  350","  360","4.9","11.0",,,
"USW00093134","LOS ANGELES DOWNTOWN USC, CA US","34.0236","-118.2911","54.6","2025-08-21","1.79","0.00",,"0.0",,"95","67","  130","   10","4.0","6.9",,,
"USW00093134","LOS ANGELES DOWNTOWN USC, CA US","34.0236","-118.2911","54.6","2025-08-22","2.01","0.00",,"0.0",,"96","70","    0","    0","4.9","8.1",,,
"USW00093134","LOS ANGELES DOWNTOWN USC, CA US","34.0236","-118.2911","54.6","2025-08-23","1.57","0.00",,"0.0",,"96","69","  330","  270","4.9","6.9",,,
"USW00093134","LOS ANGELES DOWNTOWN USC, CA US","34.0236","-118.2911","54.6","2025-08-24","1.79","0.00",,"0.0",,"90","69","   30","   10","4.0","6.9",,,
"USW00093134","LOS ANGELES DOWNTOWN USC, CA US","34.0236","-118.2911","54.6","2025-08-25",,"0.00",,"0.0",,"91","67",,,,,,,
"USW00093134","LOS ANGELES DOWNTOWN USC, CA US","34.0236","-118.2911","54.6","2025-08-26",,"0.00",,"0.0",,"87",,,,,,,,
"USW00093134","LOS ANGELES DOWNTOWN USC, CA US","34.0236","-118.2911","54.6","2025-08-27",,"0.00",,"0.0",,"94","64",,,,,,,
"USW00093134","LOS ANGELES DOWNTOWN USC, CA US","34.0236","-118.2911","54.6","2025-08-28",,"0.00",,"0.0",,"89","67",,,,,,,
"USW00093134","LOS ANGELES DOWNTOWN USC, CA US","34.0236","-118.2911","54.6","2025-08-29",,"0.00",,"0.0",,,"65",,,,,,,
"USW00093134","LOS ANGELES DOWNTOWN USC, CA US","34.0236","-118.2911","54.6","2025-08-30",,"0.00",,"0.0",,"94","67",,,,,,,
"USW00093134","LOS ANGELES DOWNTOWN USC, CA US","34.0236","-118.2911","54.6","2025-08-31",,"0.00",,"0.0",,"93","67",,,,,,,
"USW00093134","LOS ANGELES DOWNTOWN USC, CA US","34.0236","-118.2911","54.6","2025-09-01","1.57","0.00",,"0.0",,"91","67","  360","   50","4.0","8.1",,,
"USW00093134","LOS ANGELES DOWNTOWN USC, CA US","34.0236","-118.2911","54.6","2025-09-02",,"0.00",,"0.0",,"99","68","  170","  150","6.9","12.1",,,
"USW00093134","LOS ANGELES DOWNTOWN USC, CA US","34.0236","-118.2911","54.6","2025-09-03",,"0.00",,"0.0",,"94","68","  360","   40","4.0","10.1",,,
"USW00093134","LOS ANGELES DOWNTOWN USC, CA US","34.0236","-118.2911","54.6","2025-09-04",,"0.00",,"0.0",,"89","66","  140","   10","4.9","10.1",,,
"USW00093134","LOS ANGELES DOWNTOWN USC, CA US","34.0236","-118.2911","54.6","2025-09-05",,"0.00",,"0.0",,"88","63","  340","   70","4.9","8.9",,,
"USW00093134","LOS ANGELES DOWNTOWN USC, CA US","34.0236","-118.2911","54.6","2025-09-06","1.34","0.00",,"0.0",,"89","63","  170","  140","4.9","10.1",,,
"USW00093134","LOS ANGELES DOWNTOWN USC, CA US","34.0236","-118.2911","54.6","2025-09-07",,"0.00",,"0.0",,"92","64","  140","   10","4.9","8.9",,,
"USW00093134","LOS ANGELES DOWNTOWN USC, CA US","34.0236","-118.2911","54.6","2025-09-08",,"0.00",,"0.0",,"88","63","  140","  140","4.9","10.1",,,
"USW00093134","LOS ANGELES DOWNTOWN USC, CA US","34.0236","-118.2911","54.6","2025-09-09",,"0.00",,"0.0",,"82","63","  120","  140","4.9","11.0",,,
"USW00093134","LOS ANGELES DOWNTOWN USC, CA US","34.0236","-118.2911","54.6","2025-09-10","1.79","0.00",,"0.0",,"80","65","   30","  140","4.0","8.1",,,
"USW00093134","LOS ANGELES DOWNTOWN USC, CA US","34.0236","-118.2911","54.6","2025-09-11","1.12","0.00",,"0.0",,"79","62","   40","   30","4.0","8.1",,,
"USW00093134","LOS ANGELES DOWNTOWN USC, CA US","34.0236","-118.2911","54.6","2025-09-12","1.34","0.00",,"0.0",,"80","62","  110","   60","4.0","8.1",,,
"USW00093134","LOS ANGELES DOWNTOWN USC, CA US","34.0236","-118.2911","54.6","2025-09-13","1.79","0.00",,"0.0",,"80","64","  350","  140","4.0","8.1",,,
"USW00093134","LOS ANGELES DOWNTOWN USC, CA US","34.0236","-118.2911","54.6","2025-09-14","1.79","0.00",,"0.0",,"83","63","  340","  360","4.0","6.9",,,
"USW00093134","LOS ANGELES DOWNTOWN USC, CA US","34.0236","-118.2911","54.6","2025-09-15",,"0.00",,"0.0",,"89","64","  130","   50","4.9","8.1",,,
"USW00093134","LOS ANGELES DOWNTOWN USC, CA US","34.0236","-118.2911","54.6","2025-09-16",,"0.00",,"0.0",,"94","63","  330","  330","4.9","12.1",,,
"USW00093134","LOS ANGELES DOWNTOWN USC, CA US","34.0236","-118.2911","54.6","2025-09-17",,"0.02",,"0.0",,"92","69","  150","  170","6.0","10.1",,,
"USW00093134","LOS ANGELES DOWNTOWN USC, CA US","34.0236","-118.2911","54.6","2025-09-18",,"0.07",,"0.0",,"84","68","  160","  330","6.9","10.1",,,
"USW00093134","LOS ANGELES DOWNTOWN USC, CA US","34.0236","-118.2911","54.6","2025-09-19",,"0.00",,"0.0",,"86","68","  350","   70","4.9","11.0",,,
"USW00093134","LOS ANGELES DOWNTOWN USC, CA US","34.0236","-118.2911","54.6","2025-09-20",,"0.00",,"0.0",,"84","65","  300","  120","6.9","11.0",,,
"USW00093134","LOS ANGELES DOWNTOWN USC, CA US","34.0236","-118.2911","54.6","2025-09-21",,"0.00",,"0.0",,"84","62","  360","  340","4.9","8.1",,,
"USW00093134","LOS ANGELES DOWNTOWN USC, CA US","34.0236","-118.2911","54.6","2025-09-22",,"0.00",,"0.0",,"88","64","  160","  100","4.9","8.1",,,
"USW00093134","LOS ANGELES DOWNTOWN USC, CA US","34.0236","-118.2911","54.6","2025-09-23","2.01","0.00",,"0.0",,"92","66","  320","   10","4.9","8.1",,,
"USW00093134","LOS ANGELES DOWNTOWN USC, CA US","34.0236","-118.2911","54.6","2025-09-24","1.57","0.00",,"0.0",,"85","67","   10","  350","4.0","6.9",,,
"USW00093134","LOS ANGELES DOWNTOWN USC, CA US","34.0236","-118.2911","54.6","2025-09-25","2.01","0.00",,"0.0",,"78","65","  120","  130","6.0","6.9",,,
"USW00093134","LOS ANGELES DOWNTOWN USC, CA US","34.0236","-118.2911","54.6","2025-09-26","2.01","0.00",,"0.0",,"73","64","  160","  160","4.0","6.9",,,
"USW00093134","LOS ANGELES DOWNTOWN USC, CA US","34.0236","-118.2911","54.6","2025-09-27","1.79","0.00",,"0.0",,"76","64","  150","    0","4.9","6.9",,,
"USW00093134","LOS ANGELES DOWNTOWN USC, CA US","34.0236","-118.2911","54.6","2025-09-28","1.79","0.00",,"0.0",,"79","65","  350","  170","4.9","6.9",,,
"USW00093134","LOS ANGELES DOWNTOWN USC, CA US","34.0236","-118.2911","54.6","2025-09-29","1.79","0.00",,"0.0",,"79","61","  110","   60","4.9","6.9",,,
"USW00093134","LOS ANGELES DOWNTOWN USC, CA US","34.0236","-118.2911","54.6","2025-09-30","1.79","0.00",,"0.0",,"78","63","  150","   80","4.9","8.1",,,
"USW00093134","LOS ANGELES DOWNTOWN USC, CA US","34.0236","-118.2911","54.6","2025-10-01","1.57","0.00",,"0.0",,"79","61","  150","  210","4.0","8.1",,,
"USW00093134","LOS ANGELES DOWNTOWN USC, CA US","34.0236","-118.2911","54.6","2025-10-02","1.57","0.00",,"0.0",,"82","60","   40","   90","2.9","8.1",,,
"USW00093134","LOS ANGELES DOWNTOWN USC, CA US","34.0236","-118.2911","54.6","2025-10-03","1.79","0.00",,"0.0",,"76","62","  340","   70","4.0","6.9",,,
"USW00093134","LOS ANGELES DOWNTOWN USC, CA US","34.0236","-118.2911","54.6","2025-10-04","1.34","0.00",,"0.0",,"77","58","   60","   70","4.0","8.1",,,
"USW00093134","LOS ANGELES DOWNTOWN USC, CA US","34.0236","-118.2911","54.6","2025-10-05","1.79","0.00",,"0.0",,"81","56","  120","   20","4.0","8.1",,,
"USW00093134","LOS ANGELES DOWNTOWN USC, CA US","34.0236","-118.2911","54.6","2025-10-06","1.79","0.00",,"0.0",,"78","58","  150","  180","4.9","6.9",,,
"USW00093134","LOS ANGELES DOWNTOWN USC, CA US","34.0236","-118.2911","54.6","2025-10-07","2.46","0.00",,"0.0",,"77","60","  360","  350","6.0","8.1",,,
"USW00093134","LOS ANGELES DOWNTOWN USC, CA US","34.0236","-118.2911","54.6","2025-10-08",,"0.00",,"0.0",,"76","58","  360","  140","6.0","8.1",,,
"USW00093134","LOS ANGELES DOWNTOWN USC, CA US","34.0236","-118.2911","54.6","2025-10-09",,"0.00",,"0.0",,"81","57","  150","  130","4.9","8.9",,,
"USW00093134","LOS ANGELES DOWNTOWN USC, CA US","34.0236","-118.2911","54.6","2025-10-10",,"0.00",,"0.0",,"88","62","  330","  340","4.9","10.1",,,
"USW00093134","LOS ANGELES DOWNTOWN USC, CA US","34.0236","-118.2911","54.6","2025-10-11",,"0.00",,"0.0",,"80","59","  170","  170","6.9","11.0",,,
"USW00093134","LOS ANGELES DOWNTOWN USC, CA US","34.0236","-118.2911","54.6","2025-10-12",,"0.00",,"0.0",,"79","56","  360","  170","4.9","8.1",,,
"USW00093134","LOS ANGELES DOWNTOWN USC, CA US","34.0236","-118.2911","54.6","2025-10-13",,"0.03",,"0.0",,"73","59","  150","  150","8.9","15.0",,,
"USW00093134","LOS ANGELES DOWNTOWN USC, CA US","34.0236","-118.2911","54.6","2025-10-14",,"1.38",,"0.0",,"62","54","  160","  150","8.9","14.1",,,
"USW00093134","LOS ANGELES DOWNTOWN USC, CA US","34.0236","-118.2911","54.6","2025-10-15",,"0.00",,"0.0",,"70","52","  150","   30","4.9","12.1",,,
"USW00093134","LOS ANGELES DOWNTOWN USC, CA US","34.0236","-118.2911","54.6","2025-10-16","2.24","0.00",,"0.0",,"79","51","  140","  330","4.0","6.0",,,
"USW00093134","LOS ANGELES DOWNTOWN USC, CA US","34.0236","-118.2911","54.6","2025-10-17","2.24","0.00",,"0.0",,"83","54","  340","  120","6.0","8.1",,,
"USW00093134","LOS ANGELES DOWNTOWN USC, CA US","34.0236","-118.2911","54.6","2025-10-18","2.01","0.00",,"0.0",,"88","55","  340","  350","4.9","8.1",,,
"USW00093134","LOS ANGELES DOWNTOWN USC, CA US","34.0236","-118.2911","54.6","2025-10-19","2.24","0.00",,"0.0",,"85","58","   10","  180","4.9","6.9",,,
"USW00093134","LOS ANGELES DOWNTOWN USC, CA US","34.0236","-118.2911","54.6","2025-10-20","1.79","0.00",,"0.0",,"85","56","  330","  320","4.0","6.0",,,
"USW00093134","LOS ANGELES DOWNTOWN USC, CA US","34.0236","-118.2911","54.6","2025-10-21","2.01","0.00",,"0.0",,"84","57","  320","  150","4.0","8.1",,,
"USW00093134","LOS ANGELES DOWNTOWN USC, CA US","34.0236","-118.2911","54.6","2025-10-22","1.57","0.00",,"0.0",,"74","58","   70","   80","4.0","8.1",,,
"USW00093134","LOS ANGELES DOWNTOWN USC, CA US","34.0236","-118.2911","54.6","2025-10-23","1.34","0.00",,"0.0",,"75","56","   50","  180","2.9","6.9",,,
"USW00093134","LOS ANGELES DOWNTOWN USC, CA US","34.0236","-118.2911","54.6","2025-10-24","1.57","0.00",,"0.0",,"81","56","  350","  140","4.9","6.9",,,
"USW00093134","LOS ANGELES DOWNTOWN USC, CA US","34.0236","-118.2911","54.6","2025-10-25","1.34","0.00",,"0.0",,"73","56","  340","    0","4.9","6.9",,,
"USW00093134","LOS ANGELES DOWNTOWN USC, CA US","34.0236","-118.2911","54.6","2025-10-26","1.34","0.00",,"0.0",,"72","56","  170","   60","4.0","8.1",,,
"USW00093134","LOS ANGELES DOWNTOWN USC, CA US","34.0236","-118.2911","54.6","2025-10-27","1.34","0.00",,"0.0",,"76","56","  330","  130","2.0","6.9",,,
"USW00093134","LOS ANGELES DOWNTOWN USC, CA US","34.0236","-118.2911","54.6","2025-10-28","1.57","0.00",,"0.0",,"97","57","  330","    0","4.9","6.9",,,
"USW00093134","LOS ANGELES DOWNTOWN USC, CA US","34.0236","-118.2911","54.6","2025-10-29","2.24","0.00",,"0.0",,"97","61","  330","  330","4.9","6.9",,,
"USW00093134","LOS ANGELES DOWNTOWN USC, CA US","34.0236","-118.2911","54.6","2025-10-30","1.79","0.00",,"0.0",,"90","60","  150","  150","4.0","6.9",,,
"USW00093134","LOS ANGELES DOWNTOWN USC, CA US","34.0236","-118.2911","54.6","2025-10-31","1.57","0.00",,"0.0",,"80","60","  320","  180","4.0","6.9",,,
"USW00093134","LOS ANGELES DOWNTOWN USC, CA US","34.0236","-118.2911","54.6","2025-11-01","1.57","0.00",,"0.0",,"76","56","  360","  360","4.0","6.9",,,
"USW00093134","LOS ANGELES DOWNTOWN USC, CA US","34.0236","-118.2911","54.6","2025-11-02","1.57","0.00",,"0.0",,"76","56","  340","  170","4.9","8.9",,,
"USW00093134","LOS ANGELES DOWNTOWN USC, CA US","34.0236","-118.2911","54.6","2025-11-03",,"0.00",,"0.0",,"76","55","  340","  290","4.0","6.9",,,
"USW00093134","LOS ANGELES DOWNTOWN USC, CA US","34.0236","-118.2911","54.6","2025-11-04",,"0.00",,"0.0",,"74","55","  350","  130","4.0","6.9",,,
"USW00093134","LOS ANGELES DOWNTOWN USC, CA US","34.0236","-118.2911","54.6","2025-11-05",,"0.00",,"0.0",,"70","54","  360","  180","4.9","8.9",,,
"USW00093134","LOS ANGELES DOWNTOWN USC, CA US","34.0236","-118.2911","54.6","2025-11-06",,"0.00",,"0.0",,"75","53","   90","  340","4.9","8.9",,,
"USW00093134","LOS ANGELES DOWNTOWN USC, CA US","34.0236","-118.2911","54.6","2025-11-07",,"0.00",,"0.0",,"80","55","  350","  340","4.9","8.9",,,
"USW00093134","LOS ANGELES DOWNTOWN USC, CA US","34.0236","-118.2911","54.6","2025-11-08",,"0.00",,"0.0",,"83","56","  150","  340","4.9","8.1",,,
"USW00093134","LOS ANGELES DOWNTOWN USC, CA US","34.0236","-118.2911","54.6","2025-11-09","1.34","0.00",,"0.0",,"88","57","  340","  320","6.0","10.1",,,
"USW00093134","LOS ANGELES DOWNTOWN USC, CA US","34.0236","-118.2911","54.6","2025-11-10","2.01","0.00",,"0.0",,"92","55","  350","  330","6.0","10.1",,,
"USW00093134","LOS ANGELES DOWNTOWN USC, CA US","34.0236","-118.2911","54.6","2025-11-11","1.79","0.00",,"0.0",,"80","55","  350","  350","4.0","6.9",,,
"USW00093134","LOS ANGELES DOWNTOWN USC, CA US","34.0236","-118.2911","54.6","2025-11-12","1.79","0.00",,"0.0",,"73","58","  340","  350","4.0","6.0",,,
"USW00093134","LOS ANGELES DOWNTOWN USC, CA US","34.0236","-118.2911","54.6","2025-11-13","1.79","0.00",,"0.0",,"75","59","  160","  160","6.0","8.9",,,
"USW00093134","LOS ANGELES DOWNTOWN USC, CA US","34.0236","-118.2911","54.6","2025-11-14",,"0.83",,"0.0",,"65","60","  150","  120","6.0","10.1",,,
"USW00093134","LOS ANGELES DOWNTOWN USC, CA US","34.0236","-118.2911","54.6","2025-11-15",,"1.65",,"0.0",,"63","57","  150","  150","6.9","12.1",,,
"USW00093134","LOS ANGELES DOWNTOWN USC, CA US","34.0236","-118.2911","54.6","2025-11-16",,"0.25",,"0.0",,"63","55","  330","  330","4.0","6.9",,,
"USW00093134","LOS ANGELES DOWNTOWN USC, CA US","34.0236","-118.2911","54.6","2025-11-17","2.24","0.74",,"0.0",,"64","50","  350","  350","8.1","12.1",,,
"USW00093134","LOS ANGELES DOWNTOWN USC, CA US","34.0236","-118.2911","54.6","2025-11-18",,"0.01",,"0.0",,"62","48","  350","  150","4.9","6.9",,,
"USW00093134","LOS ANGELES DOWNTOWN USC, CA US","34.0236","-118.2911","54.6","2025-11-19",,"0.00",,"0.0",,"65","46","   20","   20","4.9","8.1",,,
"USW00093134","LOS ANGELES DOWNTOWN USC, CA US","34.0236","-118.2911","54.6","2025-11-20","2.24","0.94",,"0.0",,"62","48","  180","  130","4.9","12.1",,,
"USW00093134","LOS ANGELES DOWNTOWN USC, CA US","34.0236","-118.2911","54.6","2025-11-21",,"1.11",,"0.0",,"66","51","  170","  160","6.9","16.1",,,
"USW00093134","LOS ANGELES DOWNTOWN USC, CA US","34.0236","-118.2911","54.6","2025-11-22","2.01","0.00",,"0.0",,"71","47","  350","  350","6.0","6.9",,,
"USW00093134","LOS ANGELES DOWNTOWN USC, CA US","34.0236","-118.2911","54.6","2025-11-23","1.79","0.00",,"0.0",,"71","49","  170","  170","4.0","8.1",,,
"USW00093134","LOS ANGELES DOWNTOWN USC, CA US","34.0236","-118.2911","54.6","2025-11-24","1.34","0.00",,"0.0",,"71","49","  330","  140","4.0","6.0",,,
"USW00093134","LOS ANGELES DOWNTOWN USC, CA US","34.0236","-118.2911","54.6","2025-11-25","2.24","0.00",,"0.0",,"80","51","  350","  350","6.0","8.1",,,
"USW00093134","LOS ANGELES DOWNTOWN USC, CA US","34.0236","-118.2911","54.6","2025-11-26","2.24","0.00",,"0.0",,"82","54","  340","  300","6.0","6.9",,,
"USW00093134","LOS ANGELES DOWNTOWN USC, CA US","34.0236","-118.2911","54.6","2025-11-27","1.79","0.00",,"0.0",,"83","54","  340","  160","4.0","8.1",,,
"USW00093134","LOS ANGELES DOWNTOWN USC, CA US","34.0236","-118.2911","54.6","2025-11-28","1.79","0.00",,"0.0",,"77","50","  330","  320","4.0","6.0",,,
"USW00093134","LOS ANGELES DOWNTOWN USC, CA US","34.0236","-118.2911","54.6","2025-11-29","1.79","0.00",,"0.0",,"73","49","  340","   50","4.9","6.9",,,
"USW00093134","LOS ANGELES DOWNTOWN USC, CA US","34.0236","-118.2911","54.6","2025-11-30","1.34","0.00",,"0.0",,"66","48","  340","   70","2.0","6.9",,,
"USW00093134","LOS ANGELES DOWNTOWN USC, CA US","34.0236","-118.2911","54.6","2025-12-01","2.01","0.00",,"0.0",,"74","51","  330","  310","4.0","6.9",,,
"USW00093134","LOS ANGELES DOWNTOWN USC, CA US","34.0236","-118.2911","54.6","2025-12-02","2.24","0.00",,"0.0",,"70","47","  350","  350","6.0","8.1",,,
"USW00093134","LOS ANGELES DOWNTOWN USC, CA US","34.0236","-118.2911","54.6","2025-12-03",,"0.00",,"0.0",,"69","51","  350","  350","8.1","10.1",,,
"USW00093134","LOS ANGELES DOWNTOWN USC, CA US","34.0236","-118.2911","54.6","2025-12-04",,"0.00",,"0.0",,"71","47","  340","  160","8.1","10.1",,,
"USW00093134","LOS ANGELES DOWNTOWN USC, CA US","34.0236","-118.2911","54.6","2025-12-05",,"0.00",,"0.0",,"73","47","  340","  340","6.9","8.1",,,
"USW00093134","LOS ANGELES DOWNTOWN USC, CA US","34.0236","-118.2911","54.6","2025-12-06","1.57","0.00",,"0.0",,"73","47","  350","  170","4.0","6.0",,,
"USW00093134","LOS ANGELES DOWNTOWN USC, CA US","34.0236","-118.2911","54.6","2025-12-07",,"0.00",,"0.0",,"78","49","  350","  330","4.9","6.0",,,
"USW00093134","LOS ANGELES DOWNTOWN USC, CA US","34.0236","-118.2911","54.6","2025-12-08","2.01","0.00",,"0.0",,"82","51","  340","  340","4.9","6.0",,,
"USW00093134","LOS ANGELES DOWNTOWN USC, CA US","34.0236","-118.2911","54.6","2025-12-09","2.46","0.00",,"0.0",,"84","59","  350","  350","6.0","6.9",,,
"USW00093134","LOS ANGELES DOWNTOWN USC, CA US","34.0236","-118.2911","54.6","2025-12-10","1.79","0.00",,"0.0",,"86","54","  330","  160","4.0","6.9",,,
"USW00093134","LOS ANGELES DOWNTOWN USC, CA US","34.0236","-118.2911","54.6","2025-12-11","1.79","0.00",,"0.0",,"84","54","  350","  350","6.0","6.9",,,
"USW00093134","LOS ANGELES DOWNTOWN USC, CA US","34.0236","-118.2911","54.6","2025-12-12","1.79","0.00",,"0.0",,"80","52","  340","  320","2.9","6.9",,,
"USW00093134","LOS ANGELES DOWNTOWN USC, CA US","34.0236","-118.2911","54.6","2025-12-13","1.57","0.00",,"0.0",,"71","53","  140","  140","4.0","6.9",,,
"USW00093134","LOS ANGELES DOWNTOWN USC, CA US","34.0236","-118.2911","54.6","2025-12-14","1.34","0.00",,"0.0",,"73","52","  350","  300","4.0","6.9",,,
"USW00093134","LOS ANGELES DOWNTOWN USC, CA US","34.0236","-118.2911","54.6","2025-12-15",,"0.00",,"0.0",,"73","47","  340","  330","4.0","6.9",,,
"USW00093134","LOS ANGELES DOWNTOWN USC, CA US","34.0236","-118.2911","54.6","2025-12-16",,"0.00",,"0.0",,"72","47","  330","  160","4.9","6.9",,,
"USW00093134","LOS ANGELES DOWNTOWN USC, CA US","34.0236","-118.2911","54.6","2025-12-17",,"0.00",,"0.0",,"68","54","  340","  340","6.0","10.1",,,
"USW00093134","LOS ANGELES DOWNTOWN USC, CA US","34.0236","-118.2911","54.6","2025-12-18",,"0.00",,"0.0",,"79","51","  340","  340","4.0","6.9",,,
"USW00093134","LOS ANGELES DOWNTOWN USC, CA US","34.0236","-118.2911","54.6","2025-12-19","1.57","0.00",,"0.0",,"75","51","  160","  330","4.0","6.0",,,
"USW00093134","LOS ANGELES DOWNTOWN USC, CA US","34.0236","-118.2911","54.6","2025-12-20","0.89","0.00",,"0.0",,"67","52","  340","  350","2.0","6.9",,,
"USW00093134","LOS ANGELES DOWNTOWN USC, CA US","34.0236","-118.2911","54.6","2025-12-21","2.24","0.00",,"0.0",,"72","50","  350","  340","4.9","6.9",,,
"USW00093134","LOS ANGELES DOWNTOWN USC, CA US","34.0236","-118.2911","54.6","2025-12-22","1.12","0.00",,"0.0",,"71","50","  350","  340","2.9","6.0",,,
"USW00093134","LOS ANGELES DOWNTOWN USC, CA US","34.0236","-118.2911","54.6","2025-12-23","2.24","0.08",,"0.0",,"63","56","  160","  150","4.9","8.1",,,
"USW00093134","LOS ANGELES DOWNTOWN USC, CA US","34.0236","-118.2911","54.6","2025-12-24","2.91","2.58",,"0.0",,"62","55","  140","  160","8.1","14.1",,,
"USW00093134","LOS ANGELES DOWNTOWN USC, CA US","34.0236","-118.2911","54.6","2025-12-25","2.91","0.26",,"0.0",,"66","57","  170","  160","6.0","8.1",,,
"USW00093134","LOS ANGELES DOWNTOWN USC, CA US","34.0236","-118.2911","54.6","2025-12-26","1.34","1.35",,"0.0",,"60","50","  210","  340","4.0","13.0",,,
"USW00093134","LOS ANGELES DOWNTOWN USC, CA US","34.0236","-118.2911","54.6","2025-12-27","1.79","0.00",,"0.0",,"63","44","  340","    0","2.9","6.9",,,
"USW00093134","LOS ANGELES DOWNTOWN USC, CA US","34.0236","-118.2911","54.6","2025-12-28",,"0.00",,"0.0",,"70","43","  340","  350","6.9","10.1",,,
"USW00093134","LOS ANGELES DOWNTOWN USC, CA US","34.0236","-118.2911","54.6","2025-12-29",,"0.00",,"0.0",,"74","43","  350","  340","6.0","8.1",,,
"USW00093134","LOS ANGELES DOWNTOWN USC, CA US","34.0236","-118.2911","54.6","2025-12-30",,"0.00",,"0.0",,"72","56","  340","  350","6.9","10.1",,,
"USW00093134","LOS ANGELES DOWNTOWN USC, CA US","34.0236","-118.2911","54.6","2025-12-31",,"0.43",,"0.0",,"68","55","  340","  340","8.1","12.1",,,
"USW00093134","LOS ANGELES DOWNTOWN USC, CA US","34.0236","-118.2911","54.6","2026-01-01","1.79","1.31",,"0.0",,"68","53","  160","  180","4.0","8.1",,,
"USW00093134","LOS ANGELES DOWNTOWN USC, CA US","34.0236","-118.2911","54.6","2026-01-02",,"0.30",,"0.0",,"66","53","  340","  350","6.0","8.9",,,
"USW00093134","LOS ANGELES DOWNTOWN USC, CA US","34.0236","-118.2911","54.6","2026-01-03","1.79","0.54",,"0.0",,"63","55","  150","  150","4.9","13.0",,,
"USW00093134","LOS ANGELES DOWNTOWN USC, CA US","34.0236","-118.2911","54.6","2026-01-04","1.34","0.32",,"0.0",,"60","54","  350","    0","4.0","6.9",,,
"USW00093134","LOS ANGELES DOWNTOWN USC, CA US","34.0236","-118.2911","54.6","2026-01-05","1.57","0.00",,"0.0",,"65","50","  350","   90","4.0","6.0",,,
"USW00093134","LOS ANGELES DOWNTOWN USC, CA US","34.0236","-118.2911","54.6","2026-01-06",,"0.00",,"0.0",,"66","52","  350","  350","4.9","6.0",,,
"USW00093134","LOS ANGELES DOWNTOWN USC, CA US","34.0236","-118.2911","54.6","2026-01-07",,"0.00",,"0.0",,"68","49","  340","  340","8.9","15.0",,,
"USW00093134","LOS ANGELES DOWNTOWN USC, CA US","34.0236","-118.2911","54.6","2026-01-08",,"0.00",,"0.0",,"63","44","  340","  340","11.0","19.0",,,
"USW00093134","LOS ANGELES DOWNTOWN USC, CA US","34.0236","-118.2911","54.6","2026-01-09",,"0.00",,"0.0",,"65","40","  350","   90","6.0","8.9",,,
"USW00093134","LOS ANGELES DOWNTOWN USC, CA US","34.0236","-118.2911","54.6","2026-01-10","2.01","0.00",,"0.0",,"72","40","  350","  340","4.9","6.9",,,
"USW00093134","LOS ANGELES DOWNTOWN USC, CA US","34.0236","-118.2911","54.6","2026-01-11","2.68","0.00",,"0.0",,"77","43","  350","  350","6.9","6.9",,,
"USW00093134","LOS ANGELES DOWNTOWN USC, CA US","34.0236","-118.2911","54.6","2026-01-12",,"0.00",,"0.0",,"76","45","  350","  350","6.9","8.1",,,
"USW00093134","LOS ANGELES DOWNTOWN USC, CA US","34.0236","-118.2911","54.6","2026-01-13","2.24","0.00",,"0.0",,"81","48","  330","  330","4.9","6.9",,,
"USW00093134","LOS ANGELES DOWNTOWN USC, CA US","34.0236","-118.2911","54.6","2026-01-14","1.79","0.00",,"0.0",,"83","51","  350","  340","4.0","6.9",,,
"USW00093134","LOS ANGELES DOWNTOWN USC, CA US","34.0236","-118.2911","54.6","2026-01-15","2.01","0.00",,"0.0",,"84","54","  330","  340","4.9","8.1",,,
"USW00093134","LOS ANGELES DOWNTOWN USC, CA US","34.0236","-118.2911","54.6","2026-01-16","1.79","0.00",,"0.0",,"83","50","  340","  340","6.0","6.9",,,
"USW00093134","LOS ANGELES DOWNTOWN USC, CA US","34.0236","-118.2911","54.6","2026-01-17","2.01","0.00",,"0.0",,"83","50","  330","    0","2.9","6.9",,,
"USW00093134","LOS ANGELES DOWNTOWN USC, CA US","34.0236","-118.2911","54.6","2026-01-18","2.46","0.00",,"0.0",,"82","54","  340","  350","4.9","6.9",,,
"USW00093134","LOS ANGELES DOWNTOWN USC, CA US","34.0236","-118.2911","54.6","2026-01-19","1.79","0.00",,"0.0",,"79","49","  330","  160","4.0","6.0",,,
"USW00093134","LOS ANGELES DOWNTOWN USC, CA US","34.0236","-118.2911","54.6","2026-01-20","1.79","0.00",,"0.0",,"82","50","  330","  330","4.9","6.9",,,
"USW00093134","LOS ANGELES DOWNTOWN USC, CA US","34.0236","-118.2911","54.6","2026-01-21","1.12","0.00",,"0.0",,"69","52","  310","    0","4.0","8.1",,,
"USW00093134","LOS ANGELES DOWNTOWN USC, CA US","34.0236","-118.2911","54.6","2026-01-22","1.79","0.00",,"0.0",,"64","54","  340","  360","4.9","8.1",,,
"USW00093134","LOS ANGELES DOWNTOWN USC, CA US","34.0236","-118.2911","54.6","2026-01-23","1.34","0.00",,"0.0",,"67","51","   20","  350","2.9","6.0",,,
"USW00093134","LOS ANGELES DOWNTOWN USC, CA US","34.0236","-118.2911","54.6","2026-01-24","1.12","0.00",,"0.0",,"66","48","  340","  210","2.0","6.9",,,
"USW00093134","LOS ANGELES DOWNTOWN USC, CA US","34.0236","-118.2911","54.6","2026-01-25","1.79","0.00",,"0.0",,"71","43","   20","  110","4.0","6.9",,,
"USW00093134","LOS ANGELES DOWNTOWN USC, CA US","34.0236","-118.2911","54.6","2026-01-26","2.01","0.00",,"0.0",,"75","50","  170","  170","4.9","8.1",,,
"USW00093134","LOS ANGELES DOWNTOWN USC, CA US","34.0236","-118.2911","54.6","2026-01-27",,"0.00",,"0.0",,"77","48","  330","  340","6.0","10.1",,,
"USW00093134","LOS ANGELES DOWNTOWN USC, CA US","34.0236","-118.2911","54.6","2026-01-28",,"0.00",,"0.0",,"76","50","  340","  340","4.9","6.0",,,
"USW00093134","LOS ANGELES DOWNTOWN USC, CA US","34.0236","-118.2911","54.6","2026-01-29",,"0.00",,"0.0",,"82","48","  340","  350","6.9","10.1",,,
"USW00093134","LOS ANGELES DOWNTOWN USC, CA US","34.0236","-118.2911","54.6","2026-01-30","2.46","0.00",,"0.0",,"85","52","  350","  140","6.0","6.9",,,
"USW00093134","LOS ANGELES DOWNTOWN USC, CA US","34.0236","-118.2911","54.6","2026-01-31","2.24","0.00",,"0.0",,"86","55","  340","  340","6.9","8.1",,,
"USW00093134","LOS ANGELES DOWNTOWN USC, CA US","34.0236","-118.2911","54.6","2026-02-01","2.46","0.00",,"0.0",,"86","54","  360","  320","4.9","8.1",,,
"USW00093134","LOS ANGELES DOWNTOWN USC, CA US","34.0236","-118.2911","54.6","2026-02-02","1.79","0.00",,"0.0",,"79","52","  160","    0","4.0","6.9",,,
"USW00093134","LOS ANGELES DOWNTOWN USC, CA US","34.0236","-118.2911","54.6","2026-02-03",,"0.00",,"0.0",,"86","50","  330","  340","6.0","8.1",,,
"USW00093134","LOS ANGELES DOWNTOWN USC, CA US","34.0236","-118.2911","54.6","2026-02-04",,"0.00",,"0.0",,"89","54","  340","  320","8.1","10.1",,,
"USW00093134","LOS ANGELES DOWNTOWN USC, CA US","34.0236","-118.2911","54.6","2026-02-05","2.01","0.00",,"0.0",,"85","57","  340","   20","6.0","8.1",,,
"USW00093134","LOS ANGELES DOWNTOWN USC, CA US","34.0236","-118.2911","54.6","2026-02-06","1.57","0.00",,"0.0",,"72","57","  170","  150","4.0","6.9",,,
"USW00093134","LOS ANGELES DOWNTOWN USC, CA US","34.0236","-118.2911","54.6","2026-02-07",,"0.00",,,,"77","52","  340","  340","4.9","10.1",,,
"USW00093134","LOS ANGELES DOWNTOWN USC, CA US","34.0236","-118.2911","54.6","2026-02-08",,"0.00",,,,"86","57","  340","  340","6.9","10.1",,,
"USW00093134","LOS ANGELES DOWNTOWN USC, CA US","34.0236","-118.2911","54.6","2026-02-09",,"0.00",,,,"79","57","  330","  340","6.0","6.9",,,
"USW00093134","LOS ANGELES DOWNTOWN USC, CA US","34.0236","-118.2911","54.6","2026-02-10",,"0.00",,,,"64","56",,,,,,,
"USW00093134","LOS ANGELES DOWNTOWN USC, CA US","34.0236","-118.2911","54.6","2026-02-11",,"0.75",,,,"64","55",,,,,,,
"USW00093134","LOS ANGELES DOWNTOWN USC, CA US","34.0236","-118.2911","54.6","2026-02-12",,"0.00",,"0.0",,"67","48",,,,,,,
"USW00093134","LOS ANGELES DOWNTOWN USC, CA US","34.0236","-118.2911","54.6","2026-02-13","2.01","0.00",,"0.0",,"72","45","  340","   10","4.0","6.9",,,
"USW00093134","LOS ANGELES DOWNTOWN USC, CA US","34.0236","-118.2911","54.6","2026-02-14","2.01","0.00",,"0.0",,"69","49","  340","  100","4.9","6.9",,,
"USW00093134","LOS ANGELES DOWNTOWN USC, CA US","34.0236","-118.2911","54.6","2026-02-15","1.79","0.00",,"0.0",,"64","50","  110","  130","4.0","6.9",,,
"USW00093134","LOS ANGELES DOWNTOWN USC, CA US","34.0236","-118.2911","54.6","2026-02-16","2.01","1.91",,"0.0",,"56","47","  140","  160","4.9","8.1",,,
"USW00093134","LOS ANGELES DOWNTOWN USC, CA US","34.0236","-118.2911","54.6","2026-02-17","2.01","0.30",,"0.0",,"60","45","  160","  150","6.9","8.1",,,
"USW00093134","LOS ANGELES DOWNTOWN USC, CA US","34.0236","-118.2911","54.6","2026-02-18","2.91","0.33",,"0.0",,"60","45","  340","   80","6.9","8.1",,,
"USW00093134","LOS ANGELES DOWNTOWN USC, CA US","34.0236","-118.2911","54.6","2026-02-19","2.46","0.96",,"0.0",,"57","42","  150","   90","4.9","8.1",,,
"USW00093134","LOS ANGELES DOWNTOWN USC, CA US","34.0236","-118.2911","54.6","2026-02-20","2.91","0.00",,"0.0",,"60","38","  170","    0","4.9","8.1",,,
"USW00093134","LOS ANGELES DOWNTOWN USC, CA US","34.0236","-118.2911","54.6","2026-02-21",,"0.00",,"0.0",,"71","42","  340","  340","6.9","10.1",,,
